/*
Navicat MySQL Data Transfer

Source Server         : xdd
Source Server Version : 50540
Source Host           : 101.201.100.205:3306
Source Database       : accounting_exam

Target Server Type    : MYSQL
Target Server Version : 50540
File Encoding         : 65001

Date: 2017-04-07 00:50:02
*/

SET FOREIGN_KEY_CHECKS=0;

-- ----------------------------
-- Table structure for ae_acc_cat
-- ----------------------------
DROP TABLE IF EXISTS `ae_acc_cat`;
CREATE TABLE `ae_acc_cat` (
  `acc_cat_id` int(10) unsigned NOT NULL AUTO_INCREMENT,
  `exam_cat_id` int(10) unsigned NOT NULL DEFAULT '0' COMMENT '考试类别(顶级)-id',
  `acc_cat_name` varchar(100) NOT NULL COMMENT '类名称',
  `keywords` varchar(200) NOT NULL COMMENT '关键词',
  `description` varchar(1000) NOT NULL COMMENT '描述',
  `ori_price` int(10) unsigned NOT NULL DEFAULT '0' COMMENT '原来价格',
  `cur_price` int(10) unsigned NOT NULL DEFAULT '0' COMMENT '现价格（也就是要付款的价格）',
  `start_time` int(11) unsigned NOT NULL DEFAULT '0' COMMENT '开始时间（可购买的开始时间）',
  `end_time` int(11) unsigned NOT NULL DEFAULT '0' COMMENT '结束时间（可购买的结束时间）',
  `create_time` int(11) unsigned NOT NULL DEFAULT '0' COMMENT '创建时间',
  `is_del` tinyint(1) unsigned NOT NULL DEFAULT '0' COMMENT '是否删除  0否  1是',
  PRIMARY KEY (`acc_cat_id`)
) ENGINE=InnoDB AUTO_INCREMENT=33 DEFAULT CHARSET=utf8 COMMENT='会计--考试科目类(试卷类/课程)（顶级类的下级）';

-- ----------------------------
-- Records of ae_acc_cat
-- ----------------------------
INSERT INTO `ae_acc_cat` VALUES ('1', '4', '会计基础', 'dasdsad', '会计基础--描述', '3', '5', '1958400', '2476800', '1486539057', '0');
INSERT INTO `ae_acc_cat` VALUES ('2', '1', '会计电算化', '会计电算化--关键词', '会计电算化--描述', '0', '0', '0', '0', '1486539057', '0');
INSERT INTO `ae_acc_cat` VALUES ('3', '1', '财经法规与会计职业道德', '财经法规与会计职业道德--关键词', '财经法规与会计职业道德--描述', '0', '0', '0', '0', '1486539057', '0');
INSERT INTO `ae_acc_cat` VALUES ('4', '2', '经济法基础', '经济法基础--关键词', '经济法基础--描述', '0', '0', '0', '0', '1486539057', '0');
INSERT INTO `ae_acc_cat` VALUES ('5', '2', '初级会计实务', '初级会计实务--关键词', '初级会计实务--描述', '0', '45', '0', '0', '1486539057', '0');
INSERT INTO `ae_acc_cat` VALUES ('6', '3', '中级经济法', '中级经济法--关键词', '中级经济法--描述', '0', '0', '0', '0', '1486539057', '0');
INSERT INTO `ae_acc_cat` VALUES ('7', '3', '财务管理', '财务管理--关键词', '财务管理--描述', '0', '0', '0', '0', '1486539057', '0');
INSERT INTO `ae_acc_cat` VALUES ('8', '3', '中级会计实务', '中级会计实务--关键词', '中级会计实务--描述', '0', '0', '0', '0', '1486539057', '0');
INSERT INTO `ae_acc_cat` VALUES ('9', '4', '会计', '会计--关键词', '会计--描述', '0', '0', '0', '0', '1486539057', '0');
INSERT INTO `ae_acc_cat` VALUES ('10', '4', '审计', '审计--关键词', '审计--描述', '0', '0', '0', '0', '1486539057', '0');
INSERT INTO `ae_acc_cat` VALUES ('11', '4', '经济法', '经济法--关键词', '经济法--描述', '0', '0', '0', '0', '1486539057', '0');
INSERT INTO `ae_acc_cat` VALUES ('12', '4', '税法', '税法--关键词', '税法--描述', '0', '0', '0', '0', '1486539057', '0');
INSERT INTO `ae_acc_cat` VALUES ('13', '4', '财务成本管理', '财务成本管理--关键词', '财务成本管理--描述', '0', '0', '0', '0', '1486539057', '0');
INSERT INTO `ae_acc_cat` VALUES ('14', '4', '公司战略与风险管理', '公司战略与风险管理--关键词', '公司战略与风险管理--描述', '0', '0', '0', '0', '1486539057', '0');
INSERT INTO `ae_acc_cat` VALUES ('15', '4', '综合阶段', '综合阶段--关键词', '综合阶段--描述', '0', '0', '0', '0', '1486539057', '0');
INSERT INTO `ae_acc_cat` VALUES ('16', '5', '法规与综合能力', '法规与综合能力--关键词', '法规与综合能力--描述', '0', '0', '0', '0', '1486539057', '0');
INSERT INTO `ae_acc_cat` VALUES ('17', '5', '银行管理', '银行管理--关键词', '银行管理--描述', '0', '0', '0', '0', '1486539057', '0');
INSERT INTO `ae_acc_cat` VALUES ('18', '5', '个人理财', '个人理财--关键词', '个人理财--描述', '0', '0', '0', '0', '1486539057', '0');
INSERT INTO `ae_acc_cat` VALUES ('19', '5', '风险管理', '风险管理--关键词', '风险管理--描述', '0', '0', '0', '0', '1486539057', '0');
INSERT INTO `ae_acc_cat` VALUES ('20', '5', '公司信贷', '公司信贷--关键词', '公司信贷--描述', '0', '0', '0', '0', '1486539057', '0');
INSERT INTO `ae_acc_cat` VALUES ('21', '5', '个人贷款', '个人贷款--关键词', '个人贷款--描述', '0', '0', '0', '0', '1486539057', '0');
INSERT INTO `ae_acc_cat` VALUES ('22', '6', '税法一', '税法一--关键词', '税法一--描述', '0', '0', '0', '0', '1486539057', '0');
INSERT INTO `ae_acc_cat` VALUES ('23', '6', '税法二', '税法二--关键词', '税法二--描述', '0', '0', '0', '0', '1486539057', '0');
INSERT INTO `ae_acc_cat` VALUES ('24', '6', '财务与会计', '财务与会计--关键词', '财务与会计--描述', '0', '0', '0', '0', '1486539057', '0');
INSERT INTO `ae_acc_cat` VALUES ('25', '6', '涉税服务相关法律', '涉税服务相关法律--关键词', '涉税服务相关法律--描述', '0', '0', '0', '0', '1486539057', '0');
INSERT INTO `ae_acc_cat` VALUES ('26', '6', '涉税服务实务', '涉税服务实务--关键词', '涉税服务实务--描述', '0', '0', '0', '0', '1486539057', '0');
INSERT INTO `ae_acc_cat` VALUES ('32', '1', '会计基础', '', '', '300', '300', '1488038400', '1493481600', '1487577497', '0');

-- ----------------------------
-- Table structure for ae_admin
-- ----------------------------
DROP TABLE IF EXISTS `ae_admin`;
CREATE TABLE `ae_admin` (
  `userid` int(20) unsigned NOT NULL AUTO_INCREMENT,
  `username` varchar(20) DEFAULT NULL COMMENT '登录名',
  `password` varchar(32) DEFAULT NULL COMMENT '登录密码',
  `roleid` smallint(5) DEFAULT '0' COMMENT '角色',
  `encrypt` varchar(6) DEFAULT NULL COMMENT '加密字串',
  `lastloginip` varchar(15) DEFAULT NULL COMMENT '最后一次登录IP',
  `lastlogintime` int(10) unsigned DEFAULT '0' COMMENT '最后一次登录时间',
  `email` varchar(40) DEFAULT NULL COMMENT '邮件',
  `realname` varchar(50) DEFAULT '' COMMENT '真实姓名',
  `tel` varchar(11) DEFAULT NULL COMMENT '真实电话',
  `e_id` int(20) DEFAULT NULL COMMENT '企业ID',
  `department_id` int(10) DEFAULT NULL COMMENT '部门ID',
  `ins_total` int(20) DEFAULT '0' COMMENT '已提交保单数量',
  `is_del` int(1) DEFAULT NULL,
  `create_id` int(20) DEFAULT NULL,
  `create_time` int(11) DEFAULT NULL,
  `up_id` int(20) DEFAULT NULL,
  `up_time` int(11) DEFAULT NULL,
  PRIMARY KEY (`userid`),
  KEY `username` (`username`)
) ENGINE=MyISAM AUTO_INCREMENT=31 DEFAULT CHARSET=utf8;

-- ----------------------------
-- Records of ae_admin
-- ----------------------------
INSERT INTO `ae_admin` VALUES ('1', 'admin', '582960a5d4deac0a8c9f794c2375460c', '2', 'haUGvk', '39.155.185.10', '1491386404', 'admin@admin.com', '系统管理员', '1234567', '1', '1', '0', '1', '1', '1437362452', '1', '1484190661');
INSERT INTO `ae_admin` VALUES ('30', 'liuchao', '704e92dfc0dc73d461515f0bdeb0e918', '4', 'vbwXyA', '39.155.185.12', '1484461505', '', 'liuchao', '15801046988', null, null, '0', '1', '1', '1484126962', '30', '1484461271');

-- ----------------------------
-- Table structure for ae_admin_auth
-- ----------------------------
DROP TABLE IF EXISTS `ae_admin_auth`;
CREATE TABLE `ae_admin_auth` (
  `id` tinyint(10) NOT NULL AUTO_INCREMENT,
  `parent_id` tinyint(10) DEFAULT '0' COMMENT '父节点ID',
  `name` varchar(255) DEFAULT NULL COMMENT '菜单名称',
  `menu_no` varchar(255) DEFAULT NULL COMMENT '菜单编码',
  `url` varchar(512) DEFAULT NULL COMMENT '菜单地址',
  `create_time` int(11) DEFAULT NULL,
  `is_left_view` int(1) DEFAULT NULL COMMENT '是否在左侧菜单栏显示菜单0是1否',
  `up_time` int(11) DEFAULT NULL,
  `create_id` int(20) DEFAULT NULL,
  `up_id` int(20) DEFAULT NULL,
  `is_wxmenu` int(20) DEFAULT '1' COMMENT '是否能够成为微信菜单0是1否',
  `order` int(5) DEFAULT NULL,
  `is_del` int(1) unsigned DEFAULT '0',
  PRIMARY KEY (`id`)
) ENGINE=InnoDB AUTO_INCREMENT=76 DEFAULT CHARSET=utf8;

-- ----------------------------
-- Records of ae_admin_auth
-- ----------------------------
INSERT INTO `ae_admin_auth` VALUES ('57', '0', '菜单模块', null, null, '1484194573', null, null, '1', null, '1', '5', '0');
INSERT INTO `ae_admin_auth` VALUES ('58', '57', '菜单列表', 'menu_list', '', '1484130956', null, '1484131479', '1', '1', '1', '8', '0');
INSERT INTO `ae_admin_auth` VALUES ('59', '57', '菜单删除', 'menu_del', '', '1484131316', null, null, '1', null, '1', '6', '0');
INSERT INTO `ae_admin_auth` VALUES ('61', '0', '登录权限', 'login', null, '1484134498', null, null, '1', null, '1', '6', '0');
INSERT INTO `ae_admin_auth` VALUES ('62', '61', '首页访问', 'index', null, '1484134817', null, null, '1', null, '1', '5', '0');
INSERT INTO `ae_admin_auth` VALUES ('63', '57', '菜单编辑', 'menu_edit', null, '1484190455', null, null, '1', null, '1', '5', '0');
INSERT INTO `ae_admin_auth` VALUES ('64', '57', '添加菜单', 'menu_add', null, '1484190850', null, null, '1', null, '1', '7', '0');
INSERT INTO `ae_admin_auth` VALUES ('65', '0', '账户管理', '', null, '1484193937', null, '1484194126', '1', '1', '1', '0', '0');
INSERT INTO `ae_admin_auth` VALUES ('66', '65', '添加账户', 'admin_addl', null, '1484193974', null, null, '1', null, '1', '5', '0');
INSERT INTO `ae_admin_auth` VALUES ('67', '65', '删除账户', 'admin_del', null, '1484194003', null, null, '1', null, '1', '7', '0');
INSERT INTO `ae_admin_auth` VALUES ('68', '65', '编辑账户', 'admin_edit', null, '1484194110', null, null, '1', null, '1', '5', '0');
INSERT INTO `ae_admin_auth` VALUES ('69', '0', '角色模块', '', null, '1484194258', null, null, '1', null, '1', '4', '0');
INSERT INTO `ae_admin_auth` VALUES ('70', '65', '账户列表', 'admin_list', null, '1484194353', null, null, '1', null, '1', '4', '0');
INSERT INTO `ae_admin_auth` VALUES ('71', '69', '角色列表', 'role_list', null, '1484194387', null, '1484194405', '1', '1', '1', '5', '0');
INSERT INTO `ae_admin_auth` VALUES ('72', '69', '添加角色', 'role_add', null, '1484194443', null, null, '1', null, '1', '5', '0');
INSERT INTO `ae_admin_auth` VALUES ('73', '69', '编辑角色', 'role_edit', null, '1484194518', null, null, '1', null, '1', '5', '0');
INSERT INTO `ae_admin_auth` VALUES ('74', '69', '角色授权', 'role_grant', null, '1484194552', null, null, '1', null, '1', '4', '0');
INSERT INTO `ae_admin_auth` VALUES ('75', '69', '删除角色', 'role_del', null, '1484194573', null, null, '1', null, '1', '3', '0');

-- ----------------------------
-- Table structure for ae_admin_log
-- ----------------------------
DROP TABLE IF EXISTS `ae_admin_log`;
CREATE TABLE `ae_admin_log` (
  `admin_log_id` int(10) unsigned NOT NULL AUTO_INCREMENT,
  `admin_id` int(11) NOT NULL,
  `create_time` int(11) NOT NULL DEFAULT '0' COMMENT '创建时间，也就是登录时间',
  `center` varchar(50) COLLATE utf8_bin NOT NULL COMMENT '记录管理员的操作',
  PRIMARY KEY (`admin_log_id`)
) ENGINE=InnoDB DEFAULT CHARSET=utf8 COLLATE=utf8_bin COMMENT='管理员后台操作记录';

-- ----------------------------
-- Records of ae_admin_log
-- ----------------------------

-- ----------------------------
-- Table structure for ae_admin_menu
-- ----------------------------
DROP TABLE IF EXISTS `ae_admin_menu`;
CREATE TABLE `ae_admin_menu` (
  `id` tinyint(10) NOT NULL AUTO_INCREMENT,
  `parent_id` tinyint(10) DEFAULT '0' COMMENT '父节点ID',
  `name` varchar(255) DEFAULT NULL COMMENT '菜单名称',
  `menu_no` varchar(255) DEFAULT NULL COMMENT '菜单编码',
  `url` varchar(512) DEFAULT NULL COMMENT '菜单地址',
  `create_time` int(11) DEFAULT NULL,
  `is_left_view` int(1) DEFAULT NULL COMMENT '是否在左侧菜单栏显示菜单0是1否',
  `up_time` int(11) DEFAULT NULL,
  `create_id` int(20) DEFAULT NULL,
  `up_id` int(20) DEFAULT NULL,
  `is_wxmenu` int(20) DEFAULT '1' COMMENT '是否能够成为微信菜单0是1否',
  `order` int(5) DEFAULT NULL,
  `is_del` int(1) unsigned DEFAULT '0',
  PRIMARY KEY (`id`)
) ENGINE=InnoDB AUTO_INCREMENT=84 DEFAULT CHARSET=utf8;

-- ----------------------------
-- Records of ae_admin_menu
-- ----------------------------
INSERT INTO `ae_admin_menu` VALUES ('9', '2', '角色授权', 'role_grant', '', '1437302836', null, '1484122308', '1', '1', null, '0', '0');
INSERT INTO `ae_admin_menu` VALUES ('10', '1', '创建保险单', 'ins_add', '', '1437322709', null, '1484122285', '1', '1', null, '10', '0');
INSERT INTO `ae_admin_menu` VALUES ('11', '2', '编辑保险单', 'ins_edit', null, '1437322729', null, null, '1', null, null, '9', '0');
INSERT INTO `ae_admin_menu` VALUES ('12', '2', '删除保险单', 'ins_del', null, '1437322748', null, '1437324651', '1', '1', null, '8', '0');
INSERT INTO `ae_admin_menu` VALUES ('13', '2', '打回保险单', 'ins_examine', null, '1437322824', null, null, '1', null, null, '7', '0');
INSERT INTO `ae_admin_menu` VALUES ('14', '2', '我的保单', 'ins_myself', '/admin/Insurance/ins_list?act=myself', '1437324728', null, '1437636125', '1', '1', null, '11', '0');
INSERT INTO `ae_admin_menu` VALUES ('15', '2', '续保', 'ins_renewal', null, '1437324774', null, null, '1', null, null, '5', '0');
INSERT INTO `ae_admin_menu` VALUES ('16', '1', '添加角色', 'role_add', null, '1437325242', null, null, '1', null, null, '9', '0');
INSERT INTO `ae_admin_menu` VALUES ('17', '1', '编辑角色', 'role_edit', null, '1437325260', null, null, '1', null, null, '7', '0');
INSERT INTO `ae_admin_menu` VALUES ('18', '1', '删除角色', 'role_del', null, '1437325279', null, null, '1', null, null, '8', '0');
INSERT INTO `ae_admin_menu` VALUES ('20', '19', '添加菜单', 'menu_add', null, '1437325473', null, null, '1', null, null, '10', '0');
INSERT INTO `ae_admin_menu` VALUES ('21', '19', '编辑菜单', 'menu_edit', null, '1437325488', null, null, '1', null, null, '9', '0');
INSERT INTO `ae_admin_menu` VALUES ('22', '19', '删除菜单', 'menu_del', null, '1437325521', null, null, '1', null, null, '7', '0');
INSERT INTO `ae_admin_menu` VALUES ('23', '1', '角色列表', 'role_list', '/admin/admin/role_list', '1437325544', null, '1437372564', '1', '1', null, '11', '0');
INSERT INTO `ae_admin_menu` VALUES ('24', '19', '菜单列表', 'menu_list', '/admin/admin/menu_list', '1437325556', null, '1437372540', '1', '1', null, '11', '0');
INSERT INTO `ae_admin_menu` VALUES ('26', '25', '部门列表', 'department_list', '/admin/department/department_list', '1437325672', null, '1437372353', '1', '1', null, '11', '0');
INSERT INTO `ae_admin_menu` VALUES ('27', '25', '添加部门', 'department_add', '/admin/department/department_add', '1437325709', null, '1437372372', '1', '1', null, '10', '0');
INSERT INTO `ae_admin_menu` VALUES ('28', '25', '编辑部门', 'department_edit', '/admin/department/department_edit', '1437325724', null, '1437372393', '1', '1', null, '9', '0');
INSERT INTO `ae_admin_menu` VALUES ('29', '25', '删除部门', 'department_del', '/admin/department/department_del', '1437325743', null, '1437372404', '1', '1', null, '8', '0');
INSERT INTO `ae_admin_menu` VALUES ('31', '30', '添加人员', 'admin_addl', '/admin/admin/admin_add', '1437325834', null, '1437372470', '1', '1', null, '11', '0');
INSERT INTO `ae_admin_menu` VALUES ('32', '30', '编辑人员', 'admin_edit', null, '1437325857', null, null, '1', null, null, '10', '0');
INSERT INTO `ae_admin_menu` VALUES ('33', '30', '人员列表', 'admin_list', '/admin/admin/admin_list', '1437325902', null, '1437372459', '1', '1', null, '12', '0');
INSERT INTO `ae_admin_menu` VALUES ('34', '30', '删除人员', 'admin_del', null, '1437325922', null, null, '1', null, null, '7', '0');
INSERT INTO `ae_admin_menu` VALUES ('37', '36', '竟回来源列表', 'bsource_list', '/admin/bsource/bsource_list', '1437326080', null, '1437455988', '1', '1', null, '11', '0');
INSERT INTO `ae_admin_menu` VALUES ('38', '36', '添加竟回来源', 'bsource_add', null, '1437326099', null, null, '1', null, null, '10', '0');
INSERT INTO `ae_admin_menu` VALUES ('39', '36', '编辑竟回来源', 'bsource_edit', null, '1437326162', null, null, '1', null, null, '8', '0');
INSERT INTO `ae_admin_menu` VALUES ('40', '36', '删除竟回来源', 'bsource_del', null, '1437326181', null, null, '1', null, null, '7', '0');
INSERT INTO `ae_admin_menu` VALUES ('42', '2', '我的提醒', 'ins_remind', '/admin/Insurance/remind?act=myself', '1437361773', null, '1437715117', '1', '1', null, '3', '0');
INSERT INTO `ae_admin_menu` VALUES ('43', '2', '部门保单', 'ins_dep', '/admin/Insurance/ins_list?act=dep', '1437635978', null, null, '1', null, null, '12', '0');
INSERT INTO `ae_admin_menu` VALUES ('44', '2', '公司保单', 'ins_com', '/admin/Insurance/ins_list?act=com', '1437636168', null, null, '1', null, null, '13', '0');
INSERT INTO `ae_admin_menu` VALUES ('45', '2', '部门提醒', 'dep_remind', '/admin/insurance/remind?act=dep', '1437715018', null, '1437715084', '1', '1', null, '14', '0');
INSERT INTO `ae_admin_menu` VALUES ('46', '2', '公司提醒', 'com_remind', '/admin/Insurance/remind?act=com', '1437715067', null, null, '1', null, null, '15', '0');
INSERT INTO `ae_admin_menu` VALUES ('52', '0', '系统设置', null, '', '1484123283', null, '1487150222', '1', '1', '1', '10', '0');
INSERT INTO `ae_admin_menu` VALUES ('53', '52', '菜单管理', 'admin_menu', '/admin/menu/menu_list', '1484123341', null, null, '1', null, '1', '9', '0');
INSERT INTO `ae_admin_menu` VALUES ('54', '52', '账户管理', '', '/Admin/admin/admin_list', '1484123467', null, '1484123624', '1', '1', '1', '8', '0');
INSERT INTO `ae_admin_menu` VALUES ('55', '52', '角色管理', 'role', '/Admin/admin/role_list', '1484123753', null, null, '1', null, '1', '8', '0');
INSERT INTO `ae_admin_menu` VALUES ('65', '0', '题库管理', null, '', '1484727148', null, '1487149701', '1', '1', '1', '5', '0');
INSERT INTO `ae_admin_menu` VALUES ('66', '65', '单选考题', null, '/Admin/radio/radio_list', '1484727307', null, null, '1', null, '1', '6', '0');
INSERT INTO `ae_admin_menu` VALUES ('67', '65', '多选考题', null, '/Admin/Check/check_list', '1484800270', null, null, '1', null, '1', '4', '0');
INSERT INTO `ae_admin_menu` VALUES ('68', '65', '判断题', null, '/Admin/judgment/judgment_list', '1484812963', null, null, '1', null, '1', '3', '0');
INSERT INTO `ae_admin_menu` VALUES ('69', '65', '计算(案例)分析题', null, '/Admin/Analysis/analysis_list', '1486526266', null, '1486536967', '1', '1', '1', '4', '0');
INSERT INTO `ae_admin_menu` VALUES ('70', '0', '类别管理', null, '/Admin/Examcat/examcat_list', '1486697212', null, '1487150784', '1', '1', '1', '1', '0');
INSERT INTO `ae_admin_menu` VALUES ('74', '0', '新闻管理', null, '', '1486954664', null, '1487150775', '1', '1', '1', '6', '0');
INSERT INTO `ae_admin_menu` VALUES ('75', '74', '新闻列表', null, '/Admin/News/news_list', '1486954714', null, null, '1', null, '1', '5', '0');
INSERT INTO `ae_admin_menu` VALUES ('76', '0', '会员管理', null, '', '1486965093', null, '1487150246', '1', '1', '1', '6', '0');
INSERT INTO `ae_admin_menu` VALUES ('77', '76', '会员列表', null, '/Admin/Member/member_list', '1486965129', null, null, '1', null, '1', '6', '0');
INSERT INTO `ae_admin_menu` VALUES ('78', '0', '订单系统', null, '', '1486976792', null, '1487150260', '1', '1', '1', '4', '0');
INSERT INTO `ae_admin_menu` VALUES ('79', '78', '未付款订单', null, '/Admin/Order/paying_list', '1486976822', null, '1486977380', '1', '1', '1', '4', '0');
INSERT INTO `ae_admin_menu` VALUES ('80', '78', '已付款订单', null, '/Admin/Order/payed_list', '1486977362', null, null, '1', null, '1', '4', '0');
INSERT INTO `ae_admin_menu` VALUES ('81', '0', '轮播管理', null, '', '1487321557', null, '1487321594', null, null, '1', '3', '0');
INSERT INTO `ae_admin_menu` VALUES ('82', '81', 'banner列表', null, '/Admin/ShopAd/banner_list', '1487321587', null, null, null, null, '1', '3', '0');
INSERT INTO `ae_admin_menu` VALUES ('83', '52', '网站设置', null, '/Admin/Set/index', '1487500504', null, null, null, null, '1', '3', '0');

-- ----------------------------
-- Table structure for ae_admin_role
-- ----------------------------
DROP TABLE IF EXISTS `ae_admin_role`;
CREATE TABLE `ae_admin_role` (
  `id` tinyint(3) unsigned NOT NULL AUTO_INCREMENT,
  `rolename` varchar(50) NOT NULL COMMENT '角色名称',
  `description` text NOT NULL COMMENT '说明',
  `code` varchar(255) DEFAULT NULL COMMENT '角色编码',
  `listorder` varchar(255) NOT NULL COMMENT '菜单权限列表',
  `create_id` int(20) DEFAULT NULL,
  `create_time` int(11) DEFAULT NULL,
  `up_id` int(255) DEFAULT NULL,
  `up_time` int(11) DEFAULT NULL,
  `order` int(5) DEFAULT NULL,
  `is_del` int(1) unsigned NOT NULL DEFAULT '0',
  PRIMARY KEY (`id`),
  KEY `listorder` (`listorder`),
  KEY `disabled` (`is_del`)
) ENGINE=MyISAM AUTO_INCREMENT=11 DEFAULT CHARSET=utf8;

-- ----------------------------
-- Records of ae_admin_role
-- ----------------------------
INSERT INTO `ae_admin_role` VALUES ('2', '普通员工', '创建保险单、草稿、提交审核、处理提醒                                        ', 'general_staff', '57,58,61,69,71,65,70', null, null, '30', '1484195019', '5', '1');
INSERT INTO `ae_admin_role` VALUES ('4', '系统管理员', '系统管理员、管理系统设置、员工信息管理、权限角色管理、部门管理', 'system_manage', '61,62,57,58,64,63,59,69,71,72,73,74,75,65,67,66,68,70', '1', '1437321683', '30', '1484297070', '10', '1');
INSERT INTO `ae_admin_role` VALUES ('7', '总经理', '全公司报表、保险单、到期提醒', 'general_manager', '57,58,59,61', '1', '1437322085', '1', '1484134560', '6', '1');
INSERT INTO `ae_admin_role` VALUES ('8', '部门经理', '保险单审核、提醒、报表                        	                          ', 'department_manager', '57,58,59,61', '1', '1437361373', '1', '1484134569', '2', '1');
INSERT INTO `ae_admin_role` VALUES ('9', '副总经理', ' 全公司报表、保险单、到期提醒	                                                    ', 'vice_general_manager', '57,58,59,61', '1', '1437362033', '1', '1484134579', '1', '1');

-- ----------------------------
-- Table structure for ae_borrowing
-- ----------------------------
DROP TABLE IF EXISTS `ae_borrowing`;
CREATE TABLE `ae_borrowing` (
  `borrowing_id` smallint(6) unsigned NOT NULL AUTO_INCREMENT,
  `borrowing_name` varchar(100) NOT NULL,
  `is_del` tinyint(1) NOT NULL,
  `create_time` int(11) NOT NULL,
  PRIMARY KEY (`borrowing_id`)
) ENGINE=InnoDB AUTO_INCREMENT=3 DEFAULT CHARSET=utf8 COMMENT='会计--借贷';

-- ----------------------------
-- Records of ae_borrowing
-- ----------------------------
INSERT INTO `ae_borrowing` VALUES ('1', '借', '0', '1484639517');
INSERT INTO `ae_borrowing` VALUES ('2', '贷', '0', '1484639517');

-- ----------------------------
-- Table structure for ae_borrowing_type
-- ----------------------------
DROP TABLE IF EXISTS `ae_borrowing_type`;
CREATE TABLE `ae_borrowing_type` (
  `borrowing_type_id` int(11) unsigned NOT NULL AUTO_INCREMENT,
  `borrowing_type_name` varchar(200) NOT NULL COMMENT '资产类科目',
  `borrowing_type_desc` varchar(500) DEFAULT NULL COMMENT '说明',
  `is_del` tinyint(1) unsigned NOT NULL DEFAULT '0' COMMENT '是否删除 0否 1是',
  `create_time` int(11) unsigned NOT NULL DEFAULT '0' COMMENT '创建时间',
  PRIMARY KEY (`borrowing_type_id`)
) ENGINE=InnoDB AUTO_INCREMENT=7 DEFAULT CHARSET=utf8 COMMENT='会计--借贷资产类科目';

-- ----------------------------
-- Records of ae_borrowing_type
-- ----------------------------
INSERT INTO `ae_borrowing_type` VALUES ('1', '资产类', '资产类简介', '0', '1484643732');
INSERT INTO `ae_borrowing_type` VALUES ('2', '负债类', '负债类简介', '0', '1484643732');
INSERT INTO `ae_borrowing_type` VALUES ('3', '共同类', '共同类简介', '0', '1484643732');
INSERT INTO `ae_borrowing_type` VALUES ('4', '所有者权益', '所有者权益简介', '0', '1484643732');
INSERT INTO `ae_borrowing_type` VALUES ('5', '成本类', '成本类简介', '0', '1484643732');
INSERT INTO `ae_borrowing_type` VALUES ('6', '损益类', '损益类简介', '0', '1484643732');

-- ----------------------------
-- Table structure for ae_borrowing_type_list
-- ----------------------------
DROP TABLE IF EXISTS `ae_borrowing_type_list`;
CREATE TABLE `ae_borrowing_type_list` (
  `borrowing_type_list_id` int(11) unsigned NOT NULL AUTO_INCREMENT,
  `borrowing_type_list_num` varchar(50) NOT NULL COMMENT '编号',
  `borrowing_type_list_name` varchar(200) NOT NULL COMMENT '资产类科目',
  `borrowing_type_list_desc` varchar(500) NOT NULL COMMENT '说明',
  `borrowing_type_id` int(11) NOT NULL,
  `is_del` tinyint(1) unsigned NOT NULL DEFAULT '0' COMMENT '是否删除 0否 1是',
  `create_time` int(11) unsigned NOT NULL DEFAULT '0' COMMENT '创建时间',
  PRIMARY KEY (`borrowing_type_list_id`)
) ENGINE=InnoDB AUTO_INCREMENT=151 DEFAULT CHARSET=utf8 COMMENT='会计--借贷资产类科目列表';

-- ----------------------------
-- Records of ae_borrowing_type_list
-- ----------------------------
INSERT INTO `ae_borrowing_type_list` VALUES ('1', '1001', '库存现金', '企业的库存现金', '1', '0', '1484643732');
INSERT INTO `ae_borrowing_type_list` VALUES ('2', '1002', '银行存款', '企业存入银行或其他金融机构的各种款项', '1', '0', '1484643732');
INSERT INTO `ae_borrowing_type_list` VALUES ('3', '1003', '存放中央银行款项', '企业（银行）存放于中国人民银行（以下简称“中央银行”）的各种款项，包括业务资金的调拨、办理同城票据交换和异地跨系统资金汇划、提取或缴存现金等。', '1', '0', '1484643732');
INSERT INTO `ae_borrowing_type_list` VALUES ('4', '1011', '存放同业', '企业（银行）存放于境内、境外银行和非银行金融机构的款项 ', '1', '0', '1484643732');
INSERT INTO `ae_borrowing_type_list` VALUES ('5', '1012', '其他货币资金', '企业的银行汇票存款、银行本票存款、信用卡存款、信用证保证金存款、存出投资款、外埠存款等其他货币资金。 ', '1', '0', '1484643732');
INSERT INTO `ae_borrowing_type_list` VALUES ('6', '1021', '结算备付金', '企业（证券）为证券交易的资金清算与交收而存入指定清算代理机构的款项。企业（证券）向客户收取的结算手续费、向证券交易所支付的结算手续费。 ', '1', '0', '1484643732');
INSERT INTO `ae_borrowing_type_list` VALUES ('7', '1031', '存出保证金', '企业（金融）因办理业务需要存出或交纳的各种保证金款项。 ', '1', '0', '1484643732');
INSERT INTO `ae_borrowing_type_list` VALUES ('8', '1101', '交易性金融资产', '企业为交易目的所持有的债券投资、股票投资、基金投资等交易性金融资产的公允价值 ', '1', '0', '1484643732');
INSERT INTO `ae_borrowing_type_list` VALUES ('9', '1111', '买入返售金融资产', '企业（金融）按照返售协议约定先买入再按固定价格返售的票据、证券、贷款等金融资产所融出的资金 ', '1', '0', '1484643732');
INSERT INTO `ae_borrowing_type_list` VALUES ('10', '1121', '应收票据', '企业因销售商品、提供劳务等而收到的商业汇票，包括银行承兑汇票和商业承兑汇票。 ', '1', '0', '1484643732');
INSERT INTO `ae_borrowing_type_list` VALUES ('11', '1122', '应收账款', '企业因销售商品、提供劳务等经营活动应收取的款项 ', '1', '0', '1484643732');
INSERT INTO `ae_borrowing_type_list` VALUES ('12', '1123', '预付账款', '企业按照合同规定预付的款项。预付款项情况不多的，也可以不设置本科目，将预付的款项直接记入“应付账款”科目 ', '1', '0', '1484643732');
INSERT INTO `ae_borrowing_type_list` VALUES ('13', '1131', '应收股利', '企业应收取的现金股利和应收取其他单位分配的利润。 ', '1', '0', '1484643732');
INSERT INTO `ae_borrowing_type_list` VALUES ('14', '1132', '应收利息', '企业交易性金融资产、持有至到期投资、可供出售金融资产、发放贷款、存放中央银行款项、拆出资金、买入返售金融资产等应收取的利息。 ', '1', '0', '1484643732');
INSERT INTO `ae_borrowing_type_list` VALUES ('15', '1201', '应收代位追偿款', '企业（保险）按照原保险合同约定承担赔付保险金责任后确认的代位追偿款 ', '1', '0', '1484643732');
INSERT INTO `ae_borrowing_type_list` VALUES ('16', '1211', '应收分保账款', '企业（保险）从事再保险业务应收取的款项 17 1212 应收分保合同准备金 ：企业（再保险分出人）从事再保险业务确认的应收分保未到期责任准备金，以及应向再保险接受人摊回的保险责任准备金 ', '1', '0', '1484643732');
INSERT INTO `ae_borrowing_type_list` VALUES ('17', '1221', '其他应收款 ', '企业除存出保证金、买入返售金融资产、应收票据、应收账款、预付账款、应收股利、应收利息、应收代位追偿款、应收分保账款、应收分保合同准备金、长期应收款等以外的其他各种应收及暂付款项。 ', '1', '0', '1484643732');
INSERT INTO `ae_borrowing_type_list` VALUES ('18', '1231', '坏账准备 ', '企业应收款项的坏账准备 ', '1', '0', '1484643732');
INSERT INTO `ae_borrowing_type_list` VALUES ('19', '1301', '贴现资产 ', '企业（银行）办理商业票据的贴现、转贴现等业务所融出的资金。 ', '1', '0', '1484643732');
INSERT INTO `ae_borrowing_type_list` VALUES ('20', '1302', '拆出资金 ', '企业（金融）拆借给境内、境外其他金融机构的款项 ', '1', '0', '1484643732');
INSERT INTO `ae_borrowing_type_list` VALUES ('21', '1303', '贷款 ', '企业（银行）按规定发放的各种客户贷款。 ', '1', '0', '1484643732');
INSERT INTO `ae_borrowing_type_list` VALUES ('22', '1304', '贷款损失准备 ', '企业（银行）贷款的减值准备。计提贷款损失准备的资产包括贴现资产、拆出资金、客户贷款、银团贷款、贸易融资、协议透支、信用卡透支、转贷款和垫款等. 24 1311 代理兑付证券： 企业（证券、银行等）接受委托代理兑付到期的证券。 25 1321 代理业务资产： 企业不承担风险的代理业务形成的资产。', '1', '0', '1484643732');
INSERT INTO `ae_borrowing_type_list` VALUES ('23', '1401', '材料采购 ', '企业采用计划成本进行材料日常核算而购入材料的采购成本。 ', '1', '0', '1484643732');
INSERT INTO `ae_borrowing_type_list` VALUES ('24', '1402', '在途物资 ', '企业采用实际成本（或进价）进行材料、商品等物资的日常核算、货款已付尚未验收入库的在途物资的采购成本。 ', '1', '0', '1484643732');
INSERT INTO `ae_borrowing_type_list` VALUES ('25', '1403', '原材料 ', '企业库存的各种材料。 ', '1', '0', '1484643732');
INSERT INTO `ae_borrowing_type_list` VALUES ('26', '1404', '材料成本差异 ', '企业采用计划成本进行日常核算的材料计划成本与实际成本的差额。 ', '1', '0', '1484643732');
INSERT INTO `ae_borrowing_type_list` VALUES ('27', '1405', '库存商品 ', '企业库存的各种商品的实际成本(或进价)或计划成本（或售价）。 ', '1', '0', '1484643732');
INSERT INTO `ae_borrowing_type_list` VALUES ('28', '1406', '发出商品 ', '企业未满足收入确认条件但已发出商品的实际成本（或进价）或计划成本（或售价）。 ', '1', '0', '1484643732');
INSERT INTO `ae_borrowing_type_list` VALUES ('29', '1407', '商品进销差价 ', '企业采用售价进行日常核算的商品售价与进价之间的差额。', '1', '0', '1484643732');
INSERT INTO `ae_borrowing_type_list` VALUES ('30', '1408', '委托加工物资 ', '企业委托外单位加工的各种材料、商品等物资的实际成本。 ', '1', '0', '1484643732');
INSERT INTO `ae_borrowing_type_list` VALUES ('31', '1411', '周转材料 ', '企业周转材料的计划成本或实际成本。 ', '1', '0', '1484643732');
INSERT INTO `ae_borrowing_type_list` VALUES ('32', '1421', '消耗性生物资产 ', '企业（农业）持有的消耗性生物资产的实际成本。 ', '1', '0', '1484643732');
INSERT INTO `ae_borrowing_type_list` VALUES ('33', '1431', '贵金属 ', '企业（金融）持有的黄金、白银等贵金属存货的成本。 ', '1', '0', '1484643732');
INSERT INTO `ae_borrowing_type_list` VALUES ('34', '1441', '抵债资产 ', '企业（金融）依法取得并准备按有关规定进行处置的实物抵债资产的成本。', '1', '0', '1484643732');
INSERT INTO `ae_borrowing_type_list` VALUES ('35', '1451', '损余物资 ', '企业（保险）按照原保险合同约定承担赔偿保险金责任后取得的损余物资成本 ', '1', '0', '1484643732');
INSERT INTO `ae_borrowing_type_list` VALUES ('36', '1461', '融资租赁资产 ', '企业（租赁）为开展融资租赁业务取得资产的成本。 ', '1', '0', '1484643732');
INSERT INTO `ae_borrowing_type_list` VALUES ('37', '1471', '存货跌价准备 ', '企业存货的跌价准备 ', '1', '0', '1484643732');
INSERT INTO `ae_borrowing_type_list` VALUES ('38', '1501', '持有至到期投资 ', '企业持有至到期投资的摊余成本。 ', '1', '0', '1484643732');
INSERT INTO `ae_borrowing_type_list` VALUES ('39', '1502', '持有至到期投资减值准备', '企业持有至到期投资的减值准备。', '1', '0', '1484643732');
INSERT INTO `ae_borrowing_type_list` VALUES ('40', '1503', '可供出售金融资产 ', '企业持有的可供出售金融资产的公允价值。 ', '1', '0', '1484643732');
INSERT INTO `ae_borrowing_type_list` VALUES ('41', '1511', '长期股权投资 ', '企业持有的采用成本法和权益法核算的长期股权投资。 ', '1', '0', '1484643732');
INSERT INTO `ae_borrowing_type_list` VALUES ('42', '1512', '长期股权投资减值准备 ', '企业长期股权投资的减值准备。 ', '1', '0', '1484643732');
INSERT INTO `ae_borrowing_type_list` VALUES ('43', '1521', '投资性房地产 ', '企业采用成本模式计量的投资性房地产的成本。 ', '1', '0', '1484643732');
INSERT INTO `ae_borrowing_type_list` VALUES ('44', '1531', '长期应收款 ', '企业的长期应收款项。 ', '1', '0', '1484643732');
INSERT INTO `ae_borrowing_type_list` VALUES ('45', '1532', '未实现融资收益 ', '企业分期计入租赁收入或利息收入的未实现融资收益。 ', '1', '0', '1484643732');
INSERT INTO `ae_borrowing_type_list` VALUES ('46', '1541', '存出资本保证金 ', '企业（保险）按规定比例缴存的资本保证金。 ', '1', '0', '1484643732');
INSERT INTO `ae_borrowing_type_list` VALUES ('47', '1601', '固定资产 ', '企业持有的固定资产原价。 ', '1', '0', '1484643732');
INSERT INTO `ae_borrowing_type_list` VALUES ('48', '1602', '累计折旧 ', '企业固定资产的累计折旧。 ', '1', '0', '1484643732');
INSERT INTO `ae_borrowing_type_list` VALUES ('49', '1603', '固定资产减值准备 ', '企业固定资产的减值准备。 ', '1', '0', '1484643732');
INSERT INTO `ae_borrowing_type_list` VALUES ('50', '1604', '在建工程 ', '企业基建、更新改造等在建工程发生的支出。 ', '1', '0', '1484643732');
INSERT INTO `ae_borrowing_type_list` VALUES ('51', '1605', '工程物资 ', '企业为在建工程准备的各种物资的成本。 ', '1', '0', '1484643732');
INSERT INTO `ae_borrowing_type_list` VALUES ('52', '1606', '固定资产清理 ', '企业因出售、报废、毁损、对外投资、非货币性资产交换、债务重组等原因转出的固定资产价值以及在清理过程中发生的费用等。 ', '1', '0', '1484643732');
INSERT INTO `ae_borrowing_type_list` VALUES ('53', '1611', '未担保余值 ', '企业（租赁）采用融资租赁方式租出资产的未担保余值。 ', '1', '0', '1484643732');
INSERT INTO `ae_borrowing_type_list` VALUES ('54', '1621', '生产性生物资产 ', '企业（农业）持有的生产性生物资产原价。 ', '1', '0', '1484643732');
INSERT INTO `ae_borrowing_type_list` VALUES ('55', '1622', '生产性生物资产累计折旧', '企业（农业）成熟生产性生物资产的累计折旧。 ', '1', '0', '1484643732');
INSERT INTO `ae_borrowing_type_list` VALUES ('56', '1623', '公益性生物资产 ', '企业（农业）持有的公益性生物资产的实际成本。 ', '1', '0', '1484643732');
INSERT INTO `ae_borrowing_type_list` VALUES ('57', '1631', '油气资产 ', '企业（石油天然气开采）持有的矿区权益和油气井及相关设施的原价。 ', '1', '0', '1484643732');
INSERT INTO `ae_borrowing_type_list` VALUES ('58', '1632', '累计折耗 ', '企业（石油天然气开采）油气资产的累计折耗。 ', '1', '0', '1484643732');
INSERT INTO `ae_borrowing_type_list` VALUES ('59', '1701', '无形资产 ', '企业持有的无形资产成本，包括专利权、非专利技术、商标权、著作权、土地使用权等。 ', '1', '0', '1484643732');
INSERT INTO `ae_borrowing_type_list` VALUES ('60', '1702', '累计摊销 ', '企业对使用寿命有限的无形资产计提的累计摊销。 ', '1', '0', '1484643732');
INSERT INTO `ae_borrowing_type_list` VALUES ('61', '1703', '无形资产减值准备 ', '企业无形资产的减值准备。 ', '1', '0', '1484643732');
INSERT INTO `ae_borrowing_type_list` VALUES ('62', '1711', '商誉', '企业合并中形成的商誉价值。 ', '1', '0', '1484643732');
INSERT INTO `ae_borrowing_type_list` VALUES ('63', '1801', '长期待摊费用 ', '企业已经发生但应由本期和以后各期负担的分摊期限在1 年以上的各项费用，如以经营租赁方式租入的固定资产发生的改良支出等。 ', '1', '0', '1484643732');
INSERT INTO `ae_borrowing_type_list` VALUES ('64', '1811', '递延所得税资产 ', '企业确认的可抵扣暂时性差异产生的递延所得税资产。 ', '1', '0', '1484643732');
INSERT INTO `ae_borrowing_type_list` VALUES ('65', '1821', '独立账户资产 ', '企业（保险）对分拆核算的投资连结产品不属于风险保障部分确认的独立账户资产价值。 ', '1', '0', '1484643732');
INSERT INTO `ae_borrowing_type_list` VALUES ('66', '1901', '待处理财产损溢 ', '企业在清查财产过程中查明的各种财产盘盈、盘亏和毁损的价值。物资在运输途中发生的非正常短缺与损耗，也通过本科目核算。', '1', '0', '1484643732');
INSERT INTO `ae_borrowing_type_list` VALUES ('67', '2001', '短期借款', '企业向银行或其他金融机构等借入的期限在1 年以下(含1 年)的各种借款。 ', '2', '0', '1484643732');
INSERT INTO `ae_borrowing_type_list` VALUES ('68', '2002', '存入保证金', '企业（金融）收到客户存入的各种保证金。', '2', '0', '1484643732');
INSERT INTO `ae_borrowing_type_list` VALUES ('69', '2003', '拆入资金', '企业（金融）从境内、境外金融机构拆入的款项。 73 2004 向中央银行借款： 企业（银行）向中央银行借入的款项。 ', '2', '0', '1484643732');
INSERT INTO `ae_borrowing_type_list` VALUES ('70', '2011', '吸收存款', '企业（银行）吸收的除同业存放款项以外的其他各种存款。 75 2012 同业存放： 企业（银行）吸收的境内、境外金融机构的存款。 ', '2', '0', '1484643732');
INSERT INTO `ae_borrowing_type_list` VALUES ('71', '2021', '贴现负债', '企业（银行）办理商业票据的转贴现等业务所融入的资金。 77 2101 交易性金融负债： 企业承担的交易性金融负债的公允价值。 ', '2', '0', '1484643732');
INSERT INTO `ae_borrowing_type_list` VALUES ('72', '2111', '卖出回购金融资产款', '企业（金融）按照回购协议先卖出再按固定价格买入的票据、证券、贷款等金融资产所融入的资金。 ', '2', '0', '1484643732');
INSERT INTO `ae_borrowing_type_list` VALUES ('73', '2201', '应付票据', '企业购买材料、商品和接受劳务供应等开出、承兑的商业汇票，包括银行承兑汇票和商业承兑汇票。 ', '2', '0', '1484643732');
INSERT INTO `ae_borrowing_type_list` VALUES ('74', '2202', '应付账款', '企业因购买材料、商品和接受劳务等经营活动应支付的款项。 ', '2', '0', '1484643732');
INSERT INTO `ae_borrowing_type_list` VALUES ('75', '2203', '预收账款', '企业按照合同规定预收的款项。 ', '2', '0', '1484643732');
INSERT INTO `ae_borrowing_type_list` VALUES ('76', '2211', '应付职工薪酬', '企业根据有关规定应付给职工的各种薪酬。本科目可按“工资”、“职工福利”、“社会保险费”、“住房公积金”、“工会经费”、“职工教育经费”、“非货币性福利”、“辞退福利”、“股份支付”等进行明细核算', '2', '0', '1484643732');
INSERT INTO `ae_borrowing_type_list` VALUES ('77', '2221', '应交税费', '企业按照税法等规定计算应交纳的各种税费。 ', '2', '0', '1484643732');
INSERT INTO `ae_borrowing_type_list` VALUES ('78', '2231', '应付利息', '企业按照合同约定应支付的利息。 ', '2', '0', '1484643732');
INSERT INTO `ae_borrowing_type_list` VALUES ('79', '2232', '应付股利', '企业分配的现金股利或利润。 ', '2', '0', '1484643732');
INSERT INTO `ae_borrowing_type_list` VALUES ('80', '2241', '其他应付款', '企业除应付票据、应付账款、预收账款、应付职工薪酬、应付利息、应付股利、应交税费、长期应付款等以外的其他各项应付、暂收的款项。 ', '2', '0', '1484643732');
INSERT INTO `ae_borrowing_type_list` VALUES ('81', '2251', '应付保单红利', '企业（保险）按原保险合同约定应付未付投保人 的红利。 ', '2', '0', '1484643732');
INSERT INTO `ae_borrowing_type_list` VALUES ('82', '2261', '应付分保账款', '企业（保险）从事再保险业务应付未付的款项。 ', '2', '0', '1484643732');
INSERT INTO `ae_borrowing_type_list` VALUES ('83', '2311', '代理买卖证券款', '企业（证券）接受客户委托，代理客户买卖股票、债券和基金等有价证券而收到的款项。 ', '2', '0', '1484643732');
INSERT INTO `ae_borrowing_type_list` VALUES ('84', '2312', '代理承销证券款', '企业（金融）接受委托，采用承购包销方式或代销方式承销证券所形成的、应付证券发行人的承销资金。 ', '2', '0', '1484643732');
INSERT INTO `ae_borrowing_type_list` VALUES ('85', '2313', '代理兑付证券款', '企业（证券、银行等）接受委托代理兑付证券收到的兑付资金。 ', '2', '0', '1484643732');
INSERT INTO `ae_borrowing_type_list` VALUES ('86', '2314', '代理业务负债', '企业不承担风险的代理业务收到的款项，包括受托投资资金、受托贷款资金等。 ', '2', '0', '1484643732');
INSERT INTO `ae_borrowing_type_list` VALUES ('87', '2401', '递延收益', '企业确认的应在以后期间计入当期损益的政府补助。 ', '2', '0', '1484643732');
INSERT INTO `ae_borrowing_type_list` VALUES ('88', '2501', '长期借款', '企业向银行或其他金融机构借入的期限在1 年以上(不含1 年)的各项借款。 ', '2', '0', '1484643732');
INSERT INTO `ae_borrowing_type_list` VALUES ('89', '2502', '应付债券', '企业为筹集（长期）资金而发行债券的本金和利息。 ', '2', '0', '1484643732');
INSERT INTO `ae_borrowing_type_list` VALUES ('90', '2601', '未到期责任准备金', '企业（保险）提取的非寿险原保险合同未到期责任准备金。 ', '2', '0', '1484643732');
INSERT INTO `ae_borrowing_type_list` VALUES ('91', '2602', '保险责任准备金', '企业（保险）提取的原保险合同保险责任准备金。 ', '2', '0', '1484643732');
INSERT INTO `ae_borrowing_type_list` VALUES ('92', '2611', '保户储金', '企业（保险）收到投保人以储金本金增值作为保费收入的储金。 ', '2', '0', '1484643732');
INSERT INTO `ae_borrowing_type_list` VALUES ('93', '2621', '独立帐户负债', '企业（保险）对分拆核算的投资连结产品不属于风险保障部分确认的独立账户负债。 ', '2', '0', '1484643732');
INSERT INTO `ae_borrowing_type_list` VALUES ('94', '2701', '长期应付款', '企业除长期借款和应付债券以外的其他各种长期应付款项。 ', '2', '0', '1484643732');
INSERT INTO `ae_borrowing_type_list` VALUES ('95', '2702', '未确认融资费用', '企业应当分期计入利息费用的未确认融资费用。 ', '2', '0', '1484643732');
INSERT INTO `ae_borrowing_type_list` VALUES ('96', '2711', '专项应付款', '企业取得政府作为企业所有者投入的具有专项或特定用途的款项。 ', '2', '0', '1484643732');
INSERT INTO `ae_borrowing_type_list` VALUES ('97', '2801', '预计负债', '企业确认的对外提供担保、未决诉讼、产品质量保证、重组义务、亏损性合同等预计负债。 ', '2', '0', '1484643732');
INSERT INTO `ae_borrowing_type_list` VALUES ('98', '2901', '递延所得税负债', '企业确认的应纳税暂时性差异产生的所得税负债', '2', '0', '1484643732');
INSERT INTO `ae_borrowing_type_list` VALUES ('99', '3001', '清算资金往来', '企业（银行）间业务往来的资金清算款项。', '3', '0', '1484643732');
INSERT INTO `ae_borrowing_type_list` VALUES ('100', '3002', '货币兑换', '企业（金融）采用分账制核算外币交易所产生的不同币种之间的兑换。', '3', '0', '1484643732');
INSERT INTO `ae_borrowing_type_list` VALUES ('101', '3101', '衍生工具', '企业衍生工具的公允价值及其变动形成的衍生资产或衍生负债。 ', '3', '0', '1484643732');
INSERT INTO `ae_borrowing_type_list` VALUES ('102', '3201', '套期工具', '企业开展套期保值业务（包括公允价值套期、现金流量套期和境外经营净投资套期）套期工具公允价值变动形成的资产或负债。', '3', '0', '1484643732');
INSERT INTO `ae_borrowing_type_list` VALUES ('103', '3202', '被套期项目', '企业开展套期保值业务被套期项目公允价值变动形成的资产或负债。', '3', '0', '1484643732');
INSERT INTO `ae_borrowing_type_list` VALUES ('104', '4001', '实收资本   ', '企业接受投资者投入的实收资本。股份有限公司应将本科目改为“4001 股本”科目', '4', '0', '1484643732');
INSERT INTO `ae_borrowing_type_list` VALUES ('105', '4002', '资本公积   ', '企业收到投资者出资额超出其在注册资本或股本中所占份额的部分。 ', '4', '0', '1484643732');
INSERT INTO `ae_borrowing_type_list` VALUES ('106', '4101', '盈余公积   ', '企业从净利润中提取的盈余公积。 ', '4', '0', '1484643732');
INSERT INTO `ae_borrowing_type_list` VALUES ('107', '4102', '一般风险准备', '企业（金融）按规定从净利润中提取的一般风险准备。 ', '4', '0', '1484643732');
INSERT INTO `ae_borrowing_type_list` VALUES ('108', '4103', '本年利润   ', '企业当期实现的净利润(或发生的净亏损)。 ', '4', '0', '1484643732');
INSERT INTO `ae_borrowing_type_list` VALUES ('109', '4104', '利润分配   ', '企业利润的分配(或亏损的弥补)和历年分配(或弥补)后的余额。 ', '4', '0', '1484643732');
INSERT INTO `ae_borrowing_type_list` VALUES ('110', '4201', '库存股     ', '企业收购、转让或注销的本公司股份金额。', '4', '0', '1484643732');
INSERT INTO `ae_borrowing_type_list` VALUES ('111', '5001', '生产成本', '企业进行工业性生产发生的各项生产成本。 ', '5', '0', '1484643732');
INSERT INTO `ae_borrowing_type_list` VALUES ('112', '5101', '制造费用', '企业生产车间（部门）为生产产品和提供劳务而发生的各项间接费用。 ', '5', '0', '1484643732');
INSERT INTO `ae_borrowing_type_list` VALUES ('113', '5201', '劳务成本', '企业对外提供劳务发生的成本。 ', '5', '0', '1484643732');
INSERT INTO `ae_borrowing_type_list` VALUES ('114', '5301', '研发支出', '企业进行研究与开发无形资产过程中发生的各项支出。 ', '5', '0', '1484643732');
INSERT INTO `ae_borrowing_type_list` VALUES ('115', '5401', '工程施工', '企业（建造承包商）实际发生的合同成本和合同毛利。 ', '5', '0', '1484643732');
INSERT INTO `ae_borrowing_type_list` VALUES ('116', '5402', '工程结算', '企业（建造承包商）根据建造合同约定向业主办理结算的累计金额。 ', '5', '0', '1484643732');
INSERT INTO `ae_borrowing_type_list` VALUES ('117', '5403', '机械作业', '企业（建造承包商）及其内部独立核算的施工单位、机械站和运输队使用自有施工机械和运输设备进行机械作业（包括机械化施工和运输作业等）所发生的各项费用。 ', '5', '0', '1484643732');
INSERT INTO `ae_borrowing_type_list` VALUES ('118', '6001', '主营业务收入', '企业确认的销售商品、提供劳务等主营业务的收入。', '6', '0', '1484643732');
INSERT INTO `ae_borrowing_type_list` VALUES ('119', '6011', '利息收入', '企业（金融）确认的利息收入。 ', '6', '0', '1484643732');
INSERT INTO `ae_borrowing_type_list` VALUES ('120', '6021', '手续费及佣金收入', '企业（金融）确认的手续费及佣金收入。 ', '6', '0', '1484643732');
INSERT INTO `ae_borrowing_type_list` VALUES ('121', '6031', '保费收入', '企业（保险）确认的保费收入。 ', '6', '0', '1484643732');
INSERT INTO `ae_borrowing_type_list` VALUES ('122', '6041', '租赁收入', '企业（租赁）确认的租赁收入。 ', '6', '0', '1484643732');
INSERT INTO `ae_borrowing_type_list` VALUES ('123', '6051', '其他业务收入', '企业确认的除主营业务活动以外的其他经营活动实现的收入。 ', '6', '0', '1484643732');
INSERT INTO `ae_borrowing_type_list` VALUES ('124', '6061', '汇兑损益', '企业（金融）发生的外币交易因汇率变动而产生的汇兑损益。 ', '6', '0', '1484643732');
INSERT INTO `ae_borrowing_type_list` VALUES ('125', '6101', '公允价值变动损益', '企业交易性金融资产、交易性金融负债，以及采用公允价值模式计量的投资性房地产、衍生工具、套期保值业务等公允价值变动形成的应计入当期损益的利得或损失。', '6', '0', '1484643732');
INSERT INTO `ae_borrowing_type_list` VALUES ('126', '6111', '投资收益', '企业确认的投资收益或投资损失。 ', '6', '0', '1484643732');
INSERT INTO `ae_borrowing_type_list` VALUES ('127', '6201', '摊回保险责任准备金', '企业（再保险分出人）从事再保险业务应向再保险接受人摊回的保险责任准备金。 ', '6', '0', '1484643732');
INSERT INTO `ae_borrowing_type_list` VALUES ('128', '6202', '摊回赔付支出', '企业（再保险分人）向再保险接受人摊回的赔付成本。 ', '6', '0', '1484643732');
INSERT INTO `ae_borrowing_type_list` VALUES ('129', '6203', '摊回分保费用', '企业（再保险分人）向再保险接受人摊回的分保费用。 ', '6', '0', '1484643732');
INSERT INTO `ae_borrowing_type_list` VALUES ('130', '6301', '营业外收入', '企业发生的各项营业外收入。 ', '6', '0', '1484643732');
INSERT INTO `ae_borrowing_type_list` VALUES ('131', '6401', '主营业务成本', '企业确认销售商品、提供劳务等主营业务收入时应结转的成本。 ', '6', '0', '1484643732');
INSERT INTO `ae_borrowing_type_list` VALUES ('132', '6402', '其他业务成本', '企业确认的除主营业务活动以外的其他经营活动所发生的支出。 ', '6', '0', '1484643732');
INSERT INTO `ae_borrowing_type_list` VALUES ('133', '6403', '营业税金及附加', '企业经营活动发生的营业税、消费税、城市维护建设税、资源税和教育费附加等相关税费。 ', '6', '0', '1484643732');
INSERT INTO `ae_borrowing_type_list` VALUES ('134', '6411', '利息支出', '企业（金融）发生的利息支出.', '6', '0', '1484643732');
INSERT INTO `ae_borrowing_type_list` VALUES ('135', '6421', '手续费及佣金支出', '企业（金融）发生的与其经营活动相关的各项手续费、佣金等支出。', '6', '0', '1484643732');
INSERT INTO `ae_borrowing_type_list` VALUES ('136', '6501', '提取未到期责任准备金', '企业（保险）提取的非寿险原保险合同未到期责任准备金和再保险合同分保未到期责任准备金。', '6', '0', '1484643732');
INSERT INTO `ae_borrowing_type_list` VALUES ('137', '6502', '提取保险责任准备金', '企业（保险）提取的原保险合同保险责任准备金。', '6', '0', '1484643732');
INSERT INTO `ae_borrowing_type_list` VALUES ('138', '6511', '赔付支出', '企业（保险）支付的原保险合同赔付款项和再保险合同赔付款项。', '6', '0', '1484643732');
INSERT INTO `ae_borrowing_type_list` VALUES ('139', '6521', '保单红利支出', '企业（保险）按原保险合同约定支付给投保人的红利。', '6', '0', '1484643732');
INSERT INTO `ae_borrowing_type_list` VALUES ('140', '6531', '退保金', '企业（保险）寿险原保险合同提前解除时按照约定应当退还投保人的保单现金价值。', '6', '0', '1484643732');
INSERT INTO `ae_borrowing_type_list` VALUES ('141', '6541', '分出保费', '企业（再保险分出人）向再保险接受人分出的保费。', '6', '0', '1484643732');
INSERT INTO `ae_borrowing_type_list` VALUES ('142', '6542', '分保费用', '企业（再保险接受人）向再保险分出人支付的分保费用。', '6', '0', '1484643732');
INSERT INTO `ae_borrowing_type_list` VALUES ('143', '6601', '销售费用', '企业销售商品和材料、提供劳务的过程中发生的各种费用。', '6', '0', '1484643732');
INSERT INTO `ae_borrowing_type_list` VALUES ('144', '6602', '管理费用', '企业为组织和管理企业生产经营所发生的管理费用。', '6', '0', '1484643732');
INSERT INTO `ae_borrowing_type_list` VALUES ('145', '6603', '财务费用', '企业为筹集生产经营所需资金等而发生的筹资费用。', '6', '0', '1484643732');
INSERT INTO `ae_borrowing_type_list` VALUES ('146', '6604', '勘探费用', '企业（石油天然气开采）在油气勘探过程中发生的地质调查、物理化学勘探各项支出和非成功探井等支出。', '6', '0', '1484643732');
INSERT INTO `ae_borrowing_type_list` VALUES ('147', '6701', '资产减值损失', '企业计提各项资产减值准备所形成的损失。', '6', '0', '1484643732');
INSERT INTO `ae_borrowing_type_list` VALUES ('148', '6711', '营业外支出', '企业发生的各项营业外支出。', '6', '0', '1484643732');
INSERT INTO `ae_borrowing_type_list` VALUES ('149', '6801', '所得税费用', '企业确认的应从当期利润总额中扣除的所得税费用。', '6', '0', '1484643732');
INSERT INTO `ae_borrowing_type_list` VALUES ('150', '6901', '以前年度损益调整', '企业本年度发生的调整以前年度损益的事项以及本年度发现的重要前期差错更正涉及调整以前年度损益的事项。', '6', '0', '1484643732');

-- ----------------------------
-- Table structure for ae_calculation_analysis
-- ----------------------------
DROP TABLE IF EXISTS `ae_calculation_analysis`;
CREATE TABLE `ae_calculation_analysis` (
  `calculation_analysis_id` int(10) unsigned NOT NULL AUTO_INCREMENT,
  `exam_cat_id` int(10) unsigned NOT NULL,
  `calculation_analysis_content` text NOT NULL COMMENT '计算分析内容 (用编辑器传入)',
  `acc_cat_id` int(11) unsigned NOT NULL,
  `subject_id` int(10) unsigned NOT NULL DEFAULT '0' COMMENT '科目id',
  `create_time` int(11) unsigned NOT NULL DEFAULT '0' COMMENT '创建时间',
  `is_del` tinyint(3) unsigned NOT NULL DEFAULT '0' COMMENT '是否删除 0否 1是',
  PRIMARY KEY (`calculation_analysis_id`)
) ENGINE=InnoDB AUTO_INCREMENT=47 DEFAULT CHARSET=utf8 COMMENT='会计--计算分析题';

-- ----------------------------
-- Records of ae_calculation_analysis
-- ----------------------------
INSERT INTO `ae_calculation_analysis` VALUES ('1', '2', '<p><span style=\"font-size:14px;font-family:宋体;color:#333333\">不定项选择题</span></p><p><span style=\"line-height: 22px; font-size: 14px; color: rgb(51, 51, 51);\">1</span><span style=\"line-height: 22px; font-size: 14px; color: rgb(51, 51, 51);\">、2011年11月1日，郭某应聘到甲公司工作，并签订了书面劳动合同，合同主要内容包括：合同期限2年；工资2500元；试用期6个月，试用期内工资为1200元。</span><span style=\"color: rgb(51, 51, 51); font-size: 14px; line-height: 22px;\">合同签订后，甲公司又要求郭某缴纳2500元抵押金，原因是防止公司职工在合同期内随意跳槽。郭某因一时找不到合适的工作，即缴纳了抵押金。</span><span style=\"color: rgb(51, 51, 51); font-size: 14px; line-height: 22px;\">2013年10月31日，郭某的劳动合同到期，甲公司与郭某续签了一份1年期的劳动合同，并退回了抵押金。由于公司效益比较好，2013年12月，郭某提出要与公司签订无固定期限劳动合同，公司没有同意。郭某随后提交了辞职报告，双方一致同意解除了劳动合同。郭某要求甲公司支付劳动合同解除的经济补偿，被公司拒绝。</span></p><h3 style=\";margin-bottom:0;line-height:22px\"><span style=\"font-size:14px;color:#333333\"> 要求：根据上述资料，回答下列小题：</span></h3><p><span style=\"font-size:14px;color:#333333\">&lt;1&gt;&nbsp;<!--1--><!--1--><!--1--><!--1--></span><span style=\"font-size:14px;font-family:宋体;color:#333333\">、下列关于劳动合同中试用期的规定，说法正确的是（　　）。</span></p><p style=\";margin-bottom:0;line-height:25px\"><span style=\"font-size:14px;color:#333333\"></span></p><p style=\"margin-bottom: 0px; white-space: normal; line-height: 25px;\"><span style=\"font-size: 14px; color: rgb(51, 51, 51);\">A</span><span style=\"font-size: 14px; color: rgb(51, 51, 51);\">、劳动合同期限3个月以上不满1年的，试用期不得超过1个月&nbsp;</span></p><p style=\"margin-bottom: 0px; white-space: normal; line-height: 25px;\"><span style=\"font-size: 14px; color: rgb(51, 51, 51);\">B</span><span style=\"font-size: 14px; color: rgb(51, 51, 51);\">、劳动合同期限1年以上不满3年的，试用期不得超过2个月&nbsp;</span></p><p style=\"margin-bottom: 0px; white-space: normal; line-height: 25px;\"><span style=\"font-size: 14px; color: rgb(51, 51, 51);\">C</span><span style=\"font-size: 14px; color: rgb(51, 51, 51);\">、3年以上固定期限的劳动合同，试用期不得超过6个月&nbsp;</span></p><p style=\"margin-bottom: 0px; white-space: normal; line-height: 25px;\"><span style=\"font-size: 14px; color: rgb(51, 51, 51);\">D</span><span style=\"font-size: 14px; color: rgb(51, 51, 51);\">、无固定期限的劳动合同，不得约定试用期&nbsp;</span></p><p><span style=\"font-size:14px;color:#333333\">&lt;2&gt;&nbsp;<!--2--><!--2--><!--2--><!--2--></span><span style=\"font-size:14px;font-family:宋体;color:#333333\">、下列关于甲公司要求郭某缴纳抵押金的做法，正确的是（　　）。</span></p><p style=\";margin-bottom:0;line-height:25px\"><span style=\"font-size:14px;color:#333333\">A</span><span style=\"font-size:14px;color:#333333\">、甲公司可以要求郭某缴纳抵押金&nbsp;</span></p><p style=\";margin-bottom:0;line-height:25px\"><span style=\"font-size:14px;color:#333333\">B</span><span style=\"font-size:14px;color:#333333\">、甲公司不得要求郭某缴纳抵押金，但可以扣押郭某的居民身份证&nbsp;</span></p><p style=\";margin-bottom:0;line-height:25px\"><span style=\"font-size:14px;color:#333333\">C</span><span style=\"font-size:14px;color:#333333\">、甲公司不得要求郭某缴纳抵押金，也不得扣押郭某的居民身份证和其他证件&nbsp;</span></p><p style=\";margin-bottom:0;line-height:25px\"><span style=\"font-size:14px;color:#333333\">D</span><span style=\"font-size:14px;color:#333333\">、甲公司要求郭某缴纳抵押金违反规定，由劳动行政部门责令限期退还给郭某&nbsp;</span></p><p><span style=\"font-size:14px;color:#333333\">&lt;3&gt;&nbsp;<!--3--><!--3--><!--3--><!--3--></span><span style=\"font-size:14px;font-family:宋体;color:#333333\">、</span><span style=\"color: rgb(51, 51, 51); font-family: 宋体; font-size: 14px;\">下列关于无固定期限劳动合同的说法中，不正确的是（　　）。</span></p><p><span style=\"line-height: 25px; font-size: 14px; color: rgb(51, 51, 51);\">A</span><span style=\"line-height: 25px; font-size: 14px; color: rgb(51, 51, 51);\">、无固定期限劳</span><span style=\"color: rgb(51, 51, 51); font-size: 14px; line-height: 25px;\">动合同是指用人单位与劳动者约定合同终止时间的劳动合同&nbsp;</span></p><p style=\";margin-bottom:0;line-height:25px\"><span style=\"font-size:14px;color:#333333\">B</span><span style=\"font-size:14px;color:#333333\">、郭某提出要与公司签订无固定期限劳动合同，公司应当订立&nbsp;</span></p><p style=\";margin-bottom:0;line-height:25px\"><span style=\"font-size:14px;color:#333333\">C</span><span style=\"font-size:14px;color:#333333\">、用人单位与劳动者协商一致，可以订立无固定期限劳动合同&nbsp;</span></p><p style=\";margin-bottom:0;line-height:25px\"><span style=\"font-size:14px;color:#333333\">D</span><span style=\"font-size:14px;color:#333333\">、劳动者工作满15年，提出订立无固定期限劳动合同的，用人单位应当订立&nbsp;</span></p><p><span style=\"font-size:14px;color:#333333\">&lt;4&gt;&nbsp;<!--4--><!--4--><!--4--><!--4--></span><span style=\"font-size:14px;font-family:宋体;color:#333333\">、下列情形中，甲公司应当向郭某支付经济补偿的是（　　）。</span></p><p style=\";margin-bottom:0;line-height:25px\"><span style=\"font-size:14px;color:#333333\">A</span><span style=\"font-size:14px;color:#333333\">、郭某主动提出辞职并与甲公司协商一致解除劳动合同的&nbsp;</span></p><p style=\";margin-bottom:0;line-height:25px\"><span style=\"font-size:14px;color:#333333\">B</span><span style=\"font-size:14px;color:#333333\">、甲公司提出解除劳动合同并与郭某协商一致而解除劳动合同的&nbsp;</span></p><p style=\";margin-bottom:0;line-height:25px\"><span style=\"font-size:14px;color:#333333\">C</span><span style=\"font-size:14px;color:#333333\">、甲公司被依法宣告破产终止与郭某的劳动合同的&nbsp;</span></p><p><span style=\"font-size:14px;font-family:&#39;Times New Roman&#39;;color:#333333\">D</span><span style=\"font-size:14px;font-family:宋体;color:#333333\">、郭某符合随时通知解除劳动合同规定的情形而与甲公司解除劳动合同的</span></p>', '4', '24', '1486354103', '0');
INSERT INTO `ae_calculation_analysis` VALUES ('21', '0', '<p>dasddsfds的飒飒<br/></p>', '0', '3', '1486613346', '1');
INSERT INTO `ae_calculation_analysis` VALUES ('22', '0', '<p>法规的法规<br/></p>', '0', '3', '1486613683', '1');
INSERT INTO `ae_calculation_analysis` VALUES ('23', '0', '<p>法规的法规<br/></p>', '0', '3', '1486613762', '1');
INSERT INTO `ae_calculation_analysis` VALUES ('24', '0', '', '0', '0', '1487068542', '1');
INSERT INTO `ae_calculation_analysis` VALUES ('25', '1', '<p>哈哈哈哈哈哈fdfdfd<br/></p>', '2', '1', '1487230684', '1');
INSERT INTO `ae_calculation_analysis` VALUES ('26', '2', '<p><span style=\"font-size:14px;font-family:宋体;color:#333333\">不定项选择题</span></p><h3 style=\";margin-bottom:0;line-height:22px\"><span style=\"font-size:14px;color:#333333\">1、甲公司向乙公司购买货物，于2014年5月20日签发一张转账支票给乙公司用于支付货款。甲公司出票时，在金额栏内填写“不大于5000元”，并且该支票上未记载收款人名称，约定由乙公司自行填写。<br/> 乙公司派人取支票时，提出金额的填写不符合法律规定，甲公司当即重新签发了一张支票。乙公司取得支票后，在支票收款人处填写上乙公司名称，并于5月22日将该支票背书转让给丙公司。<br/> 丙公司于6月5日向付款银行提示付款。甲公司在付款银行的存款足以支付支票金额，但银行仍然拒绝向丙公司付款。<br/> 要求：根据上述资料，分析回答下列小题。</span></h3><p><span style=\"font-size:14px;font-family:宋体;color:#333333\">&lt;1&gt;&nbsp;<!--1--><!--1--></span><span style=\"font-size:14px;font-family:宋体;color:#333333\">、关于付款银行能否拒绝向丙公司付款的问题上，下列说法正确的是（　　）。</span></p><p style=\";margin-bottom:0;line-height:25px\"><span style=\"font-size:14px;color:#333333\">A</span><span style=\"font-size:14px;color:#333333\">、支票的提示付款期限自出票日起10日&nbsp;</span></p><p style=\";margin-bottom:0;line-height:25px\"><span style=\"font-size:14px;color:#333333\">B</span><span style=\"font-size:14px;color:#333333\">、甲公司签发的支票不能向付款银行支取现金&nbsp;</span></p><p style=\";margin-bottom:0;line-height:25px\"><span style=\"font-size:14px;color:#333333\">C</span><span style=\"font-size:14px;color:#333333\">、支票的提示付款期限自到期日起10日&nbsp;</span></p><p style=\";margin-bottom:0;line-height:25px\"><span style=\"font-size:14px;color:#333333\">D</span><span style=\"font-size:14px;color:#333333\">、付款银行可以拒绝向丙公司付款&nbsp;</span></p><p><span style=\"font-size:14px;font-family:宋体;color:#333333\">&lt;2&gt;&nbsp;<!--2--><!--2--></span><span style=\"font-size:14px;font-family:宋体;color:#333333\">、下列关于甲公司第一次出票时记载金额的说法中，正确的是（　　）。</span></p><p style=\";margin-bottom:0;line-height:25px\"><span style=\"font-size:14px;color:#333333\">A</span><span style=\"font-size:14px;color:#333333\">、由于支票的金额可以授权补记，因此甲公司对该金额的记载是正确的&nbsp;</span></p><p style=\";margin-bottom:0;line-height:25px\"><span style=\"font-size:14px;color:#333333\">B</span><span style=\"font-size:14px;color:#333333\">、签发支票必须记载事项之一是“确定的金额”，甲公司该记载方式不正确&nbsp;</span></p><p style=\";margin-bottom:0;line-height:25px\"><span style=\"font-size:14px;color:#333333\">C</span><span style=\"font-size:14px;color:#333333\">、确定的金额是相对必要记载事项，因此甲公司对该金额的记载是错误的&nbsp;</span></p><p style=\";margin-bottom:0;line-height:25px\"><span style=\"font-size:14px;color:#333333\">D</span><span style=\"font-size:14px;color:#333333\">、签发支票必须记载事项之一是“金额”，该金额可以是确定的，也可以是不确定的，因此甲公司的记载方式正确&nbsp;</span></p><p><span style=\"font-size:14px;font-family:宋体;color:#333333\">&lt;3&gt;&nbsp;<!--3--><!--3--></span><span style=\"font-size:14px;font-family:宋体;color:#333333\">、关于甲公司签发的未记载收款人名称支票的有效性，下列说法正确的是（　　）。</span></p><p style=\";margin-bottom:0;line-height:25px\"><span style=\"font-size:14px;color:#333333\">A</span><span style=\"font-size:14px;color:#333333\">、收款人名称和金额都是可以授权补记的事项&nbsp;</span></p><p style=\";margin-bottom:0;line-height:25px\"><span style=\"font-size:14px;color:#333333\">B</span><span style=\"font-size:14px;color:#333333\">、甲公司签发的未记载收款人名称的支票无效&nbsp;</span></p><p style=\";margin-bottom:0;line-height:25px\"><span style=\"font-size:14px;color:#333333\">C</span><span style=\"font-size:14px;color:#333333\">、甲公司签发的未记载收款人名称的支票有效&nbsp;</span></p><p style=\";margin-bottom:0;line-height:25px\"><span style=\"font-size:14px;color:#333333\">D</span><span style=\"font-size:14px;color:#333333\">、乙公司在提示付款时补记的，该支票可以得到付款&nbsp;</span></p><p><span style=\"font-size:14px;font-family:宋体;color:#333333\">&lt;4&gt;&nbsp;<!--4--><!--4--></span><span style=\"font-size:14px;font-family:宋体;color:#333333\">、下列关于普通支票的使用范围的表述中，错误的是（　　）。</span></p><p style=\";margin-bottom:0;line-height:25px\"><span style=\"font-size:14px;color:#333333\">A</span><span style=\"font-size:14px;color:#333333\">、划线普通支票只能用于支取现金&nbsp;</span></p><p style=\";margin-bottom:0;line-height:25px\"><span style=\"font-size:14px;color:#333333\">B</span><span style=\"font-size:14px;color:#333333\">、普通支票既可用于转账结算，也可用于支取现金&nbsp;</span></p><p style=\";margin-bottom:0;line-height:25px\"><span style=\"font-size:14px;color:#333333\">C</span><span style=\"font-size:14px;color:#333333\">、转账支票只能用于转账&nbsp;</span></p><p><span style=\"font-size:14px;font-family: &#39;Times New Roman&#39;;color:#333333\">D</span><span style=\"font-size:14px;font-family:宋体;color:#333333\">、现金支票只能用于支取现金</span></p>', '4', '25', '1491018382', '0');
INSERT INTO `ae_calculation_analysis` VALUES ('27', '2', '<p><span style=\"font-size:14px;font-family:宋体;color:#333333\">不定项选择题</span></p><h3 style=\";margin-bottom:0;line-height:22px\"><span style=\"font-size:14px;color:#333333\">1、某县城一家建筑公司为增值税一般纳税人，从事建筑、安装、装饰等多业经营，2016年7月份发生如下业务：<br/> (1)承包一家工厂的厂房建设工程，本月全部完工，建设施工合同中注明工程总价款为2000万元。另外得到对方支付的提前竣工奖120万元。<br/> (2)承包一家服装厂厂房改造工程，工程总价款为500万元，建筑公司购进用于改造工程的材料，取得的增值税专用发票注明的价款为80万元。另支付水电费，取得专用发票注明税额为3万元。<br/> (3)承包一家商场的装饰工程，完工后向商场收取人工费30万元、管理费6万元、辅助材料费3万元。工程主要材料由商场提供。<br/> (4)将本企业闲置的2辆搅拌车出租给其他建筑公司，租期为半年，每月租金为3万元。对方一次性支付租金18万元。<br/> 已知：上述收入均为不含税收入，上述业务均按一般计税方法计算。<br/> 根据上述资料，回答下列问题：</span></h3><p><span style=\"font-size:14px;font-family:宋体;color:#333333\">&lt;1&gt;&nbsp;<!--1--><!--1--><!--1--></span><span style=\"font-size:14px;font-family:宋体;color:#333333\">、业务(1)应缴纳的增值税为（　　）万元。</span></p><p style=\";margin-bottom:0;line-height:25px\"><span style=\"font-size:14px;color:#333333\">A</span><span style=\"font-size:14px;color:#333333\">、231.89&nbsp;</span></p><p style=\";margin-bottom:0;line-height:25px\"><span style=\"font-size:14px;color:#333333\">B</span><span style=\"font-size:14px;color:#333333\">、198.20&nbsp;</span></p><p style=\";margin-bottom:0;line-height:25px\"><span style=\"font-size:14px;color:#333333\">C</span><span style=\"font-size:14px;color:#333333\">、100&nbsp;</span></p><p style=\";margin-bottom:0;line-height:25px\"><span style=\"font-size:14px;color:#333333\">D</span><span style=\"font-size:14px;color:#333333\">、95.24&nbsp;</span></p><p><span style=\"font-size:14px;font-family:宋体;color:#333333\">&lt;2&gt;&nbsp;<!--2--><!--2--><!--2--></span><span style=\"font-size:14px;font-family:宋体;color:#333333\">、业务(2)应缴纳的增值税为（　　）万元。</span></p><p style=\";margin-bottom:0;line-height:25px\"><span style=\"font-size:14px;color:#333333\">A</span><span style=\"font-size:14px;color:#333333\">、49.55&nbsp;</span></p><p style=\";margin-bottom:0;line-height:25px\"><span style=\"font-size:14px;color:#333333\">B</span><span style=\"font-size:14px;color:#333333\">、38.4&nbsp;</span></p><p style=\";margin-bottom:0;line-height:25px\"><span style=\"font-size:14px;color:#333333\">C</span><span style=\"font-size:14px;color:#333333\">、35.95&nbsp;</span></p><p style=\";margin-bottom:0;line-height:25px\"><span style=\"font-size:14px;color:#333333\">D</span><span style=\"font-size:14px;color:#333333\">、32.95&nbsp;</span></p><p><span style=\"font-size:14px;font-family:宋体;color:#333333\">&lt;3&gt;&nbsp;<!--3--><!--3--><!--3--></span><span style=\"font-size:14px;font-family:宋体;color:#333333\">、业务(3)应缴纳的增值税为（　　）万元。</span></p><p style=\";margin-bottom:0;line-height:25px\"><span style=\"font-size:14px;color:#333333\">A</span><span style=\"font-size:14px;color:#333333\">、2.48&nbsp;</span></p><p style=\";margin-bottom:0;line-height:25px\"><span style=\"font-size:14px;color:#333333\">B</span><span style=\"font-size:14px;color:#333333\">、2.68&nbsp;</span></p><p style=\";margin-bottom:0;line-height:25px\"><span style=\"font-size:14px;color:#333333\">C</span><span style=\"font-size:14px;color:#333333\">、4.29&nbsp;</span></p><p style=\";margin-bottom:0;line-height:25px\"><span style=\"font-size:14px;color:#333333\">D</span><span style=\"font-size:14px;color:#333333\">、3.75&nbsp;</span></p><p><span style=\"font-size:14px;font-family:宋体;color:#333333\">&lt;4&gt;&nbsp;<!--4--><!--4--><!--4--></span><span style=\"font-size:14px;font-family:宋体;color:#333333\">、业务(4)应缴纳的增值税为（　　）万元。</span></p><p style=\";margin-bottom:0;line-height:25px\"><span style=\"font-size:14px;color:#333333\">A</span><span style=\"font-size:14px;color:#333333\">、0.30&nbsp;</span></p><p style=\";margin-bottom:0;line-height:25px\"><span style=\"font-size:14px;color:#333333\">B</span><span style=\"font-size:14px;color:#333333\">、0.44&nbsp;</span></p><p style=\";margin-bottom:0;line-height:25px\"><span style=\"font-size:14px;color:#333333\">C</span><span style=\"font-size:14px;color:#333333\">、1.78&nbsp;</span></p><p style=\"margin-bottom: 0px; line-height: 25px;\"><span style=\"font-size:14px;color:#333333\">D</span><span style=\"font-size:14px;color:#333333\">、3.06&nbsp;</span></p>', '4', '26', '1491018686', '0');
INSERT INTO `ae_calculation_analysis` VALUES ('28', '2', '<h3 style=\";margin-bottom:0;line-height:22px\"><span style=\"font-size:14px;color:#333333\">不定项选择题</span></h3><h3 style=\";margin-bottom:0;line-height:22px\"><span style=\"color: rgb(51, 51, 51); font-size: 14px;\">2、星星商场为增值税一般纳税人。2015年6月份发生如下经济业务：</span></h3><h3 style=\";margin-bottom:0;line-height:22px\"><span style=\"font-size:14px;color:#333333\"> （1）销售特种空调取得含税销售收入177840元，通过某运输公司配送所销售的空调，取得了该运输公司开具的货物运输业增值税专用发票，发票上记载的运费金额为3000元。<br/> （2）销售电视机120台，每台含税零售单价为2223元。<br/> （3）购进电冰箱50台，不含税单价800元，货款已付；购进手机100台，不含税单价600元，货款已付。两项业务均已取得增值税专用发票。<br/> （4）当月该商场销售其他商品含税销售额为163800元。<br/> 已知：增值税适用税率为17%；取得的增值税专用发票均通过税务机关认证。<br/> 要求：根据上述资料，分析回答下列小题：</span></h3><p><span style=\"font-size:14px;font-family:宋体;color:#333333\">&lt;1&gt;&nbsp;<!--1--></span><span style=\"font-size:14px;font-family:宋体;color:#333333\">、星星商场委托运输公司配送空调，可以抵扣的进项税额为（　　）。</span></p><p style=\";margin-bottom:0;line-height:25px\"><span style=\"font-size:14px;color:#333333\">A</span><span style=\"font-size:14px;color:#333333\">、3000÷（1+17%）×17%=435.9元&nbsp;</span></p><p style=\";margin-bottom:0;line-height:25px\"><span style=\"font-size:14px;color:#333333\">B</span><span style=\"font-size:14px;color:#333333\">、3000÷（1+11%）×11%=297.3元&nbsp;</span></p><p style=\";margin-bottom:0;line-height:25px\"><span style=\"font-size:14px;color:#333333\">C</span><span style=\"font-size:14px;color:#333333\">、3000×17%=510元&nbsp;</span></p><p style=\";margin-bottom:0;line-height:25px\"><span style=\"font-size:14px;color:#333333\">D</span><span style=\"font-size:14px;color:#333333\">、3000×11%=330元&nbsp;</span></p><p><span style=\"font-size:14px;font-family:宋体;color:#333333\">&lt;2&gt;&nbsp;<!--2--></span><span style=\"font-size:14px;font-family:宋体;color:#333333\">、星星商场当月可以抵扣的进项税额是（　　）。</span></p><p style=\";margin-bottom:0;line-height:25px\"><span style=\"font-size:14px;color:#333333\">A</span><span style=\"font-size:14px;color:#333333\">、17510元&nbsp;</span></p><p style=\";margin-bottom:0;line-height:25px\"><span style=\"font-size:14px;color:#333333\">B</span><span style=\"font-size:14px;color:#333333\">、17435.9元&nbsp;</span></p><p style=\";margin-bottom:0;line-height:25px\"><span style=\"font-size:14px;color:#333333\">C</span><span style=\"font-size:14px;color:#333333\">、17330元&nbsp;</span></p><p style=\";margin-bottom:0;line-height:25px\"><span style=\"font-size:14px;color:#333333\">D</span><span style=\"font-size:14px;color:#333333\">、17297.3元&nbsp;</span></p><p><span style=\"font-size:14px;font-family:宋体;color:#333333\">&lt;3&gt;&nbsp;<!--3--></span><span style=\"font-size:14px;font-family:宋体;color:#333333\">、下列关于星星商场2015年6月的销项税额的计算中，正确的是（　　）。</span></p><p style=\";margin-bottom:0;line-height:25px\"><span style=\"font-size:14px;color:#333333\">A</span><span style=\"font-size:14px;color:#333333\">、177840÷（1＋17％）×17％＋2223÷（1＋17％）×120×17％＋163800÷（1＋17％）×17％＝88400元&nbsp;</span></p><p style=\";margin-bottom:0;line-height:25px\"><span style=\"font-size:14px;color:#333333\">B</span><span style=\"font-size:14px;color:#333333\">、177840×17％＋2223×120×17％＋163800×17％＝103428元&nbsp;</span></p><p style=\";margin-bottom:0;line-height:25px\"><span style=\"font-size:14px;color:#333333\">C</span><span style=\"font-size:14px;color:#333333\">、177840×17％＋2223×120×17％＝75582元&nbsp;</span></p><p style=\";margin-bottom:0;line-height:25px\"><span style=\"font-size:14px;color:#333333\">D</span><span style=\"font-size:14px;color:#333333\">、177840×17％＋163800×17％＝58078.8元&nbsp;</span></p><p><span style=\"font-size:14px;font-family:宋体;color:#333333\">&lt;4&gt;&nbsp;<!--4--></span><span style=\"font-size:14px;font-family:宋体;color:#333333\">、星星商场2015年6月应纳增值税为（　　）。</span></p><p style=\";margin-bottom:0;line-height:25px\"><span style=\"font-size:14px;color:#333333\">A</span><span style=\"font-size:14px;color:#333333\">、85992.1元&nbsp;</span></p><p style=\";margin-bottom:0;line-height:25px\"><span style=\"font-size:14px;color:#333333\">B</span><span style=\"font-size:14px;color:#333333\">、71070元&nbsp;</span></p><p style=\";margin-bottom:0;line-height:25px\"><span style=\"font-size:14px;color:#333333\">C</span><span style=\"font-size:14px;color:#333333\">、70890元&nbsp;</span></p><p style=\"margin-bottom: 0px; line-height: 25px;\"><span style=\"font-size:14px;color:#333333\">D</span><span style=\"font-size:14px;color:#333333\">、86130.7元&nbsp;</span></p>', '4', '26', '1491018998', '0');
INSERT INTO `ae_calculation_analysis` VALUES ('29', '2', '<p><span style=\"font-size:14px;font-family:宋体;color:#333333\">不定项选择题</span></p><h3 style=\";margin-bottom:0;line-height:22px\"><span style=\"font-size:14px;color:#333333\">1、某居民企业于2009年5月注册成立进行生产经营，2014年度生产经营情况如下：<br/> （1）销售产品取得不含税收入9000万元；取得违约金收入10万元；<br/> （2）从另一非上市的居民企业处取得权益性投资收益30万元；<br/> （3）产品销售成本3500万元、营业税金及附加200万元、销售费用1000万元、财务费用200万元、管理费用1200万元，另外，企业当年共缴纳540万元增值税；<br/> （4）营业外支出800万元，其中赞助支出60万元，被工商机关罚款20万元；<br/> （5）全年计入成本费用并实际支付工资800万元，发生的工会经费17.5万元，职工福利费90万元（不包括列入企业员工工资薪金制度、固定与工资薪金一起发放的福利性补贴），职工教育经费45万元。<br/> 已知：2013年企业亏损300万元。<br/> 要求：根据上述资料，回答下列小题。</span></h3><p><span style=\"font-size:14px;font-family:宋体;color:#333333\">&lt;1&gt;&nbsp;<!--1--></span><span style=\"font-size:14px;font-family:宋体;color:#333333\">、下列关于违约金及权益性投资收益的表述中正确的是（　　）。</span></p><p style=\";margin-bottom:0;line-height:25px\"><span style=\"font-size:14px;color:#333333\">A</span><span style=\"font-size:14px;color:#333333\">、该企业取得违约金收入不计入应纳税所得额&nbsp;</span></p><p style=\";margin-bottom:0;line-height:25px\"><span style=\"font-size:14px;color:#333333\">B</span><span style=\"font-size:14px;color:#333333\">、该企业取得违约金收入计入应纳税所得额&nbsp;</span></p><p style=\";margin-bottom:0;line-height:25px\"><span style=\"font-size:14px;color:#333333\">C</span><span style=\"font-size:14px;color:#333333\">、该企业取得的权益性投资收益为免税收入&nbsp;</span></p><p style=\";margin-bottom:0;line-height:25px\"><span style=\"font-size:14px;color:#333333\">D</span><span style=\"font-size:14px;color:#333333\">、该企业取得的权益性投资收益为征税收入&nbsp;</span></p><p><span style=\"font-size:14px;font-family:宋体;color:#333333\">&lt;2&gt;&nbsp;<!--2--></span><span style=\"font-size:14px;font-family:宋体;color:#333333\">、下列关于所得税前扣除项目的说法中，不正确的是（　　）。</span></p><p style=\";margin-bottom:0;line-height:25px\"><span style=\"font-size:14px;color:#333333\">A</span><span style=\"font-size:14px;color:#333333\">、企业营业税金及附加200万元可以税前扣除&nbsp;</span></p><p style=\";margin-bottom:0;line-height:25px\"><span style=\"font-size:14px;color:#333333\">B</span><span style=\"font-size:14px;color:#333333\">、企业当年缴纳的增值税可以税前扣除&nbsp;</span></p><p style=\";margin-bottom:0;line-height:25px\"><span style=\"font-size:14px;color:#333333\">C</span><span style=\"font-size:14px;color:#333333\">、企业的赞助支出可以税前扣除&nbsp;</span></p><p style=\";margin-bottom:0;line-height:25px\"><span style=\"font-size:14px;color:#333333\">D</span><span style=\"font-size:14px;color:#333333\">、企业被工商机关罚款可以税前扣除&nbsp;</span></p><p><span style=\"font-size:14px;font-family:宋体;color:#333333\">&lt;3&gt;&nbsp;<!--3--></span><span style=\"font-size:14px;font-family:宋体;color:#333333\">、下列关于该企业计算应纳税所得额时，三项经费的调整中，说法正确的是（　　）。</span></p><p style=\";margin-bottom:0;line-height:25px\"><span style=\"font-size:14px;color:#333333\">A</span><span style=\"font-size:14px;color:#333333\">、工会经费应调增应纳税所得额1.5万元&nbsp;</span></p><p style=\";margin-bottom:0;line-height:25px\"><span style=\"font-size:14px;color:#333333\">B</span><span style=\"font-size:14px;color:#333333\">、职工福利费应调增应纳税额22万元&nbsp;</span></p><p style=\";margin-bottom:0;line-height:25px\"><span style=\"font-size:14px;color:#333333\">C</span><span style=\"font-size:14px;color:#333333\">、职工福利费可以据实扣除&nbsp;</span></p><p style=\";margin-bottom:0;line-height:25px\"><span style=\"font-size:14px;color:#333333\">D</span><span style=\"font-size:14px;color:#333333\">、职工教育经费应调增应纳税所得额25万元&nbsp;</span></p><p><span style=\"font-size:14px;font-family:宋体;color:#333333\">&lt;4&gt;&nbsp;<!--4--></span><span style=\"font-size:14px;font-family:宋体;color:#333333\">、该企业2014年度应缴纳的企业所得税为（　　）万元。</span></p><p style=\";margin-bottom:0;line-height:25px\"><span style=\"font-size:14px;color:#333333\">A</span><span style=\"font-size:14px;color:#333333\">、451.625&nbsp;</span></p><p style=\";margin-bottom:0;line-height:25px\"><span style=\"font-size:14px;color:#333333\">B</span><span style=\"font-size:14px;color:#333333\">、479.125&nbsp;</span></p><p style=\";margin-bottom:0;line-height:25px\"><span style=\"font-size:14px;color:#333333\">C</span><span style=\"font-size:14px;color:#333333\">、534.125&nbsp;</span></p><p style=\"margin-bottom: 0px; line-height: 25px;\"><span style=\"font-size:14px;color:#333333\">D</span><span style=\"font-size:14px;color:#333333\">、596.625&nbsp;</span></p>', '4', '27', '1491019288', '0');
INSERT INTO `ae_calculation_analysis` VALUES ('30', '2', '<h3 style=\";margin-bottom:0;line-height:22px\"><span style=\"font-size:14px;color:#333333\">不定项选择题</span></h3><h3 style=\";margin-bottom:0;line-height:22px\"><span style=\"font-size:14px;color:#333333\">2、中国公民胡某系专业画家，以绘画为生。胡某2012年1～12月收入情况如下：<br/> （1）一次取得绘画收入23000元；<br/> （2）将其自有的4间面积为150平方米的住房出租给张某居住，租期1年。每月租金收入2500元，全年租金收入30000元；当年7月份对房屋进行修缮，发生修理费用500元；（不考虑相关税费）<br/> （3）取得保险赔款20000元；<br/> （4）取得购买企业债券利息5000元；<br/> （5）从A上市公司取得股息所得16000元（持股6个月），从B非上市公司取得股息所得7000元。<br/> 要求：根据上述资料，回答下列小题。</span></h3><p><span style=\"font-size:14px;font-family:宋体;color:#333333\">&lt;1&gt;&nbsp;<!--1--></span><span style=\"font-size:14px;font-family:宋体;color:#333333\">、胡某绘画收入与财产租赁收入合计应纳个税（　　）元。</span></p><p style=\";margin-bottom:0;line-height:25px\"><span style=\"font-size:14px;color:#333333\">A</span><span style=\"font-size:14px;color:#333333\">、5720&nbsp;</span></p><p style=\";margin-bottom:0;line-height:25px\"><span style=\"font-size:14px;color:#333333\">B</span><span style=\"font-size:14px;color:#333333\">、5670&nbsp;</span></p><p style=\";margin-bottom:0;line-height:25px\"><span style=\"font-size:14px;color:#333333\">C</span><span style=\"font-size:14px;color:#333333\">、5510&nbsp;</span></p><p style=\";margin-bottom:0;line-height:25px\"><span style=\"font-size:14px;color:#333333\">D</span><span style=\"font-size:14px;color:#333333\">、5000&nbsp;</span></p><p><span style=\"font-size:14px;font-family:宋体;color:#333333\">&lt;2&gt;&nbsp;<!--2--></span><span style=\"font-size:14px;font-family:宋体;color:#333333\">、胡某收到的保险赔款与债券利息收入合计应纳个税（　　）元。</span></p><p style=\";margin-bottom:0;line-height:25px\"><span style=\"font-size:14px;color:#333333\">A</span><span style=\"font-size:14px;color:#333333\">、5000&nbsp;</span></p><p style=\";margin-bottom:0;line-height:25px\"><span style=\"font-size:14px;color:#333333\">B</span><span style=\"font-size:14px;color:#333333\">、500&nbsp;</span></p><p style=\";margin-bottom:0;line-height:25px\"><span style=\"font-size:14px;color:#333333\">C</span><span style=\"font-size:14px;color:#333333\">、0&nbsp;</span></p><p style=\";margin-bottom:0;line-height:25px\"><span style=\"font-size:14px;color:#333333\">D</span><span style=\"font-size:14px;color:#333333\">、1000&nbsp;</span></p><p><span style=\"font-size:14px;font-family:宋体;color:#333333\">&lt;3&gt;&nbsp;<!--3--></span><span style=\"font-size:14px;font-family:宋体;color:#333333\">、下列关于各项收入应缴纳所得税的说法不正确的是（　　）。</span></p><p style=\";margin-bottom:0;line-height:25px\"><span style=\"font-size:14px;color:#333333\">A</span><span style=\"font-size:14px;color:#333333\">、个人取得上市公司的股息所得减半征收个人所得税&nbsp;</span></p><p style=\";margin-bottom:0;line-height:25px\"><span style=\"font-size:14px;color:#333333\">B</span><span style=\"font-size:14px;color:#333333\">、保险赔偿按偶然所得征收个人所得税&nbsp;</span></p><p style=\";margin-bottom:0;line-height:25px\"><span style=\"font-size:14px;color:#333333\">C</span><span style=\"font-size:14px;color:#333333\">、股票转让所得按现行规定应征收个人所得税&nbsp;</span></p><p style=\";margin-bottom:0;line-height:25px\"><span style=\"font-size:14px;color:#333333\">D</span><span style=\"font-size:14px;color:#333333\">、个人取得国债利息收入免征个人所得税&nbsp;</span></p><p><span style=\"font-size:14px;font-family:宋体;color:#333333\">&lt;4&gt;&nbsp;<!--4--></span><span style=\"font-size:14px;font-family:宋体;color:#333333\">、胡某2012年合计应纳个人所得税（　　）元。</span></p><p style=\";margin-bottom:0;line-height:25px\"><span style=\"font-size:14px;color:#333333\">A</span><span style=\"font-size:14px;color:#333333\">、9670&nbsp;</span></p><p style=\";margin-bottom:0;line-height:25px\"><span style=\"font-size:14px;color:#333333\">B</span><span style=\"font-size:14px;color:#333333\">、9510&nbsp;</span></p><p style=\";margin-bottom:0;line-height:25px\"><span style=\"font-size:14px;color:#333333\">C</span><span style=\"font-size:14px;color:#333333\">、11270&nbsp;</span></p><p><span style=\"font-size:14px;font-family: &#39;Times New Roman&#39;;color:#333333\">D</span><span style=\"font-size:14px;font-family:宋体;color:#333333\">、</span><span style=\"font-size:14px;font-family:&#39;Times New Roman&#39;;color:#333333\">8970</span></p><p><br/></p>', '4', '27', '1491019602', '0');
INSERT INTO `ae_calculation_analysis` VALUES ('31', '2', '<p><span style=\"font-size:14px;font-family:宋体;color:#333333\">不定项选择题</span><span style=\"font-size: 14px;color:#333333\"> </span></p><p><strong><span style=\"font-size:14px\">1</span></strong><strong><span style=\"font-size:14px;font-family:宋体\">、</span></strong><strong><span style=\"font-size:14px\">2013</span></strong><strong><span style=\"font-size:14px;font-family: 宋体\">年至</span></strong><strong><span style=\"font-size:14px\">2014</span></strong><strong><span style=\"font-size:14px;font-family: 宋体\">年甲公司长期股权投资相关业务如下：</span></strong><strong><span style=\"font-size:14px\"><br/> </span></strong><strong><span style=\"font-size:14px;font-family:宋体\">（</span></strong><strong><span style=\"font-size:14px\">1</span></strong><strong><span style=\"font-size:14px;font-family:宋体\">）</span></strong><strong><span style=\"font-size:14px\">2013</span></strong><strong><span style=\"font-size:14px;font-family: 宋体\">年</span></strong><strong><span style=\"font-size:14px\">1</span></strong><strong><span style=\"font-size:14px;font-family: 宋体\">月</span></strong><strong><span style=\"font-size:14px\">1</span></strong><strong><span style=\"font-size:14px;font-family: 宋体\">日，委托证券公司购入乙公司发行的股票</span></strong><strong><span style=\"font-size:14px\">200</span></strong><strong><span style=\"font-size:14px;font-family: 宋体\">万股准备长期持有，占乙公司股份的</span></strong><strong><span style=\"font-size:14px\">30%</span></strong><strong><span style=\"font-size:14px;font-family: 宋体\">，每股买入价为</span></strong><strong><span style=\"font-size:14px\">5</span></strong><strong><span style=\"font-size:14px;font-family: 宋体\">元，另支付相关税费</span></strong><strong><span style=\"font-size:14px\">2</span></strong><strong><span style=\"font-size:14px;font-family: 宋体\">万元，款项已支付，甲公司对乙公司具有重大影响，</span></strong><strong><span style=\"font-size:14px\">2012</span></strong><strong><span style=\"font-size:14px;font-family: 宋体\">年</span></strong><strong><span style=\"font-size:14px\">12</span></strong><strong><span style=\"font-size:14px;font-family: 宋体\">月</span></strong><strong><span style=\"font-size:14px\">31</span></strong><strong><span style=\"font-size:14px;font-family: 宋体\">日乙公司所有者权益的账面价值为</span></strong><strong><span style=\"font-size:14px\">3000</span></strong><strong><span style=\"font-size:14px;font-family: 宋体\">万元。（与公允价值不存在差异）</span></strong><strong><span style=\"font-size:14px\"><br/> </span></strong><strong><span style=\"font-size:14px;font-family:宋体\">（</span></strong><strong><span style=\"font-size:14px\">2</span></strong><strong><span style=\"font-size:14px;font-family:宋体\">）</span></strong><strong><span style=\"font-size:14px\">2013</span></strong><strong><span style=\"font-size:14px;font-family: 宋体\">年乙公司实现净利润</span></strong><strong><span style=\"font-size:14px\">800</span></strong><strong><span style=\"font-size:14px;font-family: 宋体\">万元。</span></strong><strong><span style=\"font-size:14px\"><br/> </span></strong><strong><span style=\"font-size:14px;font-family:宋体\">（</span></strong><strong><span style=\"font-size:14px\">3</span></strong><strong><span style=\"font-size:14px;font-family:宋体\">）</span></strong><strong><span style=\"font-size:14px\">2014</span></strong><strong><span style=\"font-size:14px;font-family: 宋体\">年</span></strong><strong><span style=\"font-size:14px\">5</span></strong><strong><span style=\"font-size:14px;font-family: 宋体\">月</span></strong><strong><span style=\"font-size:14px\">10</span></strong><strong><span style=\"font-size:14px;font-family: 宋体\">日乙公司宣告发放</span></strong><strong><span style=\"font-size:14px\">2013</span></strong><strong><span style=\"font-size:14px;font-family: 宋体\">年现金股利</span></strong><strong><span style=\"font-size:14px\">500</span></strong><strong><span style=\"font-size:14px;font-family: 宋体\">万元。</span></strong><strong><span style=\"font-size:14px\"><br/> </span></strong><strong><span style=\"font-size:14px;font-family:宋体\">（</span></strong><strong><span style=\"font-size:14px\">4</span></strong><strong><span style=\"font-size:14px;font-family:宋体\">）</span></strong><strong><span style=\"font-size:14px\">2014</span></strong><strong><span style=\"font-size:14px;font-family: 宋体\">年</span></strong><strong><span style=\"font-size:14px\">12</span></strong><strong><span style=\"font-size:14px;font-family: 宋体\">月</span></strong><strong><span style=\"font-size:14px\">31</span></strong><strong><span style=\"font-size:14px;font-family: 宋体\">日，乙公司可供出售的金融资产的公允价值增加了</span></strong><strong><span style=\"font-size:14px\">200</span></strong><strong><span style=\"font-size:14px;font-family: 宋体\">万元。</span></strong><strong><span style=\"font-size:14px\"><br/> </span></strong><strong><span style=\"font-size:14px;font-family:宋体\">要求：根据上述资料，回答下列第（</span></strong><strong><span style=\"font-size:14px\">1</span></strong><strong><span style=\"font-size:14px;font-family: 宋体\">）</span></strong><strong><span style=\"font-size:14px\">~</span></strong><strong><span style=\"font-size:14px;font-family: 宋体\">（</span></strong><strong><span style=\"font-size:14px\">5</span></strong><strong><span style=\"font-size:14px;font-family: 宋体\">）题。</span></strong><span style=\"font-size:14px;color:#333333\">5</span><span style=\"font-size:14px;font-family:宋体;color:#333333\">分</span></p><p><span style=\"font-size:14px;color:#333333\">&lt;1&gt;<!--1--></span><span style=\"font-size:14px;font-family:宋体;color:#333333\">、根据资料（</span><span style=\"font-size:14px;color:#333333\">1</span><span style=\"font-size:14px;font-family:宋体;color:#333333\">），</span><span style=\"font-size:14px;color:#333333\">2013</span><span style=\"font-size:14px;font-family:宋体;color:#333333\">年</span><span style=\"font-size:14px;color:#333333\">1</span><span style=\"font-size:14px;font-family:宋体;color:#333333\">月</span><span style=\"font-size:14px;color:#333333\">1</span><span style=\"font-size:14px;font-family:宋体;color:#333333\">日甲公司会计处理的结果正确的是（）。</span></p><p style=\";margin-bottom:0;line-height: 25px\"><span style=\"font-size:14px;color:#333333\">A</span><span style=\"font-size:14px;color:#333333\">、其他货币资金减少1002万元&nbsp; </span></p><p style=\";margin-bottom:0;line-height: 25px\"><span style=\"font-size:14px;color:#333333\">B</span><span style=\"font-size:14px;color:#333333\">、长期股权投资增加1002万元&nbsp; </span></p><p style=\";margin-bottom:0;line-height: 25px\"><span style=\"font-size:14px;color:#333333\">C</span><span style=\"font-size:14px;color:#333333\">、营业外收入增加102万元&nbsp; </span></p><p style=\";margin-bottom:0;line-height: 25px\"><span style=\"font-size:14px;color:#333333\">D</span><span style=\"font-size:14px;color:#333333\">、长期股权投资增加900万元&nbsp; </span></p><p><span style=\"font-size:14px;color:#333333\">&lt;2&gt;<!--2--></span><span style=\"font-size:14px;font-family:宋体;color:#333333\">、根据资料（</span><span style=\"font-size:14px;color:#333333\">2</span><span style=\"font-size:14px;font-family:宋体;color:#333333\">），甲公司会计处理正确的是（）。</span></p><p style=\";margin-bottom:0;line-height: 25px\"><span style=\"font-size:14px;color:#333333\">A</span><span style=\"font-size:14px;color:#333333\">、长期股权投资的账面增加800万元&nbsp; </span></p><p style=\";margin-bottom:0;line-height: 25px\"><span style=\"font-size:14px;color:#333333\">B</span><span style=\"font-size:14px;color:#333333\">、长期股权投资的账面增加240万元&nbsp; </span></p><p style=\";margin-bottom:0;line-height: 25px\"><span style=\"font-size:14px;color:#333333\">C</span><span style=\"font-size:14px;color:#333333\">、确认投资收益800万元&nbsp; </span></p><p style=\";margin-bottom:0;line-height: 25px\"><span style=\"font-size:14px;color:#333333\">D</span><span style=\"font-size:14px;color:#333333\">、确认投资收益240万元&nbsp; </span></p><p><span style=\"font-size:14px;color:#333333\">&lt;3&gt;<!--3--></span><span style=\"font-size:14px;font-family:宋体;color:#333333\">、根据资料（</span><span style=\"font-size:14px;color:#333333\">3</span><span style=\"font-size:14px;font-family:宋体;color:#333333\">），会计处理正确的是（）。</span></p><p style=\";margin-bottom:0;line-height: 25px\"><span style=\"font-size:14px;color:#333333\">A</span><span style=\"font-size:14px;color:#333333\">、借：应收股利500<br/> 贷：长期股权投资—损益调整500&nbsp; </span></p><p style=\";margin-bottom:0;line-height: 25px\"><span style=\"font-size:14px;color:#333333\">B</span><span style=\"font-size:14px;color:#333333\">、借：应收股利150<br/> 贷：长期股权投资—损益调整150&nbsp; </span></p><p style=\";margin-bottom:0;line-height: 25px\"><span style=\"font-size:14px;color:#333333\">C</span><span style=\"font-size:14px;color:#333333\">、借：应收利息150<br/> 贷：长期股权投资—损益调整150&nbsp; </span></p><p style=\";margin-bottom:0;line-height: 25px\"><span style=\"font-size:14px;color:#333333\">D</span><span style=\"font-size:14px;color:#333333\">、借：银行存款500<br/> 贷：应收利息500&nbsp; </span></p><p><span style=\"font-size:14px;color:#333333\">&lt;4&gt;<!--4--></span><span style=\"font-size:14px;font-family:宋体;color:#333333\">、根据资料（</span><span style=\"font-size:14px;color:#333333\">4</span><span style=\"font-size:14px;font-family:宋体;color:#333333\">），下列说法中不正确的是（）。</span></p><p style=\";margin-bottom:0;line-height: 25px\"><span style=\"font-size:14px;color:#333333\">A</span><span style=\"font-size:14px;color:#333333\">、长期股权投资账面价值增加200万元&nbsp; </span></p><p style=\";margin-bottom:0;line-height: 25px\"><span style=\"font-size:14px;color:#333333\">B</span><span style=\"font-size:14px;color:#333333\">、其他综合收益增加60万元&nbsp; </span></p><p style=\";margin-bottom:0;line-height: 25px\"><span style=\"font-size:14px;color:#333333\">C</span><span style=\"font-size:14px;color:#333333\">、公允价值变动损益减少60万元&nbsp; </span></p><p style=\";margin-bottom:0;line-height: 25px\"><span style=\"font-size:14px;color:#333333\">D</span><span style=\"font-size:14px;color:#333333\">、甲公司不做账务处理&nbsp; </span></p><p><span style=\"font-size:14px;color:#333333\">&lt;5&gt;<!--5--></span><span style=\"font-size:14px;font-family:宋体;color:#333333\">、结合资料（</span><span style=\"font-size:14px;color:#333333\">1</span><span style=\"font-size:14px;font-family:宋体;color:#333333\">）</span><span style=\"font-size:14px;color:#333333\">~</span><span style=\"font-size:14px;font-family:宋体;color:#333333\">（</span><span style=\"font-size:14px;color:#333333\">4</span><span style=\"font-size:14px;font-family:宋体;color:#333333\">），甲公司长期股权投资的账面价值是（）万元。</span></p><p style=\";margin-bottom:0;line-height: 25px\"><span style=\"font-size:14px;color:#333333\">A</span><span style=\"font-size:14px;color:#333333\">、1242&nbsp; </span></p><p style=\";margin-bottom:0;line-height: 25px\"><span style=\"font-size:14px;color:#333333\">B</span><span style=\"font-size:14px;color:#333333\">、1152&nbsp; </span></p><p style=\";margin-bottom:0;line-height: 25px\"><span style=\"font-size:14px;color:#333333\">C</span><span style=\"font-size:14px;color:#333333\">、900&nbsp; </span></p><p style=\"margin-bottom: 0px; line-height: 25px;\"><span style=\"font-size:14px;color:#333333\">D</span><span style=\"font-size:14px;color:#333333\">、1002 &nbsp;</span></p>', '5', '13', '1491020810', '0');
INSERT INTO `ae_calculation_analysis` VALUES ('32', '2', '<p><strong><span style=\"font-size:14px\">2</span></strong><strong><span style=\"font-size:14px;font-family:宋体\">、甲公司为上市公司，为了提高闲置资金的使用率，甲公司利用其多余资金进行投资，具体情况如下：</span></strong><strong><span style=\"font-size:14px\"><br/> </span></strong><strong><span style=\"font-size:14px;font-family:宋体\">（</span></strong><strong><span style=\"font-size:14px\">1</span></strong><strong><span style=\"font-size:14px;font-family:宋体\">）</span></strong><strong><span style=\"font-size:14px\">2012</span></strong><strong><span style=\"font-size:14px;font-family: 宋体\">年</span></strong><strong><span style=\"font-size:14px\">5</span></strong><strong><span style=\"font-size:14px;font-family: 宋体\">月</span></strong><strong><span style=\"font-size:14px\">20</span></strong><strong><span style=\"font-size:14px;font-family: 宋体\">日，甲公司从深圳证券交易所购入乙公司股票</span></strong><strong><span style=\"font-size:14px\">100</span></strong><strong><span style=\"font-size:14px;font-family: 宋体\">万股，占乙公司有表决权股份的</span></strong><strong><span style=\"font-size:14px\">5%</span></strong><strong><span style=\"font-size:14px;font-family: 宋体\">，支付价款合计</span></strong><strong><span style=\"font-size:14px\">508</span></strong><strong><span style=\"font-size:14px;font-family: 宋体\">万元，其中证券交易税费等交易费用</span></strong><strong><span style=\"font-size:14px\">0.8</span></strong><strong><span style=\"font-size:14px;font-family: 宋体\">万元，已宣告但尚未发放的现金股利为</span></strong><strong><span style=\"font-size:14px\">7.2</span></strong><strong><span style=\"font-size:14px;font-family: 宋体\">万元。甲公司将其划分为可供出售金融资产。</span></strong><strong><span style=\"font-size:14px\"><br/> </span></strong><strong><span style=\"font-size:14px;font-family:宋体\">（</span></strong><strong><span style=\"font-size:14px\">2</span></strong><strong><span style=\"font-size:14px;font-family:宋体\">）</span></strong><strong><span style=\"font-size:14px\">2012</span></strong><strong><span style=\"font-size:14px;font-family: 宋体\">年</span></strong><strong><span style=\"font-size:14px\">6</span></strong><strong><span style=\"font-size:14px;font-family: 宋体\">月</span></strong><strong><span style=\"font-size:14px\">20</span></strong><strong><span style=\"font-size:14px;font-family: 宋体\">日甲公司收到乙公司发放的现金股利</span></strong><strong><span style=\"font-size:14px\">7.2</span></strong><strong><span style=\"font-size:14px;font-family: 宋体\">万元。</span></strong><strong><span style=\"font-size:14px\"><br/> </span></strong><strong><span style=\"font-size:14px;font-family:宋体\">（</span></strong><strong><span style=\"font-size:14px\">3</span></strong><strong><span style=\"font-size:14px;font-family:宋体\">）</span></strong><strong><span style=\"font-size:14px\">2012</span></strong><strong><span style=\"font-size:14px;font-family: 宋体\">年</span></strong><strong><span style=\"font-size:14px\">6</span></strong><strong><span style=\"font-size:14px;font-family: 宋体\">月</span></strong><strong><span style=\"font-size:14px\">30</span></strong><strong><span style=\"font-size:14px;font-family: 宋体\">日，乙公司股票收盘价为每股</span></strong><strong><span style=\"font-size:14px\">4.2</span></strong><strong><span style=\"font-size:14px;font-family: 宋体\">元，甲公司预计股票价格下跌是暂时的。</span></strong><strong><span style=\"font-size:14px\"><br/> </span></strong><strong><span style=\"font-size:14px;font-family:宋体\">（</span></strong><strong><span style=\"font-size:14px\">4</span></strong><strong><span style=\"font-size:14px;font-family:宋体\">）</span></strong><strong><span style=\"font-size:14px\">2012</span></strong><strong><span style=\"font-size:14px;font-family: 宋体\">年</span></strong><strong><span style=\"font-size:14px\">12</span></strong><strong><span style=\"font-size:14px;font-family: 宋体\">月</span></strong><strong><span style=\"font-size:14px\">31</span></strong><strong><span style=\"font-size:14px;font-family: 宋体\">日，乙公司收盘价继续下跌为每股</span></strong><strong><span style=\"font-size:14px\">3.9</span></strong><strong><span style=\"font-size:14px;font-family: 宋体\">元，确定可供出售金融资产发生减值。</span></strong><strong><span style=\"font-size:14px\"><br/> </span></strong><strong><span style=\"font-size:14px;font-family:宋体\">（</span></strong><strong><span style=\"font-size:14px\">5</span></strong><strong><span style=\"font-size:14px;font-family:宋体\">）</span></strong><strong><span style=\"font-size:14px\">2013</span></strong><strong><span style=\"font-size:14px;font-family: 宋体\">年</span></strong><strong><span style=\"font-size:14px\">4</span></strong><strong><span style=\"font-size:14px;font-family: 宋体\">月</span></strong><strong><span style=\"font-size:14px\">20</span></strong><strong><span style=\"font-size:14px;font-family: 宋体\">日，乙公司宣告发放</span></strong><strong><span style=\"font-size:14px\">2012</span></strong><strong><span style=\"font-size:14px;font-family: 宋体\">年的现金股利为</span></strong><strong><span style=\"font-size:14px\">200</span></strong><strong><span style=\"font-size:14px;font-family: 宋体\">万元。</span></strong><strong><span style=\"font-size:14px\"><br/> </span></strong><strong><span style=\"font-size:14px;font-family:宋体\">（</span></strong><strong><span style=\"font-size:14px\">6</span></strong><strong><span style=\"font-size:14px;font-family:宋体\">）</span></strong><strong><span style=\"font-size:14px\">2013</span></strong><strong><span style=\"font-size:14px;font-family: 宋体\">年</span></strong><strong><span style=\"font-size:14px\">5</span></strong><strong><span style=\"font-size:14px;font-family: 宋体\">月</span></strong><strong><span style=\"font-size:14px\">10</span></strong><strong><span style=\"font-size:14px;font-family: 宋体\">日，甲公司收到乙公司发放</span></strong><strong><span style=\"font-size:14px\">2012</span></strong><strong><span style=\"font-size:14px;font-family: 宋体\">年现金股利。</span></strong><strong><span style=\"font-size:14px\"><br/> </span></strong><strong><span style=\"font-size:14px;font-family:宋体\">（</span></strong><strong><span style=\"font-size:14px\">7</span></strong><strong><span style=\"font-size:14px;font-family:宋体\">）</span></strong><strong><span style=\"font-size:14px\">2013</span></strong><strong><span style=\"font-size:14px;font-family: 宋体\">年上半年，乙公司财务状况好转，业绩较上年有较大提升，</span></strong><strong><span style=\"font-size:14px\">2013</span></strong><strong><span style=\"font-size:14px;font-family: 宋体\">年</span></strong><strong><span style=\"font-size:14px\">6</span></strong><strong><span style=\"font-size:14px;font-family: 宋体\">月</span></strong><strong><span style=\"font-size:14px\">30</span></strong><strong><span style=\"font-size:14px;font-family: 宋体\">日，乙公司收盘价为每股</span></strong><strong><span style=\"font-size:14px\">4.5</span></strong><strong><span style=\"font-size:14px;font-family: 宋体\">元。</span></strong><strong><span style=\"font-size:14px\"><br/> </span></strong><strong><span style=\"font-size:14px;font-family:宋体\">（</span></strong><strong><span style=\"font-size:14px\">8</span></strong><strong><span style=\"font-size:14px;font-family:宋体\">）</span></strong><strong><span style=\"font-size:14px\">2013</span></strong><strong><span style=\"font-size:14px;font-family: 宋体\">年</span></strong><strong><span style=\"font-size:14px\">12</span></strong><strong><span style=\"font-size:14px;font-family: 宋体\">月</span></strong><strong><span style=\"font-size:14px\">31</span></strong><strong><span style=\"font-size:14px;font-family: 宋体\">日，乙公司收盘价继续上涨为每股</span></strong><strong><span style=\"font-size:14px\">5.5</span></strong><strong><span style=\"font-size:14px;font-family: 宋体\">元。</span></strong><strong><span style=\"font-size:14px\"><br/> </span></strong><strong><span style=\"font-size:14px;font-family:宋体\">（</span></strong><strong><span style=\"font-size:14px\">9</span></strong><strong><span style=\"font-size:14px;font-family:宋体\">）</span></strong><strong><span style=\"font-size:14px\">2014</span></strong><strong><span style=\"font-size:14px;font-family: 宋体\">年</span></strong><strong><span style=\"font-size:14px\">1</span></strong><strong><span style=\"font-size:14px;font-family: 宋体\">月</span></strong><strong><span style=\"font-size:14px\">10</span></strong><strong><span style=\"font-size:14px;font-family: 宋体\">日，甲公司以</span></strong><strong><span style=\"font-size:14px\">6.50</span></strong><strong><span style=\"font-size:14px;font-family: 宋体\">元价格将该股票全部转让。</span></strong><strong><span style=\"font-size:14px\"><br/> </span></strong><strong><span style=\"font-size:14px;font-family:宋体\">假定不考虑所得税和其他因素的影响。</span></strong><strong><span style=\"font-size:14px\"><br/> </span></strong><strong><span style=\"font-size:14px;font-family:宋体\">要求：根据上述资料，回答下列（</span></strong><strong><span style=\"font-size:14px\">1</span></strong><strong><span style=\"font-size:14px;font-family: 宋体\">）～（</span></strong><strong><span style=\"font-size:14px\">3</span></strong><strong><span style=\"font-size:14px;font-family: 宋体\">）题。</span></strong><strong><span style=\"font-size:14px\"> 3</span></strong><strong><span style=\"font-size:14px;font-family:宋体\">分</span></strong></p><p><span style=\"font-size:14px;color:#333333\">&lt;1&gt;<!--1--><!--1--></span><span style=\"font-size:14px;font-family:宋体;color:#333333\">、根据资料（</span><span style=\"font-size:14px;color:#333333\">1</span><span style=\"font-size:14px;font-family:宋体;color:#333333\">）～（</span><span style=\"font-size:14px;color:#333333\">3</span><span style=\"font-size:14px;font-family:宋体;color:#333333\">），下列说法正确的是（　）。</span></p><p style=\";margin-bottom:0;line-height: 25px\"><span style=\"font-size:14px;color:#333333\">A</span><span style=\"font-size:14px;color:#333333\">、可供出售金融资产的入账价值是508万元&nbsp; </span></p><p style=\";margin-bottom:0;line-height: 25px\"><span style=\"font-size:14px;color:#333333\">B</span><span style=\"font-size:14px;color:#333333\">、资料（2）收到的现金股利应确认为投资收益&nbsp; </span></p><p style=\";margin-bottom:0;line-height: 25px\"><span style=\"font-size:14px;color:#333333\">C</span><span style=\"font-size:14px;color:#333333\">、资料（3）由于股票价格的波动，甲公司要相应调整当期损益&nbsp; </span></p><p style=\";margin-bottom:0;line-height: 25px\"><span style=\"font-size:14px;color:#333333\">D</span><span style=\"font-size:14px;color:#333333\">、资料（3）由于股票价格的波动，甲公司要相应调整其他综合收益&nbsp; </span></p><p><span style=\"font-size:14px;color:#333333\">&lt;2&gt;<!--2--><!--2--></span><span style=\"font-size:14px;font-family:宋体;color:#333333\">、根据资料（</span><span style=\"font-size:14px;color:#333333\">4</span><span style=\"font-size:14px;font-family:宋体;color:#333333\">）～（</span><span style=\"font-size:14px;color:#333333\">5</span><span style=\"font-size:14px;font-family:宋体;color:#333333\">），下列说法正确的是（　）。</span></p><p style=\";margin-bottom:0;line-height: 25px\"><span style=\"font-size:14px;color:#333333\">A</span><span style=\"font-size:14px;color:#333333\">、资料（4）中甲公司要调整资产减值损失110.8万元&nbsp; </span></p><p style=\";margin-bottom:0;line-height: 25px\"><span style=\"font-size:14px;color:#333333\">B</span><span style=\"font-size:14px;color:#333333\">、资料（4）中甲公司要调整其他综合收益80.8万元&nbsp; </span></p><p style=\";margin-bottom:0;line-height: 25px\"><span style=\"font-size:14px;color:#333333\">C</span><span style=\"font-size:14px;color:#333333\">、资料（4）中甲公司要调整可供出售金融资产30万元&nbsp; </span></p><p style=\";margin-bottom:0;line-height: 25px\"><span style=\"font-size:14px;color:#333333\">D</span><span style=\"font-size:14px;color:#333333\">、资料（5）中甲公司应确认投资收益10万元&nbsp; </span></p><p><span style=\"font-size:14px;color:#333333\">&lt;3&gt;<!--3--><!--3--></span><span style=\"font-size:14px;font-family:宋体;color:#333333\">、根据资料（</span><span style=\"font-size:14px;color:#333333\">7</span><span style=\"font-size:14px;font-family:宋体;color:#333333\">）～（</span><span style=\"font-size:14px;color:#333333\">9</span><span style=\"font-size:14px;font-family:宋体;color:#333333\">），下列说法正确的是（　）。</span></p><p style=\";margin-bottom:0;line-height: 25px\"><span style=\"font-size:14px;color:#333333\">A</span><span style=\"font-size:14px;color:#333333\">、资料（7）中甲公司的其他综合收益增加60万元&nbsp; </span></p><p style=\";margin-bottom:0;line-height: 25px\"><span style=\"font-size:14px;color:#333333\">B</span><span style=\"font-size:14px;color:#333333\">、资料（8）中甲公司的可供出售金融资产增加160万元&nbsp; </span></p><p style=\";margin-bottom:0;line-height: 25px\"><span style=\"font-size:14px;color:#333333\">C</span><span style=\"font-size:14px;color:#333333\">、出售时可供出售金融资产的账面余额是550万元&nbsp; </span></p><p style=\"margin-bottom: 0px; line-height: 25px;\"><span style=\"font-size:14px;color:#333333\">D</span><span style=\"font-size:14px;color:#333333\">、出售可供出售金融资产时应确认的投资收益是260万元 &nbsp;</span></p>', '5', '13', '1491021186', '0');
INSERT INTO `ae_calculation_analysis` VALUES ('33', '2', '<p><strong><span style=\"font-size:14px\">2012</span></strong><strong><span style=\"font-size:14px;font-family:宋体\">年</span></strong><strong><span style=\"font-size:14px\">5</span></strong><strong><span style=\"font-size:14px;font-family: 宋体\">月</span></strong><strong><span style=\"font-size:14px\">10</span></strong><strong><span style=\"font-size:14px;font-family: 宋体\">日，甲公司以</span></strong><strong><span style=\"font-size:14px\">620</span></strong><strong><span style=\"font-size:14px;font-family: 宋体\">万元（含已宣告但尚未领取的现金股利</span></strong><strong><span style=\"font-size:14px\">20</span></strong><strong><span style=\"font-size:14px;font-family: 宋体\">万元）购入乙公司股票</span></strong><strong><span style=\"font-size:14px\">200</span></strong><strong><span style=\"font-size:14px;font-family: 宋体\">万股作为交易性金融资产，另支付手续费</span></strong><strong><span style=\"font-size:14px\">6</span></strong><strong><span style=\"font-size:14px;font-family: 宋体\">万元。</span></strong><strong><span style=\"font-size:14px\"><br/> 5</span></strong><strong><span style=\"font-size:14px;font-family:宋体\">月</span></strong><strong><span style=\"font-size:14px\">30</span></strong><strong><span style=\"font-size:14px;font-family:宋体\">日，甲公司收到现金股利</span></strong><strong><span style=\"font-size:14px\">20</span></strong><strong><span style=\"font-size:14px;font-family: 宋体\">万元。</span></strong><strong><span style=\"font-size:14px\">2012</span></strong><strong><span style=\"font-size:14px;font-family: 宋体\">年</span></strong><strong><span style=\"font-size:14px\">6</span></strong><strong><span style=\"font-size:14px;font-family: 宋体\">月</span></strong><strong><span style=\"font-size:14px\">30</span></strong><strong><span style=\"font-size:14px;font-family: 宋体\">日，该股票每股市价为</span></strong><strong><span style=\"font-size:14px\">3.2</span></strong><strong><span style=\"font-size:14px;font-family: 宋体\">元。</span></strong><strong><span style=\"font-size:14px\"><br/> 8</span></strong><strong><span style=\"font-size:14px;font-family:宋体\">月</span></strong><strong><span style=\"font-size:14px\">10</span></strong><strong><span style=\"font-size:14px;font-family:宋体\">日，乙公司宣告分派现金股利，每股</span></strong><strong><span style=\"font-size:14px\">0.20</span></strong><strong><span style=\"font-size:14px;font-family: 宋体\">元。</span></strong><strong><span style=\"font-size:14px\"><br/> 8</span></strong><strong><span style=\"font-size:14px;font-family:宋体\">月</span></strong><strong><span style=\"font-size:14px\">20</span></strong><strong><span style=\"font-size:14px;font-family:宋体\">日，甲公司收到分派的现金股利。</span></strong><strong><span style=\"font-size:14px\"><br/> 12</span></strong><strong><span style=\"font-size: 14px;font-family:宋体\">月</span></strong><strong><span style=\"font-size:14px\">31</span></strong><strong><span style=\"font-size:14px;font-family:宋体\">日，甲公司仍持有该交易性金融资产，期末每股市价为</span></strong><strong><span style=\"font-size:14px\">3.6</span></strong><strong><span style=\"font-size:14px;font-family: 宋体\">元。</span></strong><strong><span style=\"font-size:14px\"><br/> 2013</span></strong><strong><span style=\"font-size: 14px;font-family:宋体\">年</span></strong><strong><span style=\"font-size:14px\">1</span></strong><strong><span style=\"font-size:14px;font-family:宋体\">月</span></strong><strong><span style=\"font-size:14px\">3</span></strong><strong><span style=\"font-size:14px;font-family: 宋体\">日甲公司以</span></strong><strong><span style=\"font-size:14px\">630</span></strong><strong><span style=\"font-size:14px;font-family: 宋体\">万元出售该交易性金融资产。假定甲公司每年</span></strong><strong><span style=\"font-size:14px\">6</span></strong><strong><span style=\"font-size:14px;font-family: 宋体\">月</span></strong><strong><span style=\"font-size:14px\">30</span></strong><strong><span style=\"font-size:14px;font-family: 宋体\">日和</span></strong><strong><span style=\"font-size:14px\">12</span></strong><strong><span style=\"font-size:14px;font-family: 宋体\">月</span></strong><strong><span style=\"font-size:14px\">31</span></strong><strong><span style=\"font-size:14px;font-family: 宋体\">日对外提供财务报告。</span></strong><strong><span style=\"font-size:14px\"><br/> </span></strong><strong><span style=\"font-size:14px;font-family:宋体\">要求：根据上述资料，不考虑其他因素，分析回答下列第（</span></strong><strong><span style=\"font-size:14px\">1</span></strong><strong><span style=\"font-size:14px;font-family: 宋体\">）～（</span></strong><strong><span style=\"font-size:14px\">4</span></strong><strong><span style=\"font-size:14px;font-family: 宋体\">）小题。（答案中金额单位用万元表示）</span></strong><strong><span style=\"font-size:14px\">4</span></strong><strong><span style=\"font-size:14px;font-family: 宋体\">分</span></strong><strong><span style=\"font-size:14px\"> </span></strong></p><p><span style=\"font-size:14px;color:#333333\">&lt;1&gt;<!--1--></span><span style=\"font-size:14px;font-family:宋体;color:#333333\">、甲公司</span><span style=\"font-size: 14px;color:#333333\">2012</span><span style=\"font-size:14px;font-family:宋体;color:#333333\">年</span><span style=\"font-size:14px;color:#333333\">5</span><span style=\"font-size:14px;font-family:宋体;color:#333333\">月</span><span style=\"font-size:14px;color:#333333\">10</span><span style=\"font-size:14px;font-family:宋体;color:#333333\">日取得交易性金融资产时，下列各项中正确的是（　）。</span></p><p style=\";margin-bottom:0;line-height: 25px\"><span style=\"font-size:14px;color:#333333\">A</span><span style=\"font-size:14px;color:#333333\">、交易性金融资产取得时入账价值为600万元&nbsp; </span></p><p style=\";margin-bottom:0;line-height: 25px\"><span style=\"font-size:14px;color:#333333\">B</span><span style=\"font-size:14px;color:#333333\">、交易性金融资产取得时入账价值为626万元&nbsp; </span></p><p style=\";margin-bottom:0;line-height: 25px\"><span style=\"font-size:14px;color:#333333\">C</span><span style=\"font-size:14px;color:#333333\">、交易性金融资产取得时入账价值为620万元&nbsp; </span></p><p style=\";margin-bottom:0;line-height: 25px\"><span style=\"font-size:14px;color:#333333\">D</span><span style=\"font-size:14px;color:#333333\">、交易性金融资产取得时入账价值为606万元&nbsp; </span></p><p><span style=\"font-size:14px;color:#333333\">&lt;2&gt;<!--2--></span><span style=\"font-size:14px;font-family:宋体;color:#333333\">、关于甲公司</span><span style=\"font-size:14px;color:#333333\">2012</span><span style=\"font-size:14px;font-family:宋体;color:#333333\">年交易性金融资产的会计处理，下列各项中正确的是（　）。</span></p><p style=\";margin-bottom:0;line-height: 25px\"><span style=\"font-size:14px;color:#333333\">A</span><span style=\"font-size:14px;color:#333333\">、2012年8月10日应确认投资收益40万元&nbsp; </span></p><p style=\";margin-bottom:0;line-height: 25px\"><span style=\"font-size:14px;color:#333333\">B</span><span style=\"font-size:14px;color:#333333\">、2012年8月10日应冲减交易性金融资产成本40万元&nbsp; </span></p><p style=\";margin-bottom:0;line-height: 25px\"><span style=\"font-size:14px;color:#333333\">C</span><span style=\"font-size:14px;color:#333333\">、2012年度应确认公允价值变动损益80万元&nbsp; </span></p><p style=\";margin-bottom:0;line-height: 25px\"><span style=\"font-size:14px;color:#333333\">D</span><span style=\"font-size:14px;color:#333333\">、2012年度应确认公允价值变动损益120万元&nbsp; </span></p><p><span style=\"font-size:14px;color:#333333\">&lt;3&gt;<!--3--></span><span style=\"font-size:14px;font-family:宋体;color:#333333\">、甲公司</span><span style=\"font-size: 14px;color:#333333\">2012</span><span style=\"font-size:14px;font-family:宋体;color:#333333\">年与交易性金融资产有关的会计分录，下列各项中，会计处理结果正确的是（　）。</span></p><p style=\";margin-bottom:0;line-height: 25px\"><span style=\"font-size:14px;color:#333333\">A</span><span style=\"font-size:14px;color:#333333\">、2012年5月10日购入时<br/> 借：交易性金融资产—成本 600<br/> 　　应收股利 20<br/> 　　投资收益 6<br/> 　　贷：银行存款 626&nbsp; </span></p><p style=\";margin-bottom:0;line-height: 25px\"><span style=\"font-size:14px;color:#333333\">B</span><span style=\"font-size:14px;color:#333333\">、2012年6月30日确认公允价值变动<br/> 借：交易性金融资产—公允价值变动 40<br/> 　　贷：公允价值变动损益 40&nbsp; </span></p><p style=\";margin-bottom:0;line-height: 25px\"><span style=\"font-size:14px;color:#333333\">C</span><span style=\"font-size:14px;color:#333333\">、2012年8月10日宣告分派现金股利时 <br/> 借：应收股利 40 <br/> 　　贷：投资收益 40&nbsp; </span></p><p style=\";margin-bottom:0;line-height: 25px\"><span style=\"font-size:14px;color:#333333\">D</span><span style=\"font-size:14px;color:#333333\">、2012年12月31日 确认公允价值变动时<br/> 借：交易性金融资产—公允价值变动 80<br/> 　　贷：公允价值变动损益 80&nbsp; </span></p><p><span style=\"font-size:14px;color:#333333\">&lt;4&gt;<!--4--></span><span style=\"font-size:14px;font-family:宋体;color:#333333\">、甲公司从取得交易性金融资产至出售交易性金融资产，下列各项中，会计处理结果正确的是（　）。</span></p><p style=\";margin-bottom:0;line-height: 25px\"><span style=\"font-size:14px;color:#333333\">A</span><span style=\"font-size:14px;color:#333333\">、出售交易性金融资产时应确认投资收益30万元&nbsp; </span></p><p style=\";margin-bottom:0;line-height: 25px\"><span style=\"font-size:14px;color:#333333\">B</span><span style=\"font-size:14px;color:#333333\">、出售交易性金融资产时应确认投资收益-90万元&nbsp; </span></p><p style=\";margin-bottom:0;line-height: 25px\"><span style=\"font-size:14px;color:#333333\">C</span><span style=\"font-size:14px;color:#333333\">、出售交易性金融资产时影响的利润总额为-90万元&nbsp; </span></p><p style=\"margin-bottom: 0px; line-height: 25px;\"><span style=\"font-size:14px;color:#333333\">D</span><span style=\"font-size:14px;color:#333333\">、从取得至出售交易性金融资产的累计损益为64万元 &nbsp;</span></p>', '5', '13', '1491025841', '0');
INSERT INTO `ae_calculation_analysis` VALUES ('34', '2', '<p><strong><span style=\"font-size:14px;font-family:宋体\">某公司为一家上市公司，属于增值税一般纳税企业，适用的增值税税率为</span></strong><strong><span style=\"font-size:14px\">17</span></strong><strong><span style=\"font-size:14px;font-family: 宋体\">％，自</span></strong><strong><span style=\"font-size:14px\">2011</span></strong><strong><span style=\"font-size:14px;font-family: 宋体\">年至</span></strong><strong><span style=\"font-size:14px\">2014</span></strong><strong><span style=\"font-size:14px;font-family: 宋体\">年与固定资产有关的业务资料如下：</span></strong><strong><span style=\"font-size:14px\"><br/> </span></strong><strong><span style=\"font-size:14px;font-family:宋体\">（</span></strong><strong><span style=\"font-size:14px\">1</span></strong><strong><span style=\"font-size:14px;font-family:宋体\">）</span></strong><strong><span style=\"font-size:14px\">2011</span></strong><strong><span style=\"font-size:14px;font-family: 宋体\">年</span></strong><strong><span style=\"font-size:14px\">12</span></strong><strong><span style=\"font-size:14px;font-family: 宋体\">月</span></strong><strong><span style=\"font-size:14px\">1</span></strong><strong><span style=\"font-size:14px;font-family: 宋体\">日，某公司购入一条需要安装的生产线，取得的增值税专用发票上注明的生产线价款为</span></strong><strong><span style=\"font-size:14px\">1000</span></strong><strong><span style=\"font-size:14px;font-family: 宋体\">万元，增值税额为</span></strong><strong><span style=\"font-size:14px\">170</span></strong><strong><span style=\"font-size:14px;font-family: 宋体\">万元；发生保险费</span></strong><strong><span style=\"font-size:14px\">2.5</span></strong><strong><span style=\"font-size:14px;font-family: 宋体\">万元，款项均以银行存款支付；没有发生其他相关税费。安装期间领用生产用原材料，其实际成本和计税价格均为</span></strong><strong><span style=\"font-size:14px\">10</span></strong><strong><span style=\"font-size:14px;font-family: 宋体\">万元，发生安装工人工资</span></strong><strong><span style=\"font-size:14px\">176.7</span></strong><strong><span style=\"font-size:14px;font-family: 宋体\">万元，没有发生其他相关税费。该原材料未计提存货跌价准备。</span></strong><strong><span style=\"font-size:14px\"><br/> </span></strong><strong><span style=\"font-size:14px;font-family:宋体\">（</span></strong><strong><span style=\"font-size:14px\">2</span></strong><strong><span style=\"font-size:14px;font-family:宋体\">）</span></strong><strong><span style=\"font-size:14px\">2011</span></strong><strong><span style=\"font-size:14px;font-family: 宋体\">年</span></strong><strong><span style=\"font-size:14px\">12</span></strong><strong><span style=\"font-size:14px;font-family: 宋体\">月</span></strong><strong><span style=\"font-size:14px\">31</span></strong><strong><span style=\"font-size:14px;font-family: 宋体\">日，该生产线达到预定可使用状态，当日投入使用。该生产线预计使用年限为</span></strong><strong><span style=\"font-size:14px\">6</span></strong><strong><span style=\"font-size:14px;font-family: 宋体\">年，预计净残值为</span></strong><strong><span style=\"font-size:14px\">13.2</span></strong><strong><span style=\"font-size:14px;font-family: 宋体\">万元，采用直线法计提折旧。</span></strong><strong><span style=\"font-size:14px\"><br/> </span></strong><strong><span style=\"font-size:14px;font-family:宋体\">（</span></strong><strong><span style=\"font-size:14px\">3</span></strong><strong><span style=\"font-size:14px;font-family:宋体\">）</span></strong><strong><span style=\"font-size:14px\">2012</span></strong><strong><span style=\"font-size:14px;font-family: 宋体\">年</span></strong><strong><span style=\"font-size:14px\">12</span></strong><strong><span style=\"font-size:14px;font-family: 宋体\">月</span></strong><strong><span style=\"font-size:14px\">31</span></strong><strong><span style=\"font-size:14px;font-family: 宋体\">日，某公司在对该生产线进行检查时发现其已经发生减值。某公司确定该生产线的可收回金额为</span></strong><strong><span style=\"font-size:14px\">807.2</span></strong><strong><span style=\"font-size:14px;font-family: 宋体\">万元，预计使用年限及净残值不变。</span></strong><strong><span style=\"font-size:14px\"><br/> </span></strong><strong><span style=\"font-size:14px;font-family:宋体\">（</span></strong><strong><span style=\"font-size:14px\">4</span></strong><strong><span style=\"font-size:14px;font-family:宋体\">）</span></strong><strong><span style=\"font-size:14px\">2013</span></strong><strong><span style=\"font-size:14px;font-family: 宋体\">年</span></strong><strong><span style=\"font-size:14px\">6</span></strong><strong><span style=\"font-size:14px;font-family: 宋体\">月</span></strong><strong><span style=\"font-size:14px\">30</span></strong><strong><span style=\"font-size:14px;font-family: 宋体\">日，某公司采用出包方式对该生产线进行改良。当日，该生产线停止使用，开始进行改良。在改良过程中，该公司以银行存款支付工程总价款</span></strong><strong><span style=\"font-size:14px\">122.2</span></strong><strong><span style=\"font-size:14px;font-family: 宋体\">万元。</span></strong><strong><span style=\"font-size:14px\"><br/> </span></strong><strong><span style=\"font-size:14px;font-family:宋体\">（</span></strong><strong><span style=\"font-size:14px\">5</span></strong><strong><span style=\"font-size:14px;font-family:宋体\">）</span></strong><strong><span style=\"font-size:14px\">2013</span></strong><strong><span style=\"font-size:14px;font-family: 宋体\">年</span></strong><strong><span style=\"font-size:14px\">8</span></strong><strong><span style=\"font-size:14px;font-family: 宋体\">月</span></strong><strong><span style=\"font-size:14px\">20</span></strong><strong><span style=\"font-size:14px;font-family: 宋体\">日，改良工程完工验收合格并于当日投入使用，预计尚可使用年限为</span></strong><strong><span style=\"font-size:14px\">5</span></strong><strong><span style=\"font-size:14px;font-family: 宋体\">年，预计净残值为</span></strong><strong><span style=\"font-size:14px\">25</span></strong><strong><span style=\"font-size:14px;font-family: 宋体\">万元，采用直线法计提折旧。</span></strong><strong><span style=\"font-size:14px\">2013</span></strong><strong><span style=\"font-size:14px;font-family: 宋体\">年</span></strong><strong><span style=\"font-size:14px\">12</span></strong><strong><span style=\"font-size:14px;font-family: 宋体\">月</span></strong><strong><span style=\"font-size:14px\">31</span></strong><strong><span style=\"font-size:14px;font-family: 宋体\">日，该生产线未发生减值。</span></strong><strong><span style=\"font-size:14px\"><br/> </span></strong><strong><span style=\"font-size:14px;font-family:宋体\">（</span></strong><strong><span style=\"font-size:14px\">6</span></strong><strong><span style=\"font-size:14px;font-family:宋体\">）</span></strong><strong><span style=\"font-size:14px\">2014</span></strong><strong><span style=\"font-size:14px;font-family: 宋体\">年</span></strong><strong><span style=\"font-size:14px\">4</span></strong><strong><span style=\"font-size:14px;font-family: 宋体\">月</span></strong><strong><span style=\"font-size:14px\">30</span></strong><strong><span style=\"font-size:14px;font-family: 宋体\">日，某公司以</span></strong><strong><span style=\"font-size:14px\">936</span></strong><strong><span style=\"font-size:14px;font-family: 宋体\">万元（含税价）的价格将此生产线卖与丁公司。当日，某公司与丁公司办理完毕财产移交手续。</span></strong><strong><span style=\"font-size:14px\"><br/> </span></strong><strong><span style=\"font-size:14px;font-family:宋体\">要求：根据上述资料，回答下列第（</span></strong><strong><span style=\"font-size:14px\">1</span></strong><strong><span style=\"font-size:14px;font-family: 宋体\">）～（</span></strong><strong><span style=\"font-size:14px\">5</span></strong><strong><span style=\"font-size:14px;font-family: 宋体\">）题。</span></strong><strong><span style=\"font-size:14px\"> 5</span></strong><strong><span style=\"font-size:14px;font-family:宋体\">分</span></strong></p><p><span style=\"font-size:14px;color:#333333\">&lt;1&gt;<!--1--></span><span style=\"font-size:14px;font-family:宋体;color:#333333\">、根据资料（</span><span style=\"font-size:14px;color:#333333\">1</span><span style=\"font-size:14px;font-family:宋体;color:#333333\">），下面表述不正确的是（　）。</span></p><p style=\";margin-bottom:0;line-height: 25px\"><span style=\"font-size:14px;color:#333333\">A</span><span style=\"font-size:14px;color:#333333\">、购入该生产线时应计入在建工程科目的金额为1172.5万元&nbsp; </span></p><p style=\";margin-bottom:0;line-height: 25px\"><span style=\"font-size:14px;color:#333333\">B</span><span style=\"font-size:14px;color:#333333\">、发生保险费2.5万元应该计入固定资产的成本中&nbsp; </span></p><p style=\";margin-bottom:0;line-height: 25px\"><span style=\"font-size:14px;color:#333333\">C</span><span style=\"font-size:14px;color:#333333\">、领用原材料应确认进项税额转出1.7万元&nbsp; </span></p><p style=\";margin-bottom:0;line-height: 25px\"><span style=\"font-size:14px;color:#333333\">D</span><span style=\"font-size:14px;color:#333333\">、发生安装工人工资176.7万元应该记入“应付职工薪酬”科目&nbsp; </span></p><p><span style=\"font-size:14px;color:#333333\">&lt;2&gt;<!--2--></span><span style=\"font-size:14px;font-family:宋体;color:#333333\">、根据资料（</span><span style=\"font-size:14px;color:#333333\">2</span><span style=\"font-size:14px;font-family:宋体;color:#333333\">），</span><span style=\"font-size:14px;color:#333333\">2012</span><span style=\"font-size:14px;font-family:宋体;color:#333333\">年度该生产线计提的折旧额为（　）万元。</span></p><p style=\";margin-bottom:0;line-height: 25px\"><span style=\"font-size:14px;color:#333333\">A</span><span style=\"font-size:14px;color:#333333\">、224.3&nbsp; </span></p><p style=\";margin-bottom:0;line-height: 25px\"><span style=\"font-size:14px;color:#333333\">B</span><span style=\"font-size:14px;color:#333333\">、196&nbsp; </span></p><p style=\";margin-bottom:0;line-height: 25px\"><span style=\"font-size:14px;color:#333333\">C</span><span style=\"font-size:14px;color:#333333\">、198&nbsp; </span></p><p style=\";margin-bottom:0;line-height: 25px\"><span style=\"font-size:14px;color:#333333\">D</span><span style=\"font-size:14px;color:#333333\">、168&nbsp; </span></p><p><span style=\"font-size:14px;color:#333333\">&lt;3&gt;<!--3--></span><span style=\"font-size:14px;font-family:宋体;color:#333333\">、根据上述资料（</span><span style=\"font-size:14px;color:#333333\">3</span><span style=\"font-size:14px;font-family:宋体;color:#333333\">），下面表述中正确的是（　）。</span></p><p style=\";margin-bottom:0;line-height: 25px\"><span style=\"font-size:14px;color:#333333\">A</span><span style=\"font-size:14px;color:#333333\">、该生产线应计提的固定资产减值准备382万元&nbsp; </span></p><p style=\";margin-bottom:0;line-height: 25px\"><span style=\"font-size:14px;color:#333333\">B</span><span style=\"font-size:14px;color:#333333\">、该生产线应计提的固定资产减值准备186万元&nbsp; </span></p><p style=\";margin-bottom:0;line-height: 25px\"><span style=\"font-size:14px;color:#333333\">C</span><span style=\"font-size:14px;color:#333333\">、计提的固定资产减值准备应该贷记“固定资产”科目&nbsp; </span></p><p style=\";margin-bottom:0;line-height: 25px\"><span style=\"font-size:14px;color:#333333\">D</span><span style=\"font-size:14px;color:#333333\">、计提的固定资产减值准备在以后期间可以予以转回&nbsp; </span></p><p><span style=\"font-size:14px;color:#333333\">&lt;4&gt;<!--4--></span><span style=\"font-size:14px;font-family:宋体;color:#333333\">、根据上述资料（</span><span style=\"font-size:14px;color:#333333\">4</span><span style=\"font-size:14px;font-family:宋体;color:#333333\">）～（</span><span style=\"font-size:14px;color:#333333\">5</span><span style=\"font-size:14px;font-family:宋体;color:#333333\">），下面表述中正确的是（　）。</span></p><p style=\";margin-bottom:0;line-height: 25px\"><span style=\"font-size:14px;color:#333333\">A</span><span style=\"font-size:14px;color:#333333\">、2013年度该生产线改良前计提的折旧额为79.4万元&nbsp; </span></p><p style=\";margin-bottom:0;line-height: 25px\"><span style=\"font-size:14px;color:#333333\">B</span><span style=\"font-size:14px;color:#333333\">、改良时，按照固定资产的原值转入在建工程中&nbsp; </span></p><p style=\";margin-bottom:0;line-height: 25px\"><span style=\"font-size:14px;color:#333333\">C</span><span style=\"font-size:14px;color:#333333\">、2013年8月20日改良工程达到预定可使用状态后该生产线的成本为1036万元&nbsp; </span></p><p style=\";margin-bottom:0;line-height: 25px\"><span style=\"font-size:14px;color:#333333\">D</span><span style=\"font-size:14px;color:#333333\">、改良时，需要将原计提的累计折旧的金额予以转出&nbsp; </span></p><p><span style=\"font-size:14px;color:#333333\">&lt;5&gt;<!--5--></span><span style=\"font-size:14px;font-family:宋体;color:#333333\">、根据上述资料（</span><span style=\"font-size:14px;color:#333333\">6</span><span style=\"font-size:14px;font-family:宋体;color:#333333\">），处置该生产线时应确认的处置损益金额为（　）万元。</span></p><p style=\";margin-bottom:0;line-height: 25px\"><span style=\"font-size:14px;color:#333333\">A</span><span style=\"font-size:14px;color:#333333\">、936&nbsp; </span></p><p style=\";margin-bottom:0;line-height: 25px\"><span style=\"font-size:14px;color:#333333\">B</span><span style=\"font-size:14px;color:#333333\">、60&nbsp; </span></p><p style=\";margin-bottom:0;line-height: 25px\"><span style=\"font-size:14px;color:#333333\">C</span><span style=\"font-size:14px;color:#333333\">、－60&nbsp; </span></p><p style=\";margin-bottom:0;line-height: 25px\"><span style=\"font-size:14px;color:#333333\">D</span><span style=\"font-size:14px;color:#333333\">、－236 &nbsp;</span></p><p><br/></p>', '5', '13', '1491026160', '0');
INSERT INTO `ae_calculation_analysis` VALUES ('35', '2', '<p><span style=\"font-size:14px;font-family: 宋体\">不定项选择题</span></p><h3 style=\";margin-bottom:0;line-height:22px\"><span style=\"font-size:14px\">1</span><span style=\"font-size:14px\">、Y股份有限公司(以下简称Y公司)为一家从事工业生产的增值税一般纳税企业。2013年1月1日，所有者权益总额为50000万元，其中股本30000万元，资本公积5000万元，盈余公积6000万元，未分配利润9000万元。2013年度Y公司发生如下经济业务：<br/> (1)甲投资者投入自产产品一批，双方确认价值为2700万元，公允价值是2800万元，税务部门认定增值税为476万元，并开具了增值税专用发票。同时Y公司增加股本2000万元，相关法律手续已办妥。<br/> (2)经股东大会决议，并报有关部门核准，增发普通股3000万股，每股面值1元，每股发行价格5元，按照发行股款的2％向证劵公司支付发行费。发行款已全部收到并存入银行。假定不考虑其他因素。<br/> (3)因扩大经营规模需要，经股东大会批准，Y公司将盈余公积1800万元转增股本。<br/> (4)结转本年实现净利润4000万元。<br/> (5)按税后利润的10％提取法定盈余公积。<br/> (6)向投资者宣告分配现金股利500万元。<br/> (7)将“利润分配—提取法定盈余公积、利润分配—应付现金股利”明细科目余额结转至未分配利润。<br/> 要求：根据上述资料，回答下列第(1)～(5)题。</span></h3><p><span style=\"font-size:14px\">&lt;1&gt;&nbsp;<!--1--></span><span style=\"font-size:14px;font-family:宋体\">、关于甲投资者投入自产产品业务，</span><span style=\"font-size:14px\">Y</span><span style=\"font-size:14px;font-family:宋体\">公司的账务处理中正确的有（）。</span></p><p style=\";margin-bottom:0;line-height: 25px\"><span style=\"font-size:14px\">A</span><span style=\"font-size:14px\">、确认产品的入账价值为2700万元&nbsp;</span></p><p style=\";margin-bottom:0;line-height: 25px\"><span style=\"font-size:14px\">B</span><span style=\"font-size:14px\">、确认产品的入账价值为2800万元&nbsp;</span></p><p style=\";margin-bottom:0;line-height: 25px\"><span style=\"font-size:14px\">C</span><span style=\"font-size:14px\">、确认资本公积—股本溢价贷方金额为1276万元&nbsp;</span></p><p style=\";margin-bottom:0;line-height: 25px\"><span style=\"font-size:14px\">D</span><span style=\"font-size:14px\">、确认资本公积—股本溢价贷方金额为1176万元&nbsp;</span></p><p><span style=\"font-size:14px\">&lt;2&gt;&nbsp;<!--2--></span><span style=\"font-size:14px;font-family:宋体\">、根据资料</span><span style=\"font-size:14px\">(2)</span><span style=\"font-size:14px;font-family:宋体\">，下列表述中不正确的有（）。</span></p><p style=\";margin-bottom:0;line-height: 25px\"><span style=\"font-size:14px\">A</span><span style=\"font-size:14px\">、本次增发股本确认银行存款增加14700万元&nbsp;</span></p><p style=\";margin-bottom:0;line-height: 25px\"><span style=\"font-size:14px\">B</span><span style=\"font-size:14px\">、本次增发股本应确认增加资本公积—股本溢价金额11700万元&nbsp;</span></p><p style=\";margin-bottom:0;line-height: 25px\"><span style=\"font-size:14px\">C</span><span style=\"font-size:14px\">、在溢价发行股票的情况下，公司发行股票的溢价收入，直接冲减当期的财务费用&nbsp;</span></p><p style=\";margin-bottom:0;line-height: 25px\"><span style=\"font-size:14px\">D</span><span style=\"font-size:14px\">、本次增发股本应确认增加资本公积—股本溢价金额12000万元&nbsp;</span></p><p><span style=\"font-size:14px\">&lt;3&gt;&nbsp;<!--3--></span><span style=\"font-size:14px;font-family:宋体\">、</span><span style=\"font-size:14px\">Y</span><span style=\"font-size:14px;font-family:宋体\">公司年末股本账面余额为（）万元。</span></p><p style=\";margin-bottom:0;line-height: 25px\"><span style=\"font-size:14px\">A</span><span style=\"font-size:14px\">、34800&nbsp;</span></p><p style=\";margin-bottom:0;line-height: 25px\"><span style=\"font-size:14px\">B</span><span style=\"font-size:14px\">、36800&nbsp;</span></p><p style=\";margin-bottom:0;line-height: 25px\"><span style=\"font-size:14px\">C</span><span style=\"font-size:14px\">、35000&nbsp;</span></p><p style=\";margin-bottom:0;line-height: 25px\"><span style=\"font-size:14px\">D</span><span style=\"font-size:14px\">、33800&nbsp;</span></p><p><span style=\"font-size:14px\">&lt;4&gt;&nbsp;<!--4--></span><span style=\"font-size:14px;font-family:宋体\">、</span><span style=\"font-size:14px\">Y</span><span style=\"font-size:14px;font-family:宋体\">公司年末资本公积账面余额为（）万元。</span></p><p style=\";margin-bottom:0;line-height: 25px\"><span style=\"font-size:14px\">A</span><span style=\"font-size:14px\">、17976&nbsp;</span></p><p style=\";margin-bottom:0;line-height: 25px\"><span style=\"font-size:14px\">B</span><span style=\"font-size:14px\">、11700&nbsp;</span></p><p style=\";margin-bottom:0;line-height: 25px\"><span style=\"font-size:14px\">C</span><span style=\"font-size:14px\">、12976&nbsp;</span></p><p style=\";margin-bottom:0;line-height: 25px\"><span style=\"font-size:14px\">D</span><span style=\"font-size:14px\">、16700&nbsp;</span></p><p><span style=\"font-size:14px\">&lt;5&gt;&nbsp;<!--5--></span><span style=\"font-size:14px;font-family:宋体\">、下列说法中正确的有（）。</span></p><p style=\";margin-bottom:0;line-height: 25px\"><span style=\"font-size:14px\">A</span><span style=\"font-size:14px\">、Y公司年末未分配利润账面余额为12100万元&nbsp;</span></p><p style=\";margin-bottom:0;line-height: 25px\"><span style=\"font-size:14px\">B</span><span style=\"font-size:14px\">、Y公司年末盈余公积账面余额为4200万元&nbsp;</span></p><p style=\";margin-bottom:0;line-height: 25px\"><span style=\"font-size:14px\">C</span><span style=\"font-size:14px\">、Y公司年末未分配利润账面余额为12500万元&nbsp;</span></p><p><span style=\"font-size:14px;font-family: &#39;Times New Roman&#39;\">D</span><span style=\"font-size:14px;font-family:宋体\">、</span><span style=\"font-size:14px;font-family:&#39;Times New Roman&#39;\">Y</span><span style=\"font-size:14px;font-family:宋体\">公司年末盈余公积账面余额为</span><span style=\"font-size: 14px;font-family:&#39;Times New Roman&#39;\">4600</span><span style=\"font-size:14px;font-family:宋体\">万元</span></p>', '5', '15', '1491026542', '0');
INSERT INTO `ae_calculation_analysis` VALUES ('36', '2', '<p><span style=\"font-size:14px;font-family: 宋体\">不定项选择题</span></p><h3 style=\";margin-bottom:0;line-height:22px\"><span style=\"font-size:14px\">1</span><span style=\"font-size:14px\">、甲公司为一般纳税人工业企业，增值税税率为17%，2014年12月初应收账款余额为40000元，坏账准备账户余额为4000元，期末按应收账款余额的10%计提坏账准备。成本随销售收入予以确认。2014年12月发生以下经济业务：<br/> （1）当月销售给A公司一批X商品，成本为10000元，不含税售价为15000元，未收到价款，已将提货单交给A公司。三天后，由于部分X商品运输途中损坏，经协商予以退回，确认退回20%的X商品，并按规定开给甲公司红字增值税专用发票。<br/> （2）2014年12月8日预收B公司58000元Y商品货款，当月发出Y商品成本为20000元，不含税售价为25000元。<br/> （3）2014年12月11日，向C公司销售Z商品一批，不含税售价为20000元，经双方协调给予10%的商业折扣，实际成本为16000元。已开出增值税专用发票，商品已交付给C公司。为了及早收回货款，甲公司在合同中规定的现金折扣条件为：2/10，1/20，n/30，计算现金折扣不考虑增值税，至2014年末，C公司尚未付款。<br/> （4）2014年12月20日，由于Y商品质量存在问题，给予B公司10%的销售折让，发生的销售折让允许抵扣当期的销项税额。折让金额仍作为B公司的预付账款处理。<br/> （5）年末甲公司得知A公司发生财务困难，可能无法按时归还当月所欠货款，甲公司对应收A公司货款按40%计提坏账准备，其他债务人财务状况正常。当月未发生坏账损失。<br/> 要求：根据上述资料，回答第（1）～（5）题。</span></h3><p><span style=\"font-size:14px\">&lt;1&gt;&nbsp;<!--1--></span><span style=\"font-size:14px;font-family:宋体\">、根据资料（</span><span style=\"font-size:14px\">1</span><span style=\"font-size:14px;font-family:宋体\">），下列处理正确的是（　）。</span></p><p style=\";margin-bottom:0;line-height: 25px\"><span style=\"font-size:14px\">A</span><span style=\"font-size:14px\">、应确认收入15000元&nbsp;</span></p><p style=\";margin-bottom:0;line-height: 25px\"><span style=\"font-size:14px\">B</span><span style=\"font-size:14px\">、不应确认收入，应确认发出商品10000元&nbsp;</span></p><p style=\";margin-bottom:0;line-height: 25px\"><span style=\"font-size:14px\">C</span><span style=\"font-size:14px\">、应确认收入12000元&nbsp;</span></p><p style=\";margin-bottom:0;line-height: 25px\"><span style=\"font-size:14px\">D</span><span style=\"font-size:14px\">、应确认的成本为8000元&nbsp;</span></p><p><span style=\"font-size:14px\">&lt;2&gt;&nbsp;<!--2--></span><span style=\"font-size:14px;font-family:宋体\">、根据资料（</span><span style=\"font-size:14px\">2</span><span style=\"font-size:14px;font-family:宋体\">）、（</span><span style=\"font-size:14px\">4</span><span style=\"font-size:14px;font-family:宋体\">），下列说法不正确的是（　）。</span></p><p style=\";margin-bottom:0;line-height: 25px\"><span style=\"font-size:14px\">A</span><span style=\"font-size:14px\">、预收货款时即应确认收入&nbsp;</span></p><p style=\";margin-bottom:0;line-height: 25px\"><span style=\"font-size:14px\">B</span><span style=\"font-size:14px\">、发生的销售折让直接冲减当期的收入以及成本费用&nbsp;</span></p><p style=\";margin-bottom:0;line-height: 25px\"><span style=\"font-size:14px\">C</span><span style=\"font-size:14px\">、对于Y商品应确认的收入为22500元&nbsp;</span></p><p style=\";margin-bottom:0;line-height: 25px\"><span style=\"font-size:14px\">D</span><span style=\"font-size:14px\">、对于Y商品应确认的成本为18000元&nbsp;</span></p><p><span style=\"font-size:14px\">&lt;3&gt;&nbsp;<!--3--></span><span style=\"font-size:14px;font-family:宋体\">、关于业务（</span><span style=\"font-size:14px\">3</span><span style=\"font-size:14px;font-family:宋体\">）的下列处理中，恰当的是（　）。</span></p><p style=\";margin-bottom:0;line-height: 25px\"><span style=\"font-size:14px\">A</span><span style=\"font-size:14px\">、甲公司应确认主营业务收入20000元&nbsp;</span></p><p style=\";margin-bottom:0;line-height: 25px\"><span style=\"font-size:14px\">B</span><span style=\"font-size:14px\">、甲公司应确认主营业务收入18000元&nbsp;</span></p><p style=\";margin-bottom:0;line-height: 25px\"><span style=\"font-size:14px\">C</span><span style=\"font-size:14px\">、甲公司应收账款的入账价值应为21060元&nbsp;</span></p><p style=\";margin-bottom:0;line-height: 25px\"><span style=\"font-size:14px\">D</span><span style=\"font-size:14px\">、甲公司应收账款的入账价值应为20638.8元&nbsp;</span></p><p><span style=\"font-size:14px\">&lt;4&gt;&nbsp;<!--4--></span><span style=\"font-size:14px;font-family:宋体\">、</span><span style=\"font-size:14px\">2014</span><span style=\"font-size:14px;font-family:宋体\">年年末，应收账款的账面余额为（　）元。</span></p><p style=\";margin-bottom:0;line-height: 25px\"><span style=\"font-size:14px\">A</span><span style=\"font-size:14px\">、78610&nbsp;</span></p><p style=\";margin-bottom:0;line-height: 25px\"><span style=\"font-size:14px\">B</span><span style=\"font-size:14px\">、75100&nbsp;</span></p><p style=\";margin-bottom:0;line-height: 25px\"><span style=\"font-size:14px\">C</span><span style=\"font-size:14px\">、104350&nbsp;</span></p><p style=\";margin-bottom:0;line-height: 25px\"><span style=\"font-size:14px\">D</span><span style=\"font-size:14px\">、74678.8&nbsp;</span></p><p><span style=\"font-size:14px\">&lt;5&gt;&nbsp;<!--5--></span><span style=\"font-size:14px;font-family:宋体\">、</span><span style=\"font-size:14px\">2014</span><span style=\"font-size:14px;font-family:宋体\">年年末，应计提的坏账准备为（　）元。</span></p><p style=\";margin-bottom:0;line-height: 25px\"><span style=\"font-size:14px\">A</span><span style=\"font-size:14px\">、7722&nbsp;</span></p><p style=\";margin-bottom:0;line-height: 25px\"><span style=\"font-size:14px\">B</span><span style=\"font-size:14px\">、7510&nbsp;</span></p><p style=\";margin-bottom:0;line-height: 25px\"><span style=\"font-size:14px\">C</span><span style=\"font-size:14px\">、9126&nbsp;</span></p><p style=\"margin-bottom: 0px; line-height: 25px;\"><span style=\"font-size:14px\">D</span><span style=\"font-size:14px\">、11722&nbsp;</span></p>', '5', '16', '1491027576', '0');
INSERT INTO `ae_calculation_analysis` VALUES ('37', '2', '<h3 style=\";margin-bottom:0;line-height:22px\"><span style=\"font-size:14px\">甲公司为增值税一般纳税人，适用的增值税税率为17％，所得税税率25％，售价中均不含增值税。假定销售商品和提供劳务均符合收入确认条件，其成本在确认收入时逐笔结转，不考虑其他因素。2014年12月，甲公司发生如下交易或事项：<br/> （1）1日，与乙公司签订为期6个月的劳务合同，完工时一次性收取费用，合同总价款为240万元。至12月31日，实际发生劳务成本30万元（均为职工薪酬），估计为完成该合同还将发生劳务成本150万元。假定该项劳务交易的结果能够可靠估计，甲公司按实际发生的成本占估计总成本的比例确定劳务完工进度。<br/> （2）3日，销售一批商品，增值税专用发票上注明的销售价格为50万元，款项尚未收到。该批材料的实际成本为35万元。<br/> （3）10日，对外转让一项专利使用权，一次性收取使用费90万元存入银行，且不再提供后续服务，该专利本月应摊销15万元。<br/> （4）15日，向本公司行政管理人员发放自产产品作为职工福利，该批产品的计税价格为30万元，实际成本为20万元。<br/> （5）20日，甲公司收到财政补助的本月财政贴息资金6万元存入银行。<br/> （6）本月另发生销售费用共计35万元，财务费用5万元，行政罚款5万元。<br/> 根据上述资料，不考虑其他因素，回答下列问题：</span></h3><p><span style=\"font-size:14px\">&lt;2&gt;&nbsp;<!--2--><!--2--><!--2--></span><span style=\"font-size:14px;font-family:宋体\">、根据资料（</span><span style=\"font-size:14px\">1</span><span style=\"font-size:14px;font-family:宋体\">），</span><span style=\"font-size:14px\">12</span><span style=\"font-size:14px;font-family:宋体\">月份应确认的劳务收入为（　）万元。</span></p><p style=\";margin-bottom:0;line-height: 25px\"><span style=\"font-size:14px\">A</span><span style=\"font-size:14px\">、240&nbsp;</span></p><p style=\";margin-bottom:0;line-height: 25px\"><span style=\"font-size:14px\">B</span><span style=\"font-size:14px\">、48&nbsp;</span></p><p style=\";margin-bottom:0;line-height: 25px\"><span style=\"font-size:14px\">C</span><span style=\"font-size:14px\">、40&nbsp;</span></p><p style=\";margin-bottom:0;line-height: 25px\"><span style=\"font-size:14px\">D</span><span style=\"font-size:14px\">、30&nbsp;</span></p><p><span style=\"font-size:14px\">&lt;3&gt;&nbsp;<!--3--><!--3--><!--3--></span><span style=\"font-size:14px;font-family:宋体\">、根据资料（</span><span style=\"font-size:14px\">3</span><span style=\"font-size:14px;font-family:宋体\">），下列表述正确的是（　）。</span></p><p style=\";margin-bottom:0;line-height: 25px\"><span style=\"font-size:14px\">A</span><span style=\"font-size:14px\">、收取的使用费收入应计入营业外收入&nbsp;</span></p><p style=\";margin-bottom:0;line-height: 25px\"><span style=\"font-size:14px\">B</span><span style=\"font-size:14px\">、本月摊销的金额属于其他业务成本&nbsp;</span></p><p style=\";margin-bottom:0;line-height: 25px\"><span style=\"font-size:14px\">C</span><span style=\"font-size:14px\">、本月应将使用费收入确认为递延收益&nbsp;</span></p><p style=\";margin-bottom:0;line-height: 25px\"><span style=\"font-size:14px\">D</span><span style=\"font-size:14px\">、本月确认收入90万元&nbsp;</span></p><p><span style=\"font-size:14px\">&lt;4&gt;&nbsp;<!--4--><!--4--><!--4--></span><span style=\"font-size:14px;font-family:宋体\">、根据资料（</span><span style=\"font-size:14px\">4</span><span style=\"font-size:14px;font-family:宋体\">），下列处理中，错误的是（　）。</span></p><p style=\";margin-bottom:0;line-height: 25px\"><span style=\"font-size:14px\">A</span><span style=\"font-size:14px\">、向本企业员工发放自产产品也需要确认销项税额&nbsp;</span></p><p style=\";margin-bottom:0;line-height: 25px\"><span style=\"font-size:14px\">B</span><span style=\"font-size:14px\">、确认应付职工薪酬25.1万元&nbsp;</span></p><p style=\";margin-bottom:0;line-height: 25px\"><span style=\"font-size:14px\">C</span><span style=\"font-size:14px\">、这项业务应增加企业的管理费用35.1万元&nbsp;</span></p><p style=\";margin-bottom:0;line-height: 25px\"><span style=\"font-size:14px\">D</span><span style=\"font-size:14px\">、该业务不确认收入，按照产品的成本结转入应付职工薪酬&nbsp;</span></p><p><span style=\"font-size:14px\">&lt;5&gt;&nbsp;<!--5--><!--5--><!--5--></span><span style=\"font-size:14px;font-family:宋体\">、</span><span style=\"font-size:14px\">12</span><span style=\"font-size:14px;font-family:宋体\">月份，实现的营业利润为（　）万元。</span></p><p style=\";margin-bottom:0;line-height: 25px\"><span style=\"font-size:14px\">A</span><span style=\"font-size:14px\">、34.9&nbsp;</span></p><p style=\";margin-bottom:0;line-height: 25px\"><span style=\"font-size:14px\">B</span><span style=\"font-size:14px\">、35.9&nbsp;</span></p><p style=\";margin-bottom:0;line-height: 25px\"><span style=\"font-size:14px\">C</span><span style=\"font-size:14px\">、29.9&nbsp;</span></p><p style=\";margin-bottom:0;line-height: 25px\"><span style=\"font-size:14px\">D</span><span style=\"font-size:14px\">、70&nbsp;</span></p><p><span style=\"font-size:14px\">&lt;6&gt;&nbsp;<!--6--><!--6--><!--6--></span><span style=\"font-size:14px;font-family:宋体\">、本月应计算的所得税费用为（　）万元。</span></p><p style=\";margin-bottom:0;line-height: 25px\"><span style=\"font-size:14px\">A</span><span style=\"font-size:14px\">、8.975&nbsp;</span></p><p style=\";margin-bottom:0;line-height: 25px\"><span style=\"font-size:14px\">B</span><span style=\"font-size:14px\">、19&nbsp;</span></p><p style=\";margin-bottom:0;line-height: 25px\"><span style=\"font-size:14px\">C</span><span style=\"font-size:14px\">、10.225&nbsp;</span></p><p style=\"margin-bottom: 0px; line-height: 25px;\"><span style=\"font-size:14px\">D</span><span style=\"font-size:14px\">、7.725&nbsp;</span></p>', '5', '16', '1491027839', '0');
INSERT INTO `ae_calculation_analysis` VALUES ('38', '2', '<p><span style=\"font-size:14px;font-family: 宋体\">不定项选择题</span></p><h3 style=\";margin-bottom:0;line-height:22px\"><span style=\"font-size:14px\">1</span><span style=\"font-size:14px\">、</span></h3><p style=\";margin-bottom:0;line-height:22px\"><strong><span style=\"font-size:14px\">远大公司平时采用表结法计算利润，所得税税率为25%。2013年年终结账前有关损益类科目的年末余额如下：</span></strong></p><p style=\";margin-bottom:0;text-indent:322px;line-height: 22px\"><strong><span style=\"font-size:14px\">　　　　　　　　　　　　　　　　　　　　单位：元</span></strong></p><table cellspacing=\"0\" cellpadding=\"0\"><tbody><tr class=\"firstRow\"><td style=\"border-color: windowtext;border-width: 1px;padding: 0\"><p style=\";margin-bottom:0\"><span style=\"font-size:14px\">收入、利得</span></p></td><td style=\"border-color: windowtext;border-width: 1px;padding: 0\"><p style=\";margin-bottom:0\"><span style=\"font-size:14px\">结账前期末余额</span></p></td><td style=\"border-color: windowtext;border-width: 1px;padding: 0\"><p style=\";margin-bottom:0\"><span style=\"font-size:14px\">费用、损失</span></p></td><td style=\"border-color: windowtext;border-width: 1px;padding: 0\"><p style=\";margin-bottom:0\"><span style=\"font-size:14px\">结账前期末余额</span></p></td></tr><tr><td style=\"border-color: windowtext;border-width: 1px;padding: 0\"><p style=\";margin-bottom:0\"><span style=\"font-size:14px\">主营业务收入</span></p></td><td style=\"border-color: windowtext;border-width: 1px;padding: 0\"><p style=\";margin-bottom:0\"><span style=\"font-size:14px;font-family:Arial\">475 000</span></p></td><td style=\"border-color: windowtext;border-width: 1px;padding: 0\"><p style=\";margin-bottom:0\"><span style=\"font-size:14px\">主营业务成本</span></p></td><td style=\"border-color: windowtext;border-width: 1px;padding: 0\"><p style=\";margin-bottom:0\"><span style=\"font-size:14px;font-family:Arial\">325 000</span></p></td></tr><tr><td style=\"border-color: windowtext;border-width: 1px;padding: 0\"><p style=\";margin-bottom:0\"><span style=\"font-size:14px\">其他业务收入</span></p></td><td style=\"border-color: windowtext;border-width: 1px;padding: 0\"><p style=\";margin-bottom:0\"><span style=\"font-size:14px;font-family:Arial\">100 000</span></p></td><td style=\"border-color: windowtext;border-width: 1px;padding: 0\"><p style=\";margin-bottom:0\"><span style=\"font-size:14px\">其他业务成本</span></p></td><td style=\"border-color: windowtext;border-width: 1px;padding: 0\"><p style=\";margin-bottom:0;text-indent:7px\"><span style=\"font-size:14px;font-family:Arial\">75 000</span></p></td></tr><tr><td style=\"border-color: windowtext;border-width: 1px;padding: 0\"><p style=\";margin-bottom:0\"><span style=\"font-size:14px\">投资收益</span></p></td><td style=\"border-color: windowtext;border-width: 1px;padding: 0\"><p style=\";margin-bottom:0;text-indent:14px\"><span style=\"font-size:14px;font-family:Arial\">7 500</span></p></td><td style=\"border-color: windowtext;border-width: 1px;padding: 0\"><p style=\";margin-bottom:0\"><span style=\"font-size:14px\">营业税金及附加</span></p></td><td style=\"border-color: windowtext;border-width: 1px;padding: 0\"><p style=\";margin-bottom:0;text-indent:7px\"><span style=\"font-size:14px;font-family:Arial\">18 000</span></p></td></tr><tr><td style=\"border-color: windowtext;border-width: 1px;padding: 0\"><p style=\";margin-bottom:0\"><span style=\"font-size:14px\">营业外收入</span></p></td><td style=\"border-color: windowtext;border-width: 1px;padding: 0\"><p style=\";margin-bottom:0;text-indent:7px\"><span style=\"font-size:14px;font-family:Arial\">20 000</span></p></td><td style=\"border-color: windowtext;border-width: 1px;padding: 0\"><p style=\";margin-bottom:0\"><span style=\"font-size:14px\">销售费用</span></p></td><td style=\"border-color: windowtext;border-width: 1px;padding: 0\"><p style=\";margin-bottom:0;text-indent:7px\"><span style=\"font-size:14px;font-family:Arial\">20 000</span></p></td></tr><tr><td style=\"border-color: windowtext;border-width: 1px;padding: 0\"><br/></td><td style=\"border-color: windowtext;border-width: 1px;padding: 0\"><br/></td><td style=\"border-color: windowtext;border-width: 1px;padding: 0\"><p style=\";margin-bottom:0\"><span style=\"font-size:14px\">管理费用</span></p></td><td style=\"border-color: windowtext;border-width: 1px;padding: 0\"><p style=\";margin-bottom:0;text-indent:7px\"><span style=\"font-size:14px;font-family:Arial\">60 000</span></p></td></tr><tr><td style=\"border-color: windowtext;border-width: 1px;padding: 0\"><br/></td><td style=\"border-color: windowtext;border-width: 1px;padding: 0\"><br/></td><td style=\"border-color: windowtext;border-width: 1px;padding: 0\"><p style=\";margin-bottom:0\"><span style=\"font-size:14px\">财务费用</span></p></td><td style=\"border-color: windowtext;border-width: 1px;padding: 0\"><p style=\";margin-bottom:0;text-indent:7px\"><span style=\"font-size:14px;font-family:Arial\">12 500</span></p></td></tr><tr><td style=\"border-color: windowtext;border-width: 1px;padding: 0\"><br/></td><td style=\"border-color: windowtext;border-width: 1px;padding: 0\"><br/></td><td style=\"border-color: windowtext;border-width: 1px;padding: 0\"><p style=\";margin-bottom:0\"><span style=\"font-size:14px\">营业外支出</span></p></td><td style=\"border-color: windowtext;border-width: 1px;padding: 0\"><p style=\";margin-bottom:0;text-indent:7px\"><span style=\"font-size:14px;font-family:Arial\">35 000</span></p></td></tr></tbody></table><p style=\";margin-bottom:0;line-height:22px\"><strong><span style=\"font-size:14px\">其他资料：<br/> （1）营业外支出中有500元为违反国家政策的罚款支出；<br/> （2）本年国债利息收入2 000元已入账。<br/> 除上述事项外，无其他纳税调整因素。<br/> 要求：根据上述资料，不考虑其他因素，</span></strong><strong><span style=\"font-size:14px\">回答下列问题。</span></strong></p><p><span style=\"font-size:14px\">&lt;1&gt;&nbsp;<!--1--></span><span style=\"font-size:14px;font-family:宋体\">、下列关于</span><span style=\"font-size:14px\">“</span><span style=\"font-size:14px;font-family:宋体\">本年利润</span><span style=\"font-size:14px\">”</span><span style=\"font-size:14px;font-family:宋体\">账户的表述中，正确的是（　）。</span></p><p style=\";margin-bottom:0;line-height: 25px\"><span style=\"font-size:14px\">A</span><span style=\"font-size:14px\">、贷方登记营业收入、营业外收入等转入的金额&nbsp;</span></p><p style=\";margin-bottom:0;line-height: 25px\"><span style=\"font-size:14px\">B</span><span style=\"font-size:14px\">、借方登记营业成本、营业外支出等转入的金额&nbsp;</span></p><p style=\";margin-bottom:0;line-height: 25px\"><span style=\"font-size:14px\">C</span><span style=\"font-size:14px\">、年度终了结账后，该账户无余额&nbsp;</span></p><p style=\";margin-bottom:0;line-height: 25px\"><span style=\"font-size:14px\">D</span><span style=\"font-size:14px\">、年中的月份本年利润没有余额&nbsp;</span></p><p><span style=\"font-size:14px\">&lt;2&gt;&nbsp;<!--2--></span><span style=\"font-size:14px;font-family:宋体\">、根据上述资料，下列关于远大公司的处理正确的是（　）。</span></p><p style=\";margin-bottom:0;line-height: 25px\"><span style=\"font-size:14px\">A</span><span style=\"font-size:14px\">、远大公司当年应纳税所得额为55 500元&nbsp;</span></p><p style=\";margin-bottom:0;line-height: 25px\"><span style=\"font-size:14px\">B</span><span style=\"font-size:14px\">、远大公司当年应交所得税金额为13 875元&nbsp;</span></p><p style=\";margin-bottom:0;line-height: 25px\"><span style=\"font-size:14px\">C</span><span style=\"font-size:14px\">、远大公司当年应纳税所得额为57 500元&nbsp;</span></p><p style=\";margin-bottom:0;line-height: 25px\"><span style=\"font-size:14px\">D</span><span style=\"font-size:14px\">、远大公司当年应转入本年利润的所得税费用金额为13 875元&nbsp;</span></p><p><span style=\"font-size:14px\">&lt;3&gt;&nbsp;<!--3--></span><span style=\"font-size:14px;font-family:宋体\">、远大公司当年实现的净利润为（　）元。</span></p><p style=\";margin-bottom:0;line-height: 25px\"><span style=\"font-size:14px\">A</span><span style=\"font-size:14px\">、41 625&nbsp;</span></p><p style=\";margin-bottom:0;line-height: 25px\"><span style=\"font-size:14px\">B</span><span style=\"font-size:14px\">、43 025&nbsp;</span></p><p style=\";margin-bottom:0;line-height: 25px\"><span style=\"font-size:14px\">C</span><span style=\"font-size:14px\">、43 125&nbsp;</span></p><p style=\";margin-bottom:0;line-height: 25px\"><span style=\"font-size:14px\">D</span><span style=\"font-size:14px\">、41 525&nbsp;</span></p><p><br/></p>', '5', '18', '1491028217', '0');
INSERT INTO `ae_calculation_analysis` VALUES ('39', '2', '<h3 style=\";margin-bottom:0;line-height:22px\"><span style=\"font-size:14px\">甲公司2014年度利润总额为300万元，其中包括本年收到的国债利息收入50万元。甲公司适用的所得税税率为25％。该公司当年按税法核定的全年业务招待费可税前扣除的金额为150万元，公司全年实际发生业务招待费200万元；当年的营业外支出中，有20万元为税款滞纳金支出。<br/> 除上述事项外，甲企业无其他纳税调整事项。<br/> 要求：根据上述资料，回答下列问题：</span></h3><p><span style=\"font-size:14px\">&lt;1&gt;&nbsp;<!--1--></span><span style=\"font-size:14px;font-family:宋体\">、甲公司</span><span style=\"font-size:14px\">2014</span><span style=\"font-size:14px;font-family:宋体\">年度应纳税所得额为（　）万元。</span></p><p style=\";margin-bottom:0;line-height: 25px\"><span style=\"font-size:14px\">A</span><span style=\"font-size:14px\">、220&nbsp;</span></p><p style=\";margin-bottom:0;line-height: 25px\"><span style=\"font-size:14px\">B</span><span style=\"font-size:14px\">、370&nbsp;</span></p><p style=\";margin-bottom:0;line-height: 25px\"><span style=\"font-size:14px\">C</span><span style=\"font-size:14px\">、320&nbsp;</span></p><p style=\";margin-bottom:0;line-height: 25px\"><span style=\"font-size:14px\">D</span><span style=\"font-size:14px\">、340&nbsp;</span></p><p><span style=\"font-size:14px\">&lt;2&gt;&nbsp;<!--2--></span><span style=\"font-size:14px;font-family:宋体\">、甲公司</span><span style=\"font-size:14px\">2014</span><span style=\"font-size:14px;font-family:宋体\">年度应交所得税额为（　）万元。</span></p><p style=\";margin-bottom:0;line-height: 25px\"><span style=\"font-size:14px\">A</span><span style=\"font-size:14px\">、85&nbsp;</span></p><p style=\";margin-bottom:0;line-height: 25px\"><span style=\"font-size:14px\">B</span><span style=\"font-size:14px\">、80&nbsp;</span></p><p style=\";margin-bottom:0;line-height: 25px\"><span style=\"font-size:14px\">C</span><span style=\"font-size:14px\">、92.5&nbsp;</span></p><p style=\";margin-bottom:0;line-height: 25px\"><span style=\"font-size:14px\">D</span><span style=\"font-size:14px\">、55&nbsp;</span></p><p><span style=\"font-size:14px\">&lt;3&gt;&nbsp;<!--3--></span><span style=\"font-size:14px;font-family:宋体\">、甲公司</span><span style=\"font-size:14px\">2014</span><span style=\"font-size:14px;font-family:宋体\">年度实现的净利润为（　）万元。</span></p><p style=\";margin-bottom:0;line-height: 25px\"><span style=\"font-size:14px\">A</span><span style=\"font-size:14px\">、220&nbsp;</span></p><p style=\";margin-bottom:0;line-height: 25px\"><span style=\"font-size:14px\">B</span><span style=\"font-size:14px\">、215&nbsp;</span></p><p style=\";margin-bottom:0;line-height: 25px\"><span style=\"font-size:14px\">C</span><span style=\"font-size:14px\">、245&nbsp;</span></p><p style=\";margin-bottom:0;line-height: 25px\"><span style=\"font-size:14px\">D</span><span style=\"font-size:14px\">、207.5&nbsp;</span></p><p><br/></p>', '5', '18', '1491028354', '0');
INSERT INTO `ae_calculation_analysis` VALUES ('40', '2', '<p><span style=\"font-size:14px;font-family: 宋体;color:#333333\">不定项选择题</span></p><h3 style=\";margin-bottom:0;line-height:22px\"><span style=\"font-size:14px;color:#333333\">1</span><span style=\"font-size:14px;color:#333333\">、ABC公司2013年有关资料如下：<br/> （1）当年提供劳务收到银行存款4000万元，以前年度销售商品本年收到400万元，本年预收货款200万元，以前年度销售商品本年度退回时，支付银行存款200万元。<br/> （2）本年购买商品支付的银行存款500万元，本年支付以前年度接受劳务的未付款项90万元，本年购买商品预付款项80万元，本年发生的购货退回收到的银行存款30万元。<br/> （3）本年计提的职工薪酬总额为15万元，尚未支付。本年支付给在建工程人员工资30万元，“应付职工薪酬”年初余额和年末余额分别为80万元和20万元，假定应付职工薪酬本期减少数均为本年支付的金额。<br/> （4）本年利润表中所得税费用为60万元，均为当期应交所得税产生的所得税费用，“应交税费—应交所得税”科目年初数为5万元，年末数为3万元，假定不考虑其他税费。<br/> 要求：根据上述资料，回答下列第（1）～（3）题。</span></h3><p><span style=\"font-size:14px;color:#333333\">&lt;1&gt;&nbsp;<!--1--></span><span style=\"font-size:14px;font-family:宋体;color:#333333\">、“销售商品、提供劳务收到的现金”项目金额为（　）万元。</span></p><p style=\";margin-bottom:0;line-height: 25px\"><span style=\"font-size:14px;color:#333333\">A</span><span style=\"font-size:14px;color:#333333\">、4600&nbsp;</span></p><p style=\";margin-bottom:0;line-height: 25px\"><span style=\"font-size:14px;color:#333333\">B</span><span style=\"font-size:14px;color:#333333\">、4400&nbsp;</span></p><p style=\";margin-bottom:0;line-height: 25px\"><span style=\"font-size:14px;color:#333333\">C</span><span style=\"font-size:14px;color:#333333\">、4800&nbsp;</span></p><p style=\";margin-bottom:0;line-height: 25px\"><span style=\"font-size:14px;color:#333333\">D</span><span style=\"font-size:14px;color:#333333\">、4000&nbsp;</span></p><p><span style=\"font-size:14px;color:#333333\">&lt;2&gt;&nbsp;<!--2--></span><span style=\"font-size:14px;font-family:宋体;color:#333333\">、“购买商品、接受劳务支付的现金”项目金额为（　）万元。</span></p><p style=\";margin-bottom:0;line-height: 25px\"><span style=\"font-size:14px;color:#333333\">A</span><span style=\"font-size:14px;color:#333333\">、560&nbsp;</span></p><p style=\";margin-bottom:0;line-height: 25px\"><span style=\"font-size:14px;color:#333333\">B</span><span style=\"font-size:14px;color:#333333\">、590&nbsp;</span></p><p style=\";margin-bottom:0;line-height: 25px\"><span style=\"font-size:14px;color:#333333\">C</span><span style=\"font-size:14px;color:#333333\">、640&nbsp;</span></p><p style=\";margin-bottom:0;line-height: 25px\"><span style=\"font-size:14px;color:#333333\">D</span><span style=\"font-size:14px;color:#333333\">、670&nbsp;</span></p><p><span style=\"font-size:14px;color:#333333\">&lt;3&gt;&nbsp;<!--3--></span><span style=\"font-size:14px;font-family:宋体;color:#333333\">、“支付给职工以及为职工支付的现金”项目和“支付的各项税费”项目金额分别为（　）万元。</span></p><p style=\";margin-bottom:0;line-height: 25px\"><span style=\"font-size:14px;color:#333333\">A</span><span style=\"font-size:14px;color:#333333\">、65和58&nbsp;</span></p><p style=\";margin-bottom:0;line-height: 25px\"><span style=\"font-size:14px;color:#333333\">B</span><span style=\"font-size:14px;color:#333333\">、45和58&nbsp;</span></p><p style=\";margin-bottom:0;line-height: 25px\"><span style=\"font-size:14px;color:#333333\">C</span><span style=\"font-size:14px;color:#333333\">、65和62&nbsp;</span></p><p style=\"margin-bottom: 0px; line-height: 25px;\"><span style=\"font-size:14px;color:#333333\">D</span><span style=\"font-size:14px;color:#333333\">、45和62&nbsp;</span></p>', '5', '19', '1491028933', '0');
INSERT INTO `ae_calculation_analysis` VALUES ('41', '2', '<h3 style=\";margin-bottom:0;line-height:22px\"><span style=\"font-size:14px;color:#333333\">甲公司为增值税一般纳税人，适用的增值税税率为17％。甲公司2014年12月1日有关科目余额如下：（单位：万元）</span></h3><table cellspacing=\"0\" cellpadding=\"0\"><tbody><tr class=\"firstRow\"><td width=\"287\" style=\"border-color: black; border-width: 1px; padding: 0px 7px;\"><p style=\";margin-bottom:0;text-align:center\"><span style=\"font-size:14px\">项目</span></p></td><td width=\"287\" style=\"border-top-color: black; border-right-color: black; border-bottom-color: black; border-top-width: 1px; border-right-width: 1px; border-bottom-width: 1px; border-left-style: none; padding: 0px 7px;\"><p style=\";margin-bottom:0;text-align:center\"><span style=\"font-size:14px\">余额</span></p></td></tr><tr><td width=\"287\" style=\"border-right-color: black; border-bottom-color: black; border-left-color: black; border-right-width: 1px; border-bottom-width: 1px; border-left-width: 1px; border-top-style: none; padding: 0px 7px;\"><p style=\";margin-bottom:0;text-align:center\"><span style=\"font-size:14px\">投资性房地产</span></p></td><td width=\"287\" style=\"border-top-style: none; border-left-style: none; border-bottom-color: black; border-bottom-width: 1px; border-right-color: black; border-right-width: 1px; padding: 0px 7px;\"><p style=\";margin-bottom:0;text-align:center\"><span style=\"font-size:14px;font-family:Arial\">1500</span></p></td></tr><tr><td width=\"287\" style=\"border-right-color: black; border-bottom-color: black; border-left-color: black; border-right-width: 1px; border-bottom-width: 1px; border-left-width: 1px; border-top-style: none; padding: 0px 7px;\"><p style=\";margin-bottom:0;text-align:center\"><span style=\"font-size:14px\">存货</span></p></td><td width=\"287\" style=\"border-top-style: none; border-left-style: none; border-bottom-color: black; border-bottom-width: 1px; border-right-color: black; border-right-width: 1px; padding: 0px 7px;\"><p style=\";margin-bottom:0;text-align:center\"><span style=\"font-size:14px;font-family:Arial\">50</span></p></td></tr><tr><td width=\"287\" style=\"border-right-color: black; border-bottom-color: black; border-left-color: black; border-right-width: 1px; border-bottom-width: 1px; border-left-width: 1px; border-top-style: none; padding: 0px 7px;\"><p style=\";margin-bottom:0;text-align:center\"><span style=\"font-size:14px\">长期股权投资</span></p></td><td width=\"287\" style=\"border-top-style: none; border-left-style: none; border-bottom-color: black; border-bottom-width: 1px; border-right-color: black; border-right-width: 1px; padding: 0px 7px;\"><p style=\";margin-bottom:0;text-align:center\"><span style=\"font-size:14px;font-family:Arial\">2000</span></p></td></tr><tr><td width=\"287\" style=\"border-right-color: black; border-bottom-color: black; border-left-color: black; border-right-width: 1px; border-bottom-width: 1px; border-left-width: 1px; border-top-style: none; padding: 0px 7px;\"><p style=\";margin-bottom:0;text-align:center\"><span style=\"font-size:14px\">可供出售金融资产（</span><span style=\"font-size:14px;font-family:Arial\">A</span><span style=\"font-size:   14px\">公司股票）</span></p></td><td width=\"287\" style=\"border-top-style: none; border-left-style: none; border-bottom-color: black; border-bottom-width: 1px; border-right-color: black; border-right-width: 1px; padding: 0px 7px;\"><p style=\";margin-bottom:0;text-align:center\"><span style=\"font-size:14px;font-family:Arial\">2300</span></p></td></tr><tr><td width=\"287\" style=\"border-right-color: black; border-bottom-color: black; border-left-color: black; border-right-width: 1px; border-bottom-width: 1px; border-left-width: 1px; border-top-style: none; padding: 0px 7px;\"><p style=\";margin-bottom:0;text-align:center\"><span style=\"font-size:14px\">长期股权投资减值准备</span></p></td><td width=\"287\" style=\"border-top-style: none; border-left-style: none; border-bottom-color: black; border-bottom-width: 1px; border-right-color: black; border-right-width: 1px; padding: 0px 7px;\"><p style=\";margin-bottom:0;text-align:center\"><span style=\"font-size:14px;font-family:Arial\">300</span></p></td></tr><tr><td width=\"287\" style=\"border-right-color: black; border-bottom-color: black; border-left-color: black; border-right-width: 1px; border-bottom-width: 1px; border-left-width: 1px; border-top-style: none; padding: 0px 7px;\"><p style=\";margin-bottom:0;text-align:center\"><span style=\"font-size:14px\">应收账款</span></p></td><td width=\"287\" style=\"border-top-style: none; border-left-style: none; border-bottom-color: black; border-bottom-width: 1px; border-right-color: black; border-right-width: 1px; padding: 0px 7px;\"><p style=\";margin-bottom:0;text-align:center\"><span style=\"font-size:14px;font-family:Arial\">500</span><span style=\"font-size:14px\">（明细科目借方余额）</span></p></td></tr><tr><td width=\"287\" style=\"border-right-color: black; border-bottom-color: black; border-left-color: black; border-right-width: 1px; border-bottom-width: 1px; border-left-width: 1px; border-top-style: none; padding: 0px 7px;\"><p style=\";margin-bottom:0;text-align:center\"><span style=\"font-size:14px\">预收账款</span><span style=\"font-size:14px;font-family:Arial\">200</span><span style=\"font-size:   14px\">（明细科目借方余额）</span></p></td><td width=\"287\" style=\"border-top-style: none; border-left-style: none; border-bottom-color: black; border-bottom-width: 1px; border-right-color: black; border-right-width: 1px; padding: 0px 7px;\"><br/></td></tr></tbody></table><h3 style=\";margin-bottom:0;line-height:22px\"><span style=\"font-size:14px;color:#333333\">2014</span><span style=\"font-size:14px;color:#333333\">年12月份发生以下经济业务事项(以下业务假定不考虑增值税以外的其他相关税费)：</span></h3><h3 style=\";margin-bottom:0;line-height:22px\"><span style=\"font-size:14px;color:#333333\">(1)12</span><span style=\"font-size:14px;color:#333333\">月1日从A公司购入一批A产品500件，每件购买价为0.2万元，支付了价款并取得了增值税专用发票，途中发生运输费10万元(可以按照7％进行抵扣)，保险费30万元，装卸费等相关费用20万元，验收入库时发现短缺20件，经查属于定额内合理损耗。</span></h3><h3 style=\";margin-bottom:0;line-height:22px\"><span style=\"font-size:14px;color:#333333\">(2)12</span><span style=\"font-size:14px;color:#333333\">月5日处置一项以公允价值模式计量的投资性房地产，实际收到的金额为1000万元，投资性房地产的账面余额为800万元，其中成本为700万元，公允价值变动为100万元。</span></h3><h3 style=\";margin-bottom:0;line-height:22px\"><span style=\"font-size:14px;color:#333333\">(3)12</span><span style=\"font-size:14px;color:#333333\">月12日购入B公司股票150万股作为可供出售金融资产，每股买价为2元(其中包含已宣告但尚未支付的现金股利每股0.3元)，另支付手续费40万元。年末A公司股票公允价值为2400万元，B公司股票公允价值为300万元。</span></h3><h3 style=\";margin-bottom:0;line-height:22px\"><span style=\"font-size:14px;color:#333333\">(4)12</span><span style=\"font-size:14px;color:#333333\">月15日购入丙公司30%的股份进行长期投资，采用权益法进行核算，购入时支付价款120万元，同时支付相关税费10万元，购入时被投资企业可辨认净资产的账面价值为500万元(公允价值等于账面价值)。</span></h3><h3 style=\";margin-bottom:0;line-height:22px\"><span style=\"font-size:14px;color:#333333\">(5)</span><span style=\"font-size:14px;color:#333333\">甲公司的部分商品委托其他单位销售，2014年10月31日委托乙公司代销200件商品，销售单价(不含税)0.15万元/件，实际成本0.1万元/件。2014年12月，收到乙公司开来的代销清单，代销商品已全部售出。甲公司向乙公司开具增值税专用发票。乙公司按不含税销售额的10％收取代销手续费，尚未向甲公司结清代销款。</span></h3><h3 style=\";margin-bottom:0;line-height:22px\"><span style=\"font-size:14px;color:#333333\">要求：根据上述资料，不考虑其他因素，分析回答下列第（1）～（5）小题。</span></h3><p><span style=\"font-size:14px;color:#333333\">&lt;1&gt;&nbsp;<!--1--></span><span style=\"font-size:14px;font-family:宋体;color:#333333\">、甲公司</span><span style=\"font-size:14px;color:#333333\">12</span><span style=\"font-size:14px;font-family:宋体;color:#333333\">月</span><span style=\"font-size:14px;color:#333333\">1</span><span style=\"font-size:14px;font-family:宋体;color:#333333\">日从</span><span style=\"font-size:14px;color:#333333\">A</span><span style=\"font-size:14px;font-family:宋体;color:#333333\">公司购入产品的入账价值为（　）万元。</span></p><p style=\";margin-bottom:0;line-height: 25px\"><span style=\"font-size:14px;color:#333333\">A</span><span style=\"font-size:14px;color:#333333\">、109.3&nbsp;</span></p><p style=\";margin-bottom:0;line-height: 25px\"><span style=\"font-size:14px;color:#333333\">B</span><span style=\"font-size:14px;color:#333333\">、160&nbsp;</span></p><p style=\";margin-bottom:0;line-height: 25px\"><span style=\"font-size:14px;color:#333333\">C</span><span style=\"font-size:14px;color:#333333\">、159.3&nbsp;</span></p><p style=\";margin-bottom:0;line-height: 25px\"><span style=\"font-size:14px;color:#333333\">D</span><span style=\"font-size:14px;color:#333333\">、139.3&nbsp;</span></p><p><span style=\"font-size:14px;color:#333333\">&lt;2&gt;&nbsp;<!--2--></span><span style=\"font-size:14px;font-family:宋体;color:#333333\">、甲公司</span><span style=\"font-size:14px;color:#333333\">12</span><span style=\"font-size:14px;font-family:宋体;color:#333333\">月</span><span style=\"font-size:14px;color:#333333\">5</span><span style=\"font-size:14px;font-family:宋体;color:#333333\">日处置一项以公允价值模式计量的投资性房地产，其处置损益为（　）万元。</span></p><p style=\";margin-bottom:0;line-height: 25px\"><span style=\"font-size:14px;color:#333333\">A</span><span style=\"font-size:14px;color:#333333\">、230&nbsp;</span></p><p style=\";margin-bottom:0;line-height: 25px\"><span style=\"font-size:14px;color:#333333\">B</span><span style=\"font-size:14px;color:#333333\">、400&nbsp;</span></p><p style=\";margin-bottom:0;line-height: 25px\"><span style=\"font-size:14px;color:#333333\">C</span><span style=\"font-size:14px;color:#333333\">、300&nbsp;</span></p><p style=\";margin-bottom:0;line-height: 25px\"><span style=\"font-size:14px;color:#333333\">D</span><span style=\"font-size:14px;color:#333333\">、200&nbsp;</span></p><p><span style=\"font-size:14px;color:#333333\">&lt;3&gt;&nbsp;<!--3--></span><span style=\"font-size:14px;font-family:宋体;color:#333333\">、甲公司关于业务（</span><span style=\"font-size:14px;color:#333333\">3</span><span style=\"font-size:14px;font-family:宋体;color:#333333\">）～（</span><span style=\"font-size:14px;color:#333333\">5</span><span style=\"font-size:14px;font-family:宋体;color:#333333\">）下列会计处理方法表述正确的是（　）。</span></p><p style=\";margin-bottom:0;line-height: 25px\"><span style=\"font-size:14px;color:#333333\">A</span><span style=\"font-size:14px;color:#333333\">、甲公司12月12日购入可供出售金融资产的入账价值为255万元&nbsp;</span></p><p style=\";margin-bottom:0;line-height: 25px\"><span style=\"font-size:14px;color:#333333\">B</span><span style=\"font-size:14px;color:#333333\">、甲公司12月15日对丙公司的长期股权投资初始投资成本为150万元&nbsp;</span></p><p style=\";margin-bottom:0;line-height: 25px\"><span style=\"font-size:14px;color:#333333\">C</span><span style=\"font-size:14px;color:#333333\">、甲公司12月15日对丙公司长期股权投资初始投资成本进行调整确认营业外收入为20万元&nbsp;</span></p><p style=\";margin-bottom:0;line-height: 25px\"><span style=\"font-size:14px;color:#333333\">D</span><span style=\"font-size:14px;color:#333333\">、甲公司发生的代销手续费应当计入财务费用&nbsp;</span></p><p><span style=\"font-size:14px;color:#333333\">&lt;4&gt;&nbsp;<!--4--></span><span style=\"font-size:14px;font-family:宋体;color:#333333\">、关于</span><span style=\"font-size:14px;color:#333333\">2014</span><span style=\"font-size:14px;font-family:宋体;color:#333333\">年</span><span style=\"font-size:14px;color:#333333\">12</span><span style=\"font-size:14px;font-family:宋体;color:#333333\">月</span><span style=\"font-size:14px;color:#333333\">31</span><span style=\"font-size:14px;font-family:宋体;color:#333333\">日有关资产负债表项目填列，说法正确的是（　）。</span></p><p style=\";margin-bottom:0;line-height: 25px\"><span style=\"font-size:14px;color:#333333\">A</span><span style=\"font-size:14px;color:#333333\">、存货项目金额为209.3万元&nbsp;</span></p><p style=\";margin-bottom:0;line-height: 25px\"><span style=\"font-size:14px;color:#333333\">B</span><span style=\"font-size:14px;color:#333333\">、长期股权投资项目金额为1850万元&nbsp;</span></p><p style=\";margin-bottom:0;line-height: 25px\"><span style=\"font-size:14px;color:#333333\">C</span><span style=\"font-size:14px;color:#333333\">、可供出售金融资产项目金额为2700万元&nbsp;</span></p><p style=\";margin-bottom:0;line-height: 25px\"><span style=\"font-size:14px;color:#333333\">D</span><span style=\"font-size:14px;color:#333333\">、应收账款项目金额为732.1万元&nbsp;</span></p><p><span style=\"font-size:14px;color:#333333\">&lt;5&gt;&nbsp;<!--5--></span><span style=\"font-size:14px;font-family:宋体;color:#333333\">、</span><span style=\"font-size:14px;color:#333333\">2014</span><span style=\"font-size:14px;font-family:宋体;color:#333333\">年</span><span style=\"font-size:14px;color:#333333\">12</span><span style=\"font-size:14px;font-family:宋体;color:#333333\">月份当月的营业利润是（　）万元。</span></p><p style=\";margin-bottom:0;line-height: 25px\"><span style=\"font-size:14px;color:#333333\">A</span><span style=\"font-size:14px;color:#333333\">、200&nbsp;</span></p><p style=\";margin-bottom:0;line-height: 25px\"><span style=\"font-size:14px;color:#333333\">B</span><span style=\"font-size:14px;color:#333333\">、7&nbsp;</span></p><p style=\";margin-bottom:0;line-height: 25px\"><span style=\"font-size:14px;color:#333333\">C</span><span style=\"font-size:14px;color:#333333\">、207&nbsp;</span></p><p style=\"margin-bottom: 0px; line-height: 25px;\"><span style=\"font-size:14px;color:#333333\">D</span><span style=\"font-size:14px;color:#333333\">、193&nbsp;</span></p>', '5', '19', '1491029127', '0');
INSERT INTO `ae_calculation_analysis` VALUES ('42', '2', '<p><span style=\"font-size:14px;font-family: 宋体;color:#333333\">不定项选择题</span></p><h3 style=\";margin-bottom:0;line-height:22px\"><span style=\"font-size:14px;color:#333333\">1</span><span style=\"font-size:14px;color:#333333\">、甲工业企业某车间全年制造费用计划为61 440元，全年各种产品的计划产量为：A产品2 800件，B产品1 300件；单件产品的工时定额为：A产品5小时，B产品4小时，假定该车间5月份的实际产量为：A产品250件，B产品110件；该月实际制造费用为4 530元。<br/> 根据以上资料，回答下列问题：</span></h3><p><span style=\"font-size:14px;color:#333333\">&lt;1&gt;&nbsp;<!--1--></span><span style=\"font-size:14px;font-family:宋体;color:#333333\">、制造费用年度计划分配率为（　）。</span></p><p style=\";margin-bottom:0;line-height: 25px\"><span style=\"font-size:14px;color:#333333\">A</span><span style=\"font-size:14px;color:#333333\">、0.2&nbsp;</span></p><p style=\";margin-bottom:0;line-height: 25px\"><span style=\"font-size:14px;color:#333333\">B</span><span style=\"font-size:14px;color:#333333\">、1.5&nbsp;</span></p><p style=\";margin-bottom:0;line-height: 25px\"><span style=\"font-size:14px;color:#333333\">C</span><span style=\"font-size:14px;color:#333333\">、3.2&nbsp;</span></p><p style=\";margin-bottom:0;line-height: 25px\"><span style=\"font-size:14px;color:#333333\">D</span><span style=\"font-size:14px;color:#333333\">、1.1&nbsp;</span></p><p><span style=\"font-size:14px;color:#333333\">&lt;2&gt;&nbsp;<!--2--></span><span style=\"font-size:14px;font-family:宋体;color:#333333\">、下列关于</span><span style=\"font-size:14px;color:#333333\">A</span><span style=\"font-size:14px;font-family:宋体;color:#333333\">、</span><span style=\"font-size:14px;color:#333333\">B</span><span style=\"font-size:14px;font-family:宋体;color:#333333\">产品当月应负担的制造费用说法正确的有（　）。</span></p><p style=\";margin-bottom:0;line-height: 25px\"><span style=\"font-size:14px;color:#333333\">A</span><span style=\"font-size:14px;color:#333333\">、A产品该月制造费用为4 000元&nbsp;</span></p><p style=\";margin-bottom:0;line-height: 25px\"><span style=\"font-size:14px;color:#333333\">B</span><span style=\"font-size:14px;color:#333333\">、A产品该月制造费用为1 408元&nbsp;</span></p><p style=\";margin-bottom:0;line-height: 25px\"><span style=\"font-size:14px;color:#333333\">C</span><span style=\"font-size:14px;color:#333333\">、B产品该月制造费用为4 000元&nbsp;</span></p><p style=\"margin-bottom: 0px; line-height: 25px;\"><span style=\"font-size:14px;color:#333333\">D</span><span style=\"font-size:14px;color:#333333\">、B产品该月制造费用为1 408元&nbsp;</span></p>', '5', '20', '1491029324', '0');
INSERT INTO `ae_calculation_analysis` VALUES ('43', '2', '<h3 style=\";margin-bottom:0;line-height:22px\"><span style=\"font-size:14px;color:#333333\">某企业2012年8月生产的丁产品需经过两道工序制造完成。该产品各工序的工时定额和月末在产品数量如下：</span></h3><table cellspacing=\"0\" cellpadding=\"0\"><tbody><tr class=\"firstRow\"><td width=\"64\" style=\"border-color: black; border-width: 1px; padding: 0px 7px;\"><p style=\";margin-bottom:0;text-align:center\"><span style=\"font-size:14px\">工序</span></p></td><td width=\"142\" style=\"border-top-color: black; border-right-color: black; border-bottom-color: black; border-top-width: 1px; border-right-width: 1px; border-bottom-width: 1px; border-left-style: none; padding: 0px 7px;\"><p style=\";margin-bottom:0;text-align:center\"><span style=\"font-size:14px\">各工序工时定额</span></p></td><td width=\"142\" style=\"border-top-color: black; border-right-color: black; border-bottom-color: black; border-top-width: 1px; border-right-width: 1px; border-bottom-width: 1px; border-left-style: none; padding: 0px 7px;\"><p style=\";margin-bottom:0;text-align:center\"><span style=\"font-size:14px\">月末在产品数量</span></p></td></tr><tr><td width=\"64\" style=\"border-right-color: black; border-bottom-color: black; border-left-color: black; border-right-width: 1px; border-bottom-width: 1px; border-left-width: 1px; border-top-style: none; padding: 0px 7px;\"><p style=\";margin-bottom:0;text-align:center\"><span style=\"font-size:14px;font-family:Arial\">1</span></p></td><td width=\"142\" style=\"border-top-style: none; border-left-style: none; border-bottom-color: black; border-bottom-width: 1px; border-right-color: black; border-right-width: 1px; padding: 0px 7px;\"><p style=\";margin-bottom:0;text-align:center\"><span style=\"font-size:14px;font-family:Arial\">180</span></p></td><td width=\"142\" style=\"border-top-style: none; border-left-style: none; border-bottom-color: black; border-bottom-width: 1px; border-right-color: black; border-right-width: 1px; padding: 0px 7px;\"><p style=\";margin-bottom:0;text-align:center\"><span style=\"font-size:14px;font-family:Arial\">500</span></p></td></tr><tr><td width=\"64\" style=\"border-right-color: black; border-bottom-color: black; border-left-color: black; border-right-width: 1px; border-bottom-width: 1px; border-left-width: 1px; border-top-style: none; padding: 0px 7px;\"><p style=\";margin-bottom:0;text-align:center\"><span style=\"font-size:14px;font-family:Arial\">2</span></p></td><td width=\"142\" style=\"border-top-style: none; border-left-style: none; border-bottom-color: black; border-bottom-width: 1px; border-right-color: black; border-right-width: 1px; padding: 0px 7px;\"><p style=\";margin-bottom:0;text-align:center\"><span style=\"font-size:14px;font-family:Arial\">120</span></p></td><td width=\"142\" style=\"border-top-style: none; border-left-style: none; border-bottom-color: black; border-bottom-width: 1px; border-right-color: black; border-right-width: 1px; padding: 0px 7px;\"><p style=\";margin-bottom:0;text-align:center\"><span style=\"font-size:14px;font-family:Arial\">300</span></p></td></tr><tr><td width=\"64\" style=\"border-right-color: black; border-bottom-color: black; border-left-color: black; border-right-width: 1px; border-bottom-width: 1px; border-left-width: 1px; border-top-style: none; padding: 0px 7px;\"><p style=\";margin-bottom:0;text-align:center\"><span style=\"font-size:14px\">合计</span></p></td><td width=\"142\" style=\"border-top-style: none; border-left-style: none; border-bottom-color: black; border-bottom-width: 1px; border-right-color: black; border-right-width: 1px; padding: 0px 7px;\"><p style=\";margin-bottom:0;text-align:center\"><span style=\"font-size:14px;font-family:Arial\">300</span></p></td><td width=\"142\" style=\"border-top-style: none; border-left-style: none; border-bottom-color: black; border-bottom-width: 1px; border-right-color: black; border-right-width: 1px; padding: 0px 7px;\"><p style=\";margin-bottom:0;text-align:center\"><span style=\"font-size:14px;font-family:Arial\">800</span></p></td></tr></tbody></table><h3 style=\";margin-bottom:0;line-height:22px\"><span style=\"font-size:14px;color:#333333\">该企业本月完工产品600件，假定各工序在产品完工程度为50%。月初在产品和本月发生的职工薪酬合计7128元。</span></h3><h3 style=\";margin-bottom:0;line-height:22px\"><span style=\"font-size:14px;color:#333333\">要求：根据上述资料，采用约当产量比例法，回答下列第（1）～（4）题。</span></h3><p><span style=\"font-size:14px;color:#333333\">&lt;1&gt;&nbsp;<!--1--></span><span style=\"font-size:14px;font-family:宋体;color:#333333\">、关于各工序在产品的完工程度，下列表述不正确的是（　）。</span></p><p style=\";margin-bottom:0;line-height: 25px\"><span style=\"font-size:14px;color:#333333\">A</span><span style=\"font-size:14px;color:#333333\">、第一道工序完工程度为62.5%&nbsp;</span></p><p style=\";margin-bottom:0;line-height: 25px\"><span style=\"font-size:14px;color:#333333\">B</span><span style=\"font-size:14px;color:#333333\">、第一道工序完工程度为30%&nbsp;</span></p><p style=\";margin-bottom:0;line-height: 25px\"><span style=\"font-size:14px;color:#333333\">C</span><span style=\"font-size:14px;color:#333333\">、第二道工序完工程度为80%&nbsp;</span></p><p style=\";margin-bottom:0;line-height: 25px\"><span style=\"font-size:14px;color:#333333\">D</span><span style=\"font-size:14px;color:#333333\">、第二道工序完工程度为20%&nbsp;</span></p><p><span style=\"font-size:14px;color:#333333\">&lt;2&gt;&nbsp;<!--2--></span><span style=\"font-size:14px;font-family:宋体;color:#333333\">、关于各工序在产品约当产量，下列表述正确的是（　）。</span></p><p style=\";margin-bottom:0;line-height: 25px\"><span style=\"font-size:14px;color:#333333\">A</span><span style=\"font-size:14px;color:#333333\">、第一道工序的约当产量为312.5件&nbsp;</span></p><p style=\";margin-bottom:0;line-height: 25px\"><span style=\"font-size:14px;color:#333333\">B</span><span style=\"font-size:14px;color:#333333\">、第一道工序的约当产量为150件&nbsp;</span></p><p style=\";margin-bottom:0;line-height: 25px\"><span style=\"font-size:14px;color:#333333\">C</span><span style=\"font-size:14px;color:#333333\">、第二道工序的约当产量为240件&nbsp;</span></p><p style=\";margin-bottom:0;line-height: 25px\"><span style=\"font-size:14px;color:#333333\">D</span><span style=\"font-size:14px;color:#333333\">、第二道工序的约当产量为60件&nbsp;</span></p><p><span style=\"font-size:14px;color:#333333\">&lt;3&gt;&nbsp;<!--3--></span><span style=\"font-size:14px;font-family:宋体;color:#333333\">、根据上述资料可以计算职工薪酬的分配率为（　）。</span></p><p style=\";margin-bottom:0;line-height: 25px\"><span style=\"font-size:14px;color:#333333\">A</span><span style=\"font-size:14px;color:#333333\">、7.2&nbsp;</span></p><p style=\";margin-bottom:0;line-height: 25px\"><span style=\"font-size:14px;color:#333333\">B</span><span style=\"font-size:14px;color:#333333\">、8.8&nbsp;</span></p><p style=\";margin-bottom:0;line-height: 25px\"><span style=\"font-size:14px;color:#333333\">C</span><span style=\"font-size:14px;color:#333333\">、6.2&nbsp;</span></p><p style=\";margin-bottom:0;line-height: 25px\"><span style=\"font-size:14px;color:#333333\">D</span><span style=\"font-size:14px;color:#333333\">、7.3&nbsp;</span></p><p><span style=\"font-size:14px;color:#333333\">&lt;4&gt;&nbsp;<!--4--></span><span style=\"font-size:14px;font-family:宋体;color:#333333\">、根据上述资料，计算完工产品以及月末在产品的职工薪酬分别为（　）元。</span></p><p style=\";margin-bottom:0;line-height: 25px\"><span style=\"font-size:14px;color:#333333\">A</span><span style=\"font-size:14px;color:#333333\">、4320，1512&nbsp;</span></p><p style=\";margin-bottom:0;line-height: 25px\"><span style=\"font-size:14px;color:#333333\">B</span><span style=\"font-size:14px;color:#333333\">、5280，2808&nbsp;</span></p><p style=\";margin-bottom:0;line-height: 25px\"><span style=\"font-size:14px;color:#333333\">C</span><span style=\"font-size:14px;color:#333333\">、4320，2808&nbsp;</span></p><p style=\"margin-bottom: 0px; line-height: 25px;\"><span style=\"font-size:14px;color:#333333\">D</span><span style=\"font-size:14px;color:#333333\">、3720，1512&nbsp;</span></p>', '5', '20', '1491029518', '0');
INSERT INTO `ae_calculation_analysis` VALUES ('44', '2', '<p><span style=\"font-size:14px;font-family: 宋体;color:#333333\">不定项选择题</span></p><h3 style=\";margin-bottom:0;line-height:22px\"><span style=\"font-size:14px;color:#333333\">1</span><span style=\"font-size:14px;color:#333333\">、某科研事业单位2014年发生固定资产相关的业务如下：<br/> （1）1月1日，购入需要安装的专业业务专用设备一台，该设备购买价格为40万元，购买该设备发生安装费用3万元，运输费用2万元，已用银行存款支付。为购买该专用设备发生购买人员差旅费用1万元。专用设备已于1月31日交付使用。<br/> （2）5月31日，经批准对某大型设备进行报废拆除。该设备的账面余额为120万元，已计提折旧100万元。拆除该设备发生的清理费用3万元，用现金支付，取得废料收入5000元，该款项已收存银行。<br/> 假设不考虑增值税等相关税费。<br/> 要求：根据上述资料回答下列问题：</span></h3><p><span style=\"font-size:14px;color:#333333\">&lt;1&gt;&nbsp;</span><span style=\"font-size:14px;font-family:宋体;color:#333333\">、</span><span style=\"font-size:14px;color:#333333\">1</span><span style=\"font-size:14px;font-family:宋体;color:#333333\">月</span><span style=\"font-size:14px;color:#333333\">31</span><span style=\"font-size:14px;font-family:宋体;color:#333333\">日，购入的专用设备的入账价值为（　）万元。</span></p><p style=\";margin-bottom:0;line-height: 25px\"><span style=\"font-size:14px;color:#333333\">A</span><span style=\"font-size:14px;color:#333333\">、49.8&nbsp;</span></p><p style=\";margin-bottom:0;line-height: 25px\"><span style=\"font-size:14px;color:#333333\">B</span><span style=\"font-size:14px;color:#333333\">、51.8&nbsp;</span></p><p style=\";margin-bottom:0;line-height: 25px\"><span style=\"font-size:14px;color:#333333\">C</span><span style=\"font-size:14px;color:#333333\">、43&nbsp;</span></p><p style=\";margin-bottom:0;line-height: 25px\"><span style=\"font-size:14px;color:#333333\">D</span><span style=\"font-size:14px;color:#333333\">、45&nbsp;</span></p><p><span style=\"font-size:14px;color:#333333\">&lt;2&gt;&nbsp;</span><span style=\"font-size:14px;font-family:宋体;color:#333333\">、</span><span style=\"font-size:14px;color:#333333\">5</span><span style=\"font-size:14px;font-family:宋体;color:#333333\">月</span><span style=\"font-size:14px;color:#333333\">31</span><span style=\"font-size:14px;font-family:宋体;color:#333333\">日，该事业单位下列会计处理中正确的有（　）。</span></p><p style=\";margin-bottom:0;line-height: 25px\"><span style=\"font-size:14px;color:#333333\">A</span><span style=\"font-size:14px;color:#333333\">、支付清理费用减少“专用基金—修购基金”&nbsp;</span></p><p style=\";margin-bottom:0;line-height: 25px\"><span style=\"font-size:14px;color:#333333\">B</span><span style=\"font-size:14px;color:#333333\">、残料收入冲减“待处置资产损溢”&nbsp;</span></p><p style=\";margin-bottom:0;line-height: 25px\"><span style=\"font-size:14px;color:#333333\">C</span><span style=\"font-size:14px;color:#333333\">、转入待处置资产时，应借记“待处置资产损溢”200000元&nbsp;</span></p><p style=\";margin-bottom:0;line-height: 25px\"><span style=\"font-size:14px;color:#333333\">D</span><span style=\"font-size:14px;color:#333333\">、处置净收入计入营业外收入中&nbsp;</span></p><p><span style=\"font-size:14px;color:#333333\">&lt;3&gt;&nbsp;</span><span style=\"font-size:14px;font-family:宋体;color:#333333\">、该事业单位报废该项设备对于修购基金的影响金额为（　）元。</span></p><p style=\";margin-bottom:0;line-height: 25px\"><span style=\"font-size:14px;color:#333333\">A</span><span style=\"font-size:14px;color:#333333\">、减少30000&nbsp;</span></p><p style=\";margin-bottom:0;line-height: 25px\"><span style=\"font-size:14px;color:#333333\">B</span><span style=\"font-size:14px;color:#333333\">、0&nbsp;</span></p><p style=\";margin-bottom:0;line-height: 25px\"><span style=\"font-size:14px;color:#333333\">C</span><span style=\"font-size:14px;color:#333333\">、增加30000&nbsp;</span></p><p style=\"margin-bottom: 0px; line-height: 25px;\"><span style=\"font-size:14px;color:#333333\">D</span><span style=\"font-size:14px;color:#333333\">、增加5000&nbsp;</span></p>', '5', '22', '1491029663', '0');
INSERT INTO `ae_calculation_analysis` VALUES ('45', '2', '<p><span style=\"font-size:14px;font-family:宋体\">不定项选择题</span></p><h3 style=\";margin-bottom:0;line-height:22px\"><span style=\"font-size:14px\">1、甲上市公司为增值税一般纳税人，适用的增值税税率为17%。2014年6月发生与职工薪酬有关的交易或事项如下：<br/> （1）对行政管理部门使用的设备进行日常维修，应付企业内部维修人员工资2.4万元。<br/> （2）对以经营租赁方式租入的生产线进行改良，应付企业内部改良工程人员工资6万元。<br/> （3）为公司总部下属25位部门经理每人配备汽车一辆免费使用，假定每辆汽车每月折旧0.08万元。<br/> （4）将50台自产的V型厨房清洁器作为福利分配给本公司行政管理人员。该厨房清洁器每台生产成本为1.5万元，市场售价为2万元（不含增值税）。<br/> （5）月末，分配职工工资150万元，其中在建工程人员工资105万元，车间管理人员工资15万元，企业行政管理人员工资20万元，专设销售机构人员工资10万元。<br/> （6）以银行存款缴纳职工医疗保险费10万元。<br/> （7）按规定计算代扣代交职工个人所得税0.8万元。<br/> （8）以现金支付职工李某生活困难补助0.2万元。<br/> （9）从应付张经理的工资中，扣回上月代垫的应由其本人负担的医疗费2万元。<br/> 要求：根据上述资料回答下列第（1）～（5）题。</span></h3><p><span style=\"font-size:14px;font-family:宋体\">&lt;1&gt;&nbsp;</span><span style=\"font-size:14px;font-family:宋体\">、针对业务（1）～（3），下列处理正确的是（　）。</span></p><p style=\";margin-bottom:0;line-height:25px\"><span style=\"font-size:14px\">A</span><span style=\"font-size:14px\">、业务（1）<br/> 借：管理费用2.4<br/> 　　贷：应付职工薪酬2.4&nbsp;</span></p><p style=\";margin-bottom:0;line-height:25px\"><span style=\"font-size:14px\">B</span><span style=\"font-size:14px\">、业务（2）<br/> 借：在建工程6<br/> 　　贷：应付职工薪酬6&nbsp;</span></p><p style=\";margin-bottom:0;line-height:25px\"><span style=\"font-size:14px\">C</span><span style=\"font-size:14px\">、业务（3）<br/> 借：管理费用2<br/> 　　贷：应付职工薪酬2<br/> 借：应付职工薪酬2<br/> 　　贷：累计折旧2&nbsp;</span></p><p style=\";margin-bottom:0;line-height:25px\"><span style=\"font-size:14px\">D</span><span style=\"font-size:14px\">、业务（3）<br/> 借：管理费用2<br/> 　贷：累计折旧2&nbsp;</span></p><p><span style=\"font-size:14px;font-family:宋体\">&lt;2&gt;&nbsp;</span><span style=\"font-size:14px;font-family:宋体\">、业务（4）的完整处理为（　）。</span></p><p style=\";margin-bottom:0;line-height:25px\"><span style=\"font-size:14px\">A</span><span style=\"font-size:14px\">、借：管理费用117<br/> 　　贷：应付职工薪酬117&nbsp;</span></p><p style=\";margin-bottom:0;line-height:25px\"><span style=\"font-size:14px\">B</span><span style=\"font-size:14px\">、借：应付职工薪酬117<br/> 　　贷：主营业务收入100<br/> 　　　　应交税费——应交增值税（销项税额）17&nbsp;</span></p><p style=\";margin-bottom:0;line-height:25px\"><span style=\"font-size:14px\">C</span><span style=\"font-size:14px\">、借：应付职工薪酬75<br/> 　　贷：库存商品75&nbsp;</span></p><p style=\";margin-bottom:0;line-height:25px\"><span style=\"font-size:14px\">D</span><span style=\"font-size:14px\">、借：主营业务成本75<br/> 　　贷：库存商品75&nbsp;</span></p><p><span style=\"font-size:14px;font-family:宋体\">&lt;3&gt;&nbsp;</span><span style=\"font-size:14px;font-family:宋体\">、针对业务（5）、（6），表述不正确的是（　）。</span></p><p style=\";margin-bottom:0;line-height:25px\"><span style=\"font-size:14px\">A</span><span style=\"font-size:14px\">、在建工程人员工资记入“在建工程”科目&nbsp;</span></p><p style=\";margin-bottom:0;line-height:25px\"><span style=\"font-size:14px\">B</span><span style=\"font-size:14px\">、车间管理人员工资和企业行政管理人员工资都记入“管理费用”科目&nbsp;</span></p><p style=\";margin-bottom:0;line-height:25px\"><span style=\"font-size:14px\">C</span><span style=\"font-size:14px\">、专设销售机构人员工资记入“销售费用”科目&nbsp;</span></p><p style=\";margin-bottom:0;line-height:25px\"><span style=\"font-size:14px\">D</span><span style=\"font-size:14px\">、以银行存款缴纳职工医疗保险费不需要通过“应付职工薪酬”科目核算&nbsp;</span></p><p><span style=\"font-size:14px;font-family:宋体\">&lt;4&gt;&nbsp;</span><span style=\"font-size:14px;font-family:宋体\">、对于业务（7）～（9）处理不正确的是（　）。</span></p><p style=\";margin-bottom:0;line-height:25px\"><span style=\"font-size:14px\">A</span><span style=\"font-size:14px\">、业务（7）<br/> 借：应付职工薪酬0.8<br/> 　　贷：应交税费——应交个人所得税0.8&nbsp;</span></p><p style=\";margin-bottom:0;line-height:25px\"><span style=\"font-size:14px\">B</span><span style=\"font-size:14px\">、业务（8）<br/> 借：应付职工薪酬0.2<br/> 　　贷：库存现金0.2&nbsp;</span></p><p style=\";margin-bottom:0;line-height:25px\"><span style=\"font-size:14px\">C</span><span style=\"font-size:14px\">、业务（9）<br/> 借：应付职工薪酬2<br/> 　　贷：其他应付款2&nbsp;</span></p><p style=\";margin-bottom:0;line-height:25px\"><span style=\"font-size:14px\">D</span><span style=\"font-size:14px\">、业务（9）<br/> 借：应付职工薪酬2<br/> 　　贷：其他应收款2&nbsp;</span></p><p><span style=\"font-size:14px;font-family:宋体\">&lt;5&gt;&nbsp;</span><span style=\"font-size:14px;font-family:宋体\">、根据上述资料，甲公司6月份确认的应付职工薪酬科目发生额为（　）万元。</span></p><p style=\";margin-bottom:0;line-height:25px\"><span style=\"font-size:14px\">A</span><span style=\"font-size:14px\">、155.4&nbsp;</span></p><p style=\";margin-bottom:0;line-height:25px\"><span style=\"font-size:14px\">B</span><span style=\"font-size:14px\">、113.4&nbsp;</span></p><p style=\";margin-bottom:0;line-height:25px\"><span style=\"font-size:14px\">C</span><span style=\"font-size:14px\">、103.4&nbsp;</span></p><p style=\"margin-bottom: 0px; line-height: 25px;\"><span style=\"font-size:14px\">D</span><span style=\"font-size:14px\">、145.4&nbsp;</span></p>', '5', '14', '1491030910', '0');
INSERT INTO `ae_calculation_analysis` VALUES ('46', '2', '<h3 style=\";margin-bottom:0;line-height:22px\"><span style=\"font-size:14px\">甲公司2013年年初“短期借款”、“长期借款”、“应付债券”科目均无余额，该公司2013年到2014年发生有关经济业务如下：<br/> （1）2013年3月31日，从A银行借入2年期，年利率6%，到期一次还本付息，单利计息的长期借款300万元，当日用于购买一台不需要安装的生产设备。<br/> （2）2014年6月30日，从B银行借入期限为3个月，年利率为3.6%，到期一次还本付息的短期借款200万元。<br/> （3）2014年7月1按面值发行500万元的债券，年利率6%，到期一次还本付息，票面利率等于实际利率，发行债券所筹集资金于当日全部支出，用于购买厂房建造所需的工程物资，厂房预计两年后达到预定可使用状态。2014年该债券所产生的实际利息费用符合资本化条件。<br/> （4）2014年9月30日，以银行存款向B银行归还短期借款本息。<br/> （5）2014年11月1日，甲公司发行3年期分期付息到期一次还本债券100万张，面值合计为1000万元，票面利率为4.8%，实际利率为3%，收到价款1100万元已存入银行，用于日常生产经营。<br/> 要求：根据上述资料，回答下列第（1）～（5）题。</span></h3><p><span style=\"font-size:14px;font-family:宋体\">&lt;1&gt;&nbsp;</span><span style=\"font-size:14px;font-family:宋体\">、根据资料（1），下列按月计提长期借款利息，会计处理正确的是（　）。</span></p><p style=\";margin-bottom:0;line-height:25px\"><span style=\"font-size:14px\">A</span><span style=\"font-size:14px\">、借：财务费用1.5<br/> 　　　贷：长期借款—应计利息1.5&nbsp;</span></p><p style=\";margin-bottom:0;line-height:25px\"><span style=\"font-size:14px\">B</span><span style=\"font-size:14px\">、借：在建工程1.5<br/> 　　　贷：应付利息1.5&nbsp;</span></p><p style=\";margin-bottom:0;line-height:25px\"><span style=\"font-size:14px\">C</span><span style=\"font-size:14px\">、借：财务费用1.5<br/> 　　　贷：应付利息1.5&nbsp;</span></p><p style=\";margin-bottom:0;line-height:25px\"><span style=\"font-size:14px\">D</span><span style=\"font-size:14px\">、借：在建工程1.5<br/> 　　　贷：长期借款—应计利息1.5&nbsp;</span></p><p><span style=\"font-size:14px;font-family:宋体\">&lt;2&gt;&nbsp;</span><span style=\"font-size:14px;font-family:宋体\">、根据资料（2），该公司7月31日预提短期借款利息正确的是（　）。</span></p><p style=\";margin-bottom:0;line-height:25px\"><span style=\"font-size:14px\">A</span><span style=\"font-size:14px\">、短期借款增加0.6万元&nbsp;</span></p><p style=\";margin-bottom:0;line-height:25px\"><span style=\"font-size:14px\">B</span><span style=\"font-size:14px\">、应付利息增加0.6万元&nbsp;</span></p><p style=\";margin-bottom:0;line-height:25px\"><span style=\"font-size:14px\">C</span><span style=\"font-size:14px\">、财务费用增加0.6万元&nbsp;</span></p><p style=\";margin-bottom:0;line-height:25px\"><span style=\"font-size:14px\">D</span><span style=\"font-size:14px\">、银行存款减少0.6万元&nbsp;</span></p><p><span style=\"font-size:14px;font-family:宋体\">&lt;3&gt;&nbsp;</span><span style=\"font-size:14px;font-family:宋体\">、根据资料（3），该公司2014年12月31日计提债券半年利息的会计处理正确的是（　）。</span></p><p style=\";margin-bottom:0;line-height:25px\"><span style=\"font-size:14px\">A</span><span style=\"font-size:14px\">、应付利息增加15万元&nbsp;</span></p><p style=\";margin-bottom:0;line-height:25px\"><span style=\"font-size:14px\">B</span><span style=\"font-size:14px\">、应付债券增加15万元&nbsp;</span></p><p style=\";margin-bottom:0;line-height:25px\"><span style=\"font-size:14px\">C</span><span style=\"font-size:14px\">、财务费用增加15万元&nbsp;</span></p><p style=\";margin-bottom:0;line-height:25px\"><span style=\"font-size:14px\">D</span><span style=\"font-size:14px\">、在建工程增加15万元&nbsp;</span></p><p><span style=\"font-size:14px;font-family:宋体\">&lt;4&gt;&nbsp;</span><span style=\"font-size:14px;font-family:宋体\">、根据资料（1）～（4），2014年12月31日，资产负债表中填列项目正确的是（　）。</span></p><p style=\";margin-bottom:0;line-height:25px\"><span style=\"font-size:14px\">A</span><span style=\"font-size:14px\">、应付债券500万元&nbsp;</span></p><p style=\";margin-bottom:0;line-height:25px\"><span style=\"font-size:14px\">B</span><span style=\"font-size:14px\">、短期借款200万元&nbsp;</span></p><p style=\";margin-bottom:0;line-height:25px\"><span style=\"font-size:14px\">C</span><span style=\"font-size:14px\">、应付债券515万元&nbsp;</span></p><p style=\";margin-bottom:0;line-height:25px\"><span style=\"font-size:14px\">D</span><span style=\"font-size:14px\">、长期借款221万元&nbsp;</span></p><p><span style=\"font-size:14px;font-family:宋体\">&lt;5&gt;&nbsp;</span><span style=\"font-size:14px;font-family:宋体\">、根据资料（5），下列会计处理正确的是（　）。</span></p><p style=\";margin-bottom:0;line-height:25px\"><span style=\"font-size:14px\">A</span><span style=\"font-size:14px\">、2014年末应确认“财务费用”5.5万元&nbsp;</span></p><p style=\";margin-bottom:0;line-height:25px\"><span style=\"font-size:14px\">B</span><span style=\"font-size:14px\">、2014年末应确认“财务费用”8万元&nbsp;</span></p><p style=\";margin-bottom:0;line-height:25px\"><span style=\"font-size:14px\">C</span><span style=\"font-size:14px\">、2014年末应确认“应付利息”5.5万元&nbsp;</span></p><p style=\"margin-bottom: 0px; line-height: 25px;\"><span style=\"font-size:14px\">D</span><span style=\"font-size:14px\">、2014年末应确认“应付债券——应计利息”8万元&nbsp;</span></p>', '5', '14', '1491031156', '0');

-- ----------------------------
-- Table structure for ae_calculation_analysis_answers_questions
-- ----------------------------
DROP TABLE IF EXISTS `ae_calculation_analysis_answers_questions`;
CREATE TABLE `ae_calculation_analysis_answers_questions` (
  `calculation_analysis_answers_questions_id` int(11) unsigned NOT NULL AUTO_INCREMENT,
  `calculation_analysis_id` int(10) unsigned NOT NULL,
  `question_num` smallint(4) NOT NULL DEFAULT '0' COMMENT '题号 1,2,3,4,5...',
  `calculation_analysis_type_id` smallint(5) unsigned NOT NULL COMMENT '题的类型',
  `question_content` varchar(1000) NOT NULL COMMENT '问题标题 (例：下列各项中，正确的是（    ））可以为空',
  `answers` varchar(2000) NOT NULL COMMENT '答案 注：如果是"借/贷"类型用json存储',
  `create_time` int(11) unsigned NOT NULL DEFAULT '0' COMMENT '创建时间',
  `is_del` tinyint(3) unsigned NOT NULL DEFAULT '0' COMMENT '是否删除 0否 1是',
  `score` smallint(3) NOT NULL DEFAULT '0' COMMENT '分值',
  PRIMARY KEY (`calculation_analysis_answers_questions_id`)
) ENGINE=InnoDB AUTO_INCREMENT=108 DEFAULT CHARSET=utf8 COMMENT='会计--计算分析题答案与问题标题';

-- ----------------------------
-- Records of ae_calculation_analysis_answers_questions
-- ----------------------------
INSERT INTO `ae_calculation_analysis_answers_questions` VALUES ('1', '1', '1', '2', '<1> 、下列关于劳动合同中试用期的规定，说法正确的是（　　）。', 'ABC', '1486353772', '0', '3');
INSERT INTO `ae_calculation_analysis_answers_questions` VALUES ('2', '1', '2', '2', '<2> 、下列关于甲公司要求郭某缴纳抵押金的做法，正确的是（　　）。', 'CD', '1486353772', '0', '2');
INSERT INTO `ae_calculation_analysis_answers_questions` VALUES ('3', '1', '3', '3', '', '[[\"\\u501f\",\"1\",\"\\u6d4b\\u8bd51\"],[\"\\u8d37\",\"2\",\"\\u6d4b\\u8bd52\"]]', '1486353772', '1', '1');
INSERT INTO `ae_calculation_analysis_answers_questions` VALUES ('4', '1', '4', '3', '', '[[\"\\u501f\",\"1\",\"\\u6d4b\\u8bd51\"]]', '1486353772', '1', '3');
INSERT INTO `ae_calculation_analysis_answers_questions` VALUES ('5', '20', '1', '1', 'ZX', 'sadsa', '1486613157', '0', '5');
INSERT INTO `ae_calculation_analysis_answers_questions` VALUES ('6', '20', '2', '1', 'sadsa', 'sad', '1486613157', '0', '4');
INSERT INTO `ae_calculation_analysis_answers_questions` VALUES ('7', '20', '3', '2', 'asdsad', 'adsa', '1486613157', '0', '3');
INSERT INTO `ae_calculation_analysis_answers_questions` VALUES ('16', '25', '1', '1', '必须为整数', '45', '1487230684', '1', '4');
INSERT INTO `ae_calculation_analysis_answers_questions` VALUES ('17', '25', '2', '1', '必须为整数', '78', '1487230684', '1', '4');
INSERT INTO `ae_calculation_analysis_answers_questions` VALUES ('18', '25', '3', '2', '正确的是', 'AD', '1487230684', '1', '4');
INSERT INTO `ae_calculation_analysis_answers_questions` VALUES ('19', '1', '0', '0', '下列关于无固定期限劳动合同的说法中，不正确的是（　　）', '无固定期限劳动合同是指用人单位与劳动者约定合同终止时间的劳动合同郭某提出要与公司签订无固定期限劳动合同，公司应当订立用人单位与劳动者协商一致，可以订立无固定期限劳动合同劳动者工作满15年，提出订立无固定期限劳动合同的，用人单位应当订立', '1491010783', '1', '0');
INSERT INTO `ae_calculation_analysis_answers_questions` VALUES ('20', '1', '3', '2', '<3> 、下列关于无固定期限劳动合同的说法中，不正确的是（　　）。', 'ABD', '1491017449', '0', '3');
INSERT INTO `ae_calculation_analysis_answers_questions` VALUES ('21', '1', '4', '2', '<4> 、下列情形中，甲公司应当向郭某支付经济补偿的是（　　）。', 'BCD', '1491017449', '0', '3');
INSERT INTO `ae_calculation_analysis_answers_questions` VALUES ('22', '26', '1', '2', '<1> 、关于付款银行能否拒绝向丙公司付款的问题上，下列说法正确的是（　　）。', 'ABD', '1491018382', '0', '3');
INSERT INTO `ae_calculation_analysis_answers_questions` VALUES ('23', '26', '2', '2', '<2> 、下列关于甲公司第一次出票时记载金额的说法中，正确的是（　　）。', 'B', '1491018382', '0', '3');
INSERT INTO `ae_calculation_analysis_answers_questions` VALUES ('24', '26', '3', '2', '<3> 、关于甲公司签发的未记载收款人名称支票的有效性，下列说法正确的是（　　）。', 'ACD', '1491018382', '0', '3');
INSERT INTO `ae_calculation_analysis_answers_questions` VALUES ('25', '26', '4', '2', '<4> 、下列关于普通支票的使用范围的表述中，错误的是（　　）。', 'A', '1491018382', '0', '3');
INSERT INTO `ae_calculation_analysis_answers_questions` VALUES ('26', '27', '1', '2', '业务(1)应缴纳的增值税为（　　）万元。', 'A', '1491018686', '0', '4');
INSERT INTO `ae_calculation_analysis_answers_questions` VALUES ('27', '27', '2', '2', '业务(2)应缴纳的增值税为（　　）万元。', 'B', '1491018686', '0', '4');
INSERT INTO `ae_calculation_analysis_answers_questions` VALUES ('28', '27', '3', '2', '业务(3)应缴纳的增值税为（　　）万元。', 'C', '1491018686', '0', '4');
INSERT INTO `ae_calculation_analysis_answers_questions` VALUES ('29', '27', '4', '2', '业务(4)应缴纳的增值税为（　　）万元。', 'D', '1491018686', '0', '4');
INSERT INTO `ae_calculation_analysis_answers_questions` VALUES ('30', '28', '1', '2', '<1> 、星星商场委托运输公司配送空调，可以抵扣的进项税额为（　　）。', 'D', '1491018998', '0', '4');
INSERT INTO `ae_calculation_analysis_answers_questions` VALUES ('31', '28', '2', '2', '<2> 、星星商场当月可以抵扣的进项税额是（　　）。', 'C', '1491018998', '0', '4');
INSERT INTO `ae_calculation_analysis_answers_questions` VALUES ('32', '28', '3', '2', '<3> 、下列关于星星商场2015年6月的销项税额的计算中，正确的是（　　）。', 'A', '1491018998', '0', '4');
INSERT INTO `ae_calculation_analysis_answers_questions` VALUES ('33', '28', '4', '2', '<4> 、星星商场2015年6月应纳增值税为（　　）。', 'B', '1491018998', '0', '4');
INSERT INTO `ae_calculation_analysis_answers_questions` VALUES ('34', '29', '1', '2', '<1> 、下列关于违约金及权益性投资收益的表述中正确的是（　　）。', 'BC', '1491019288', '0', '4');
INSERT INTO `ae_calculation_analysis_answers_questions` VALUES ('35', '29', '2', '2', '<2> 、下列关于所得税前扣除项目的说法中，不正确的是（　　）。', 'BCD', '1491019288', '0', '4');
INSERT INTO `ae_calculation_analysis_answers_questions` VALUES ('36', '29', '3', '2', '<3> 、下列关于该企业计算应纳税所得额时，三项经费的调整中，说法正确的是（　　）。', 'ACD', '1491019288', '0', '4');
INSERT INTO `ae_calculation_analysis_answers_questions` VALUES ('37', '29', '4', '2', '<4> 、该企业2014年度应缴纳的企业所得税为（　　）万元。', 'B', '1491019288', '0', '4');
INSERT INTO `ae_calculation_analysis_answers_questions` VALUES ('38', '30', '1', '2', '<1> 、胡某绘画收入与财产租赁收入合计应纳个税（　　）元。', 'B', '1491019602', '0', '4');
INSERT INTO `ae_calculation_analysis_answers_questions` VALUES ('39', '30', '2', '2', '<2> 、胡某收到的保险赔款与债券利息收入合计应纳个税（　　）元。', 'D', '1491019602', '0', '4');
INSERT INTO `ae_calculation_analysis_answers_questions` VALUES ('40', '30', '3', '2', '<3> 、下列关于各项收入应缴纳所得税的说法不正确的是（　　）。', 'BC', '1491019602', '0', '4');
INSERT INTO `ae_calculation_analysis_answers_questions` VALUES ('41', '30', '4', '2', '<4> 、胡某2012年合计应纳个人所得税（　　）元。', 'A', '1491019602', '0', '4');
INSERT INTO `ae_calculation_analysis_answers_questions` VALUES ('43', '31', '1', '2', '<1> 、根据资料（1），2013年1月1日甲公司会计处理的结果正确的是（）。', 'AB', '1491020810', '0', '4');
INSERT INTO `ae_calculation_analysis_answers_questions` VALUES ('44', '31', '2', '2', '<2> 、根据资料（2），甲公司会计处理正确的是（）。', 'BD', '1491020810', '0', '4');
INSERT INTO `ae_calculation_analysis_answers_questions` VALUES ('45', '31', '3', '2', '<3> 、根据资料（3），会计处理正确的是（）。', 'B', '1491020810', '0', '4');
INSERT INTO `ae_calculation_analysis_answers_questions` VALUES ('46', '31', '4', '2', '<4> 、根据资料（4），下列说法中不正确的是（）。', 'ACD', '1491020810', '0', '4');
INSERT INTO `ae_calculation_analysis_answers_questions` VALUES ('47', '31', '5', '2', '<5> 、结合资料（1）~（4），甲公司长期股权投资的账面价值是（）万元。', 'B', '1491020810', '0', '4');
INSERT INTO `ae_calculation_analysis_answers_questions` VALUES ('48', '32', '1', '2', '<1> 、根据资料（1）～（3），下列说法正确的是（　）。', 'D', '1491021186', '0', '4');
INSERT INTO `ae_calculation_analysis_answers_questions` VALUES ('49', '32', '2', '2', '<2> 、根据资料（4）～（5），下列说法正确的是（　）。', 'ABCD', '1491021186', '0', '4');
INSERT INTO `ae_calculation_analysis_answers_questions` VALUES ('50', '32', '3', '2', '<3> 、根据资料（7）～（9），下列说法正确的是（　）。', 'ACD', '1491021186', '0', '4');
INSERT INTO `ae_calculation_analysis_answers_questions` VALUES ('51', '33', '1', '2', '<1> 、甲公司2012年5月10日取得交易性金融资产时，下列各项中正确的是（　）。', 'A', '1491025841', '0', '4');
INSERT INTO `ae_calculation_analysis_answers_questions` VALUES ('52', '33', '2', '2', '<2> 、关于甲公司2012年交易性金融资产的会计处理，下列各项中正确的是（　）。', 'AD', '1491025841', '0', '4');
INSERT INTO `ae_calculation_analysis_answers_questions` VALUES ('53', '33', '3', '2', '<3> 、甲公司2012年与交易性金融资产有关的会计分录，下列各项中，会计处理结果正确的是（　）。', 'ABCD', '1491025841', '0', '4');
INSERT INTO `ae_calculation_analysis_answers_questions` VALUES ('54', '33', '4', '2', '<4> 、甲公司从取得交易性金融资产至出售交易性金融资产，下列各项中，会计处理结果正确的是（　）。', 'ACD', '1491025841', '0', '4');
INSERT INTO `ae_calculation_analysis_answers_questions` VALUES ('55', '34', '1', '2', '<1> 、根据资料（1），下面表述不正确的是（　）。', 'AC', '1491026160', '0', '4');
INSERT INTO `ae_calculation_analysis_answers_questions` VALUES ('56', '34', '2', '2', '<2> 、根据资料（2），2012年度该生产线计提的折旧额为（　）万元。', 'B', '1491026160', '0', '4');
INSERT INTO `ae_calculation_analysis_answers_questions` VALUES ('57', '34', '3', '2', '<3> 、根据上述资料（3），下面表述中正确的是（　）。', 'B', '1491026160', '0', '4');
INSERT INTO `ae_calculation_analysis_answers_questions` VALUES ('58', '34', '4', '2', '<4> 、根据上述资料（4）～（5），下面表述中正确的是（　）。', 'AD', '1491026160', '0', '4');
INSERT INTO `ae_calculation_analysis_answers_questions` VALUES ('59', '34', '5', '2', '<5> 、根据上述资料（6），处置该生产线时应确认的处置损益金额为（　）万元。', 'B', '1491026160', '0', '4');
INSERT INTO `ae_calculation_analysis_answers_questions` VALUES ('60', '35', '1', '2', '<1> 、关于甲投资者投入自产产品业务，Y公司的账务处理中正确的有（）。', 'BC', '1491026542', '0', '4');
INSERT INTO `ae_calculation_analysis_answers_questions` VALUES ('61', '35', '2', '2', '<2> 、根据资料(2)，下列表述中不正确的有（）。', 'CD', '1491026542', '0', '4');
INSERT INTO `ae_calculation_analysis_answers_questions` VALUES ('62', '35', '3', '2', '<3> 、Y公司年末股本账面余额为（）万元。', 'B', '1491026542', '0', '4');
INSERT INTO `ae_calculation_analysis_answers_questions` VALUES ('63', '35', '4', '2', '<4> 、Y公司年末资本公积账面余额为（）万元。', 'A', '1491026542', '0', '4');
INSERT INTO `ae_calculation_analysis_answers_questions` VALUES ('64', '35', '5', '2', '<5> 、下列说法中正确的有（）。', 'AD', '1491026542', '0', '4');
INSERT INTO `ae_calculation_analysis_answers_questions` VALUES ('65', '36', '1', '2', '<1> 、根据资料（1），下列处理正确的是（　）。', 'CD', '1491027576', '0', '4');
INSERT INTO `ae_calculation_analysis_answers_questions` VALUES ('66', '36', '2', '2', '<2> 、根据资料（2）、（4），下列说法不正确的是（　）。', 'ABD', '1491027576', '0', '4');
INSERT INTO `ae_calculation_analysis_answers_questions` VALUES ('67', '36', '3', '2', '<3> 、关于业务（3）的下列处理中，恰当的是（　）。', 'BC', '1491027576', '0', '4');
INSERT INTO `ae_calculation_analysis_answers_questions` VALUES ('68', '36', '4', '2', '<4> 、2014年年末，应收账款的账面余额为（　）元。', 'B', '1491027576', '0', '4');
INSERT INTO `ae_calculation_analysis_answers_questions` VALUES ('69', '36', '5', '2', '<5> 、2014年年末，应计提的坏账准备为（　）元。', 'A', '1491027576', '0', '4');
INSERT INTO `ae_calculation_analysis_answers_questions` VALUES ('70', '37', '1', '2', '<2> 、根据资料（1），12月份应确认的劳务收入为（　）万元。', 'C', '1491027840', '0', '4');
INSERT INTO `ae_calculation_analysis_answers_questions` VALUES ('71', '37', '2', '2', '<3> 、根据资料（3），下列表述正确的是（　）。', 'BD', '1491027840', '0', '4');
INSERT INTO `ae_calculation_analysis_answers_questions` VALUES ('72', '37', '3', '2', '<4> 、根据资料（4），下列处理中，错误的是（　）。', 'BD', '1491027840', '0', '4');
INSERT INTO `ae_calculation_analysis_answers_questions` VALUES ('73', '37', '4', '2', '<5> 、12月份，实现的营业利润为（　）万元。', 'A', '1491027939', '0', '4');
INSERT INTO `ae_calculation_analysis_answers_questions` VALUES ('74', '37', '5', '2', '<6> 、本月应计算的所得税费用为（　）万元。', 'C', '1491027939', '0', '4');
INSERT INTO `ae_calculation_analysis_answers_questions` VALUES ('75', '38', '1', '2', '<1> 、下列关于“本年利润”账户的表述中，正确的是（　）。', 'ABCD', '1491028217', '0', '5');
INSERT INTO `ae_calculation_analysis_answers_questions` VALUES ('76', '38', '2', '2', '<2> 、根据上述资料，下列关于远大公司的处理正确的是（　）。', 'ABD', '1491028217', '0', '5');
INSERT INTO `ae_calculation_analysis_answers_questions` VALUES ('77', '38', '3', '2', '<3> 、远大公司当年实现的净利润为（　）元。', 'C', '1491028217', '0', '5');
INSERT INTO `ae_calculation_analysis_answers_questions` VALUES ('78', '39', '1', '2', '<1> 、甲公司2014年度应纳税所得额为（　）万元。', 'C', '1491028354', '0', '5');
INSERT INTO `ae_calculation_analysis_answers_questions` VALUES ('79', '39', '2', '2', '<2> 、甲公司2014年度应交所得税额为（　）万元。', 'B', '1491028354', '0', '5');
INSERT INTO `ae_calculation_analysis_answers_questions` VALUES ('80', '39', '3', '2', '<3> 、甲公司2014年度实现的净利润为（　）万元。', 'A', '1491028354', '0', '5');
INSERT INTO `ae_calculation_analysis_answers_questions` VALUES ('81', '40', '1', '2', '<1> 、“销售商品、提供劳务收到的现金”项目金额为（　）万元。', 'B', '1491028933', '0', '5');
INSERT INTO `ae_calculation_analysis_answers_questions` VALUES ('82', '40', '2', '2', '<2> 、“购买商品、接受劳务支付的现金”项目金额为（　）万元。', 'C', '1491028933', '0', '5');
INSERT INTO `ae_calculation_analysis_answers_questions` VALUES ('83', '40', '3', '2', '<3> 、“支付给职工以及为职工支付的现金”项目和“支付的各项税费”项目金额分别为（　）万元。', 'D', '1491028933', '0', '5');
INSERT INTO `ae_calculation_analysis_answers_questions` VALUES ('84', '41', '1', '2', '<1> 、甲公司12月1日从A公司购入产品的入账价值为（　）万元。', 'C', '1491029127', '0', '4');
INSERT INTO `ae_calculation_analysis_answers_questions` VALUES ('85', '41', '2', '2', '<2> 、甲公司12月5日处置一项以公允价值模式计量的投资性房地产，其处置损益为（　）万元。', 'D', '1491029127', '0', '4');
INSERT INTO `ae_calculation_analysis_answers_questions` VALUES ('86', '41', '3', '2', '<3> 、甲公司关于业务（3）～（5）下列会计处理方法表述正确的是（　）。', 'C', '1491029127', '0', '4');
INSERT INTO `ae_calculation_analysis_answers_questions` VALUES ('87', '41', '4', '2', '<4> 、关于2014年12月31日有关资产负债表项目填列，说法正确的是（　）。', 'BCD', '1491029127', '0', '4');
INSERT INTO `ae_calculation_analysis_answers_questions` VALUES ('88', '41', '5', '2', '<5> 、2014年12月份当月的营业利润是（　）万元。', 'C', '1491029127', '0', '4');
INSERT INTO `ae_calculation_analysis_answers_questions` VALUES ('89', '42', '1', '2', '<1> 、制造费用年度计划分配率为（　）。', 'C', '1491029324', '0', '5');
INSERT INTO `ae_calculation_analysis_answers_questions` VALUES ('90', '42', '2', '2', '<2> 、下列关于A、B产品当月应负担的制造费用说法正确的有（　）。', 'AD', '1491029324', '0', '5');
INSERT INTO `ae_calculation_analysis_answers_questions` VALUES ('91', '43', '1', '2', '<1> 、关于各工序在产品的完工程度，下列表述不正确的是（　）。', 'AD', '1491029518', '0', '4');
INSERT INTO `ae_calculation_analysis_answers_questions` VALUES ('92', '43', '2', '2', '<2> 、关于各工序在产品约当产量，下列表述正确的是（　）。', 'BC', '1491029518', '0', '4');
INSERT INTO `ae_calculation_analysis_answers_questions` VALUES ('93', '43', '3', '2', '<3> 、根据上述资料可以计算职工薪酬的分配率为（　）。', 'A', '1491029518', '0', '4');
INSERT INTO `ae_calculation_analysis_answers_questions` VALUES ('94', '43', '4', '2', '<4> 、根据上述资料，计算完工产品以及月末在产品的职工薪酬分别为（　）元。', 'C', '1491029518', '0', '4');
INSERT INTO `ae_calculation_analysis_answers_questions` VALUES ('95', '44', '1', '2', '<1> 、1月31日，购入的专用设备的入账价值为（　）万元。', 'D', '1491029663', '0', '2');
INSERT INTO `ae_calculation_analysis_answers_questions` VALUES ('96', '44', '2', '2', '<2> 、5月31日，该事业单位下列会计处理中正确的有（　）。', 'BC', '1491029663', '0', '2');
INSERT INTO `ae_calculation_analysis_answers_questions` VALUES ('97', '44', '3', '2', '<3> 、该事业单位报废该项设备对于修购基金的影响金额为（　）元。', 'D', '1491029663', '0', '2');
INSERT INTO `ae_calculation_analysis_answers_questions` VALUES ('98', '45', '1', '2', '<1> 、针对业务（1）～（3），下列处理正确的是（　）。', 'AC', '1491030910', '0', '5');
INSERT INTO `ae_calculation_analysis_answers_questions` VALUES ('99', '45', '2', '2', '<2> 、业务（4）的完整处理为（　）。', 'ABD', '1491030910', '0', '5');
INSERT INTO `ae_calculation_analysis_answers_questions` VALUES ('100', '45', '3', '2', '<3> 、针对业务（5）、（6），表述不正确的是（　）。', 'BD', '1491030911', '0', '5');
INSERT INTO `ae_calculation_analysis_answers_questions` VALUES ('101', '45', '4', '2', '<4> 、对于业务（7）～（9）处理不正确的是（　）。', 'C', '1491030911', '0', '5');
INSERT INTO `ae_calculation_analysis_answers_questions` VALUES ('102', '45', '5', '2', '<5> 、根据上述资料，甲公司6月份确认的应付职工薪酬科目发生额为（　）万元。', 'D', '1491030911', '0', '5');
INSERT INTO `ae_calculation_analysis_answers_questions` VALUES ('103', '46', '1', '2', '<1> 、根据资料（1），下列按月计提长期借款利息，会计处理正确的是（　）。', 'A', '1491031156', '0', '5');
INSERT INTO `ae_calculation_analysis_answers_questions` VALUES ('104', '46', '2', '2', '<2> 、根据资料（2），该公司7月31日预提短期借款利息正确的是（　）。', 'BC', '1491031156', '0', '5');
INSERT INTO `ae_calculation_analysis_answers_questions` VALUES ('105', '46', '3', '2', '<3> 、根据资料（3），该公司2014年12月31日计提债券半年利息的会计处理正确的是（　）。', 'BD', '1491031156', '0', '5');
INSERT INTO `ae_calculation_analysis_answers_questions` VALUES ('106', '46', '4', '2', '<4> 、根据资料（1）～（4），2014年12月31日，资产负债表中填列项目正确的是（　）。', 'C', '1491031156', '0', '5');
INSERT INTO `ae_calculation_analysis_answers_questions` VALUES ('107', '46', '5', '2', '<5> 、根据资料（5），下列会计处理正确的是（　）。', 'A', '1491031156', '0', '5');

-- ----------------------------
-- Table structure for ae_calculation_analysis_type
-- ----------------------------
DROP TABLE IF EXISTS `ae_calculation_analysis_type`;
CREATE TABLE `ae_calculation_analysis_type` (
  `calculation_analysis_type_id` smallint(5) unsigned NOT NULL AUTO_INCREMENT,
  `calculation_analysis_type_name` varchar(30) NOT NULL COMMENT '题的类型名称 例 填空题，多选题，借/贷等',
  `create_time` int(11) unsigned NOT NULL DEFAULT '0' COMMENT '创建时间',
  `is_del` tinyint(3) unsigned NOT NULL DEFAULT '0' COMMENT '是否删除 0否 1是',
  PRIMARY KEY (`calculation_analysis_type_id`)
) ENGINE=InnoDB AUTO_INCREMENT=4 DEFAULT CHARSET=utf8 COMMENT='会计--计算分析题类型';

-- ----------------------------
-- Records of ae_calculation_analysis_type
-- ----------------------------
INSERT INTO `ae_calculation_analysis_type` VALUES ('1', '填空', '1486349686', '0');
INSERT INTO `ae_calculation_analysis_type` VALUES ('2', '选择', '1486349686', '0');
INSERT INTO `ae_calculation_analysis_type` VALUES ('3', '借/贷', '1486349686', '0');

-- ----------------------------
-- Table structure for ae_check
-- ----------------------------
DROP TABLE IF EXISTS `ae_check`;
CREATE TABLE `ae_check` (
  `check_id` int(11) unsigned NOT NULL AUTO_INCREMENT,
  `check_topic` varchar(1000) NOT NULL COMMENT '多选标题',
  `check_option` varchar(2000) NOT NULL COMMENT '多选选项 json {''好'',''不好'',''孬'',''不孬''}',
  `exam_cat_id` int(10) unsigned NOT NULL,
  `check_answer` varchar(500) NOT NULL COMMENT '多选答案 例  json {''不错'',''对了''}',
  `acc_cat_id` int(11) unsigned NOT NULL,
  `admin_id` smallint(5) unsigned NOT NULL DEFAULT '0' COMMENT '管理员id',
  `subject_id` int(10) unsigned NOT NULL DEFAULT '0' COMMENT '科目id',
  `create_time` int(11) unsigned NOT NULL DEFAULT '0' COMMENT '创建时间',
  `is_del` tinyint(1) NOT NULL DEFAULT '0' COMMENT '是否删除 0否 1是',
  `score` smallint(3) NOT NULL DEFAULT '0' COMMENT '分值',
  PRIMARY KEY (`check_id`)
) ENGINE=InnoDB AUTO_INCREMENT=203 DEFAULT CHARSET=utf8 COMMENT='会计--多选题';

-- ----------------------------
-- Records of ae_check
-- ----------------------------
INSERT INTO `ae_check` VALUES ('1', '下列各项中，应该计入“坏账准备”贷方的有（　）。 ', '[\"\\u5f53\\u671f\\u5b9e\\u9645\\u53d1\\u751f\\u7684\\u574f\\u8d26\\u635f\\u5931\",\"\\u51b2\\u56de\\u591a\\u63d0\\u7684\\u574f\\u8d26\\u51c6\\u5907\",\"\\u5f53\\u671f\\u8865\\u63d0\\u7684\\u574f\\u8d26\\u51c6\\u5907\",\"\\u5df2\\u8f6c\\u9500\\u7684\\u574f\\u8d26\\u5f53\\u671f\\u53c8\\u6536\\u56de\"]', '2', '[\"\\u5f53\\u671f\\u8865\\u63d0\\u7684\\u574f\\u8d26\\u51c6\\u5907\",\"\\u5df2\\u8f6c\\u9500\\u7684\\u574f\\u8d26\\u5f53\\u671f\\u53c8\\u6536\\u56de\"]', '5', '0', '13', '1487673848', '0', '2');
INSERT INTO `ae_check` VALUES ('2', '下列关于无形资产会计处理的表述中，正确的有（　）。 ', '[\"\\u65e0\\u5f62\\u8d44\\u4ea7\\u5747\\u5e94\\u786e\\u5b9a\\u9884\\u8ba1\\u4f7f\\u7528\\u5e74\\u9650\\u5e76\\u5206\\u671f\\u644a\\u9500\",\"\\u6709\\u507f\\u53d6\\u5f97\\u7684\\u81ea\\u7528\\u571f\\u5730\\u4f7f\\u7528\\u6743\\u5e94\\u786e\\u8ba4\\u4e3a\\u65e0\\u5f62\\u8d44\\u4ea7\",\"\\u5185\\u90e8\\u7814\\u53d1\\u9879\\u76ee\\u5f00\\u53d1\\u9636\\u6bb5\\u652f\\u51fa\\u5e94\\u5168\\u90e8\\u786e\\u8ba4\\u4e3a\\u65e0\\u5f62\\u8d44\\u4ea7\",\"\\u65e0\\u5f62\\u8d44\\u4ea7\\u51cf\\u503c\\u635f\\u5931\\u4e00\\u7ecf\\u786e\\u8ba4\\u5728\\u4ee5\\u540e\\u4f1a\\u8ba1\\u671f\\u95f4\\u4e0d\\u5f97\\u8f6c\\u56de\"]', '2', '[\"\\u6709\\u507f\\u53d6\\u5f97\\u7684\\u81ea\\u7528\\u571f\\u5730\\u4f7f\\u7528\\u6743\\u5e94\\u786e\\u8ba4\\u4e3a\\u65e0\\u5f62\\u8d44\\u4ea7\",\"\\u65e0\\u5f62\\u8d44\\u4ea7\\u51cf\\u503c\\u635f\\u5931\\u4e00\\u7ecf\\u786e\\u8ba4\\u5728\\u4ee5\\u540e\\u4f1a\\u8ba1\\u671f\\u95f4\\u4e0d\\u5f97\\u8f6c\\u56de\"]', '5', '0', '13', '1487673848', '0', '2');
INSERT INTO `ae_check` VALUES ('3', '下列各项中，不属于投资性房地产的有（　）。 ', '[\"\\u623f\\u5730\\u4ea7\\u4f01\\u4e1a\\u5f00\\u53d1\\u7684\\u51c6\\u5907\\u51fa\\u552e\\u7684\\u623f\\u5c4b\",\"\\u623f\\u5730\\u4ea7\\u4f01\\u4e1a\\u5f00\\u53d1\\u7684\\u5df2\\u51fa\\u79df\\u7684\\u623f\\u5c4b\",\"\\u4f01\\u4e1a\\u6301\\u6709\\u7684\\u51c6\\u5907\\u5efa\\u9020\\u5382\\u623f\\u7684\\u571f\\u5730\\u4f7f\\u7528\\u6743\",\"\\u4f01\\u4e1a\\u4ee5\\u7ecf\\u8425\\u79df\\u8d41\\u65b9\\u5f0f\\u79df\\u5165\\u7684\\u5efa\\u7b51\\u7269\"]', '2', '[\"\\u623f\\u5730\\u4ea7\\u4f01\\u4e1a\\u5f00\\u53d1\\u7684\\u51c6\\u5907\\u51fa\\u552e\\u7684\\u623f\\u5c4b\",\"\\u4f01\\u4e1a\\u6301\\u6709\\u7684\\u51c6\\u5907\\u5efa\\u9020\\u5382\\u623f\\u7684\\u571f\\u5730\\u4f7f\\u7528\\u6743\",\"\\u4f01\\u4e1a\\u4ee5\\u7ecf\\u8425\\u79df\\u8d41\\u65b9\\u5f0f\\u79df\\u5165\\u7684\\u5efa\\u7b51\\u7269\"]', '5', '0', '13', '1487673848', '0', '2');
INSERT INTO `ae_check` VALUES ('4', '下列各项中，影响企业当期损益的有（　）。 ', '[\"\\u91c7\\u7528\\u6210\\u672c\\u6a21\\u5f0f\\u8ba1\\u91cf\\uff0c\\u671f\\u672b\\u6295\\u8d44\\u6027\\u623f\\u5730\\u4ea7\\u7684\\u53ef\\u6536\\u56de\\u91d1\\u989d\\u9ad8\\u4e8e\\u8d26\\u9762\\u4ef7\\u503c\\u7684\\u5dee\\u989d\",\"\\u91c7\\u7528\\u6210\\u672c\\u6a21\\u5f0f\\u8ba1\\u91cf\\uff0c\\u671f\\u672b\\u6295\\u8d44\\u6027\\u623f\\u5730\\u4ea7\\u7684\\u53ef\\u6536\\u56de\\u91d1\\u989d\\u9ad8\\u4e8e\\u8d26\\u9762\\u4f59\\u989d\\u7684\\u5dee\\u989d\",\"\\u4f01\\u4e1a\\u91c7\\u7528\\u516c\\u5141\\u4ef7\\u503c\\u6a21\\u5f0f\\u8ba1\\u91cf\\u7684\\u6295\\u8d44\\u6027\\u623f\\u5730\\u4ea7\\u671f\\u672b\\u516c\\u5141\\u4ef7\\u503c\\u5927\\u4e8e\\u8d26\\u9762\\u4ef7\\u503c\\u7684\\u5dee\\u989d\",\"\\u4f01\\u4e1a\\u91c7\\u7528\\u516c\\u5141\\u4ef7\\u503c\\u6a21\\u5f0f\\u8ba1\\u91cf\\u7684\\u6295\\u8d44\\u6027\\u623f\\u5730\\u4ea7\\u671f\\u672b\\u516c\\u5141\\u4ef7\\u503c\\u5c0f\\u4e8e\\u8d26\\u9762\\u4ef7\\u503c\\u7684\\u5dee\\u989d\"]', '2', '[\"\\u4f01\\u4e1a\\u91c7\\u7528\\u516c\\u5141\\u4ef7\\u503c\\u6a21\\u5f0f\\u8ba1\\u91cf\\u7684\\u6295\\u8d44\\u6027\\u623f\\u5730\\u4ea7\\u671f\\u672b\\u516c\\u5141\\u4ef7\\u503c\\u5927\\u4e8e\\u8d26\\u9762\\u4ef7\\u503c\\u7684\\u5dee\\u989d\",\"\\u4f01\\u4e1a\\u91c7\\u7528\\u516c\\u5141\\u4ef7\\u503c\\u6a21\\u5f0f\\u8ba1\\u91cf\\u7684\\u6295\\u8d44\\u6027\\u623f\\u5730\\u4ea7\\u671f\\u672b\\u516c\\u5141\\u4ef7\\u503c\\u5c0f\\u4e8e\\u8d26\\u9762\\u4ef7\\u503c\\u7684\\u5dee\\u989d\"]', '5', '0', '13', '1487673848', '0', '2');
INSERT INTO `ae_check` VALUES ('5', '在持股比例不变的情况下，采用权益法核算时，下列各项中，不会引起投资企业“资本公积—其他资本公积”发生变化的有（　）。 ', '[\"\\u88ab\\u6295\\u8d44\\u5355\\u4f4d\\u53d1\\u653e\\u80a1\\u7968\\u80a1\\u5229\",\"\\u88ab\\u6295\\u8d44\\u5355\\u4f4d\\u4ee5\\u8d44\\u672c\\u516c\\u79ef\\u8f6c\\u589e\\u80a1\\u672c\",\"\\u88ab\\u6295\\u8d44\\u5355\\u4f4d\\u4ee5\\u7a0e\\u540e\\u5229\\u6da6\\u8865\\u4e8f\",\"\\u88ab\\u6295\\u8d44\\u5355\\u4f4d\\u4ee5\\u76c8\\u4f59\\u516c\\u79ef\\u91d1\\u5f25\\u8865\\u4e8f\\u635f\"]', '2', '[\"\\u88ab\\u6295\\u8d44\\u5355\\u4f4d\\u53d1\\u653e\\u80a1\\u7968\\u80a1\\u5229\",\"\\u88ab\\u6295\\u8d44\\u5355\\u4f4d\\u4ee5\\u8d44\\u672c\\u516c\\u79ef\\u8f6c\\u589e\\u80a1\\u672c\",\"\\u88ab\\u6295\\u8d44\\u5355\\u4f4d\\u4ee5\\u7a0e\\u540e\\u5229\\u6da6\\u8865\\u4e8f\",\"\\u88ab\\u6295\\u8d44\\u5355\\u4f4d\\u4ee5\\u76c8\\u4f59\\u516c\\u79ef\\u91d1\\u5f25\\u8865\\u4e8f\\u635f\"]', '5', '0', '13', '1487673848', '0', '2');
INSERT INTO `ae_check` VALUES ('6', '下列各项中，能引起权益法核算的长期股权投资账面价值发生变动的有（　）。 ', '[\"\\u88ab\\u6295\\u8d44\\u5355\\u4f4d\\u5b9e\\u73b0\\u51c0\\u5229\\u6da6\",\"\\u88ab\\u6295\\u8d44\\u5355\\u4f4d\\u5ba3\\u544a\\u53d1\\u653e\\u80a1\\u7968\\u80a1\\u5229\",\"\\u88ab\\u6295\\u8d44\\u5355\\u4f4d\\u5ba3\\u544a\\u53d1\\u653e\\u73b0\\u91d1\\u80a1\\u5229\",\"\\u88ab\\u6295\\u8d44\\u5355\\u4f4d\\u53ef\\u4f9b\\u51fa\\u552e\\u91d1\\u878d\\u8d44\\u4ea7\\u516c\\u5141\\u4ef7\\u503c\\u53d1\\u751f\\u53d8\\u52a8\"]', '2', '[\"\\u88ab\\u6295\\u8d44\\u5355\\u4f4d\\u5b9e\\u73b0\\u51c0\\u5229\\u6da6\",\"\\u88ab\\u6295\\u8d44\\u5355\\u4f4d\\u5ba3\\u544a\\u53d1\\u653e\\u73b0\\u91d1\\u80a1\\u5229\",\"\\u88ab\\u6295\\u8d44\\u5355\\u4f4d\\u53ef\\u4f9b\\u51fa\\u552e\\u91d1\\u878d\\u8d44\\u4ea7\\u516c\\u5141\\u4ef7\\u503c\\u53d1\\u751f\\u53d8\\u52a8\"]', '5', '0', '13', '1487673848', '0', '2');
INSERT INTO `ae_check` VALUES ('7', '下列各项中，属于其他货币资金的有（　）。 ', '[\"\\u5b58\\u51fa\\u4fdd\\u8bc1\\u91d1\",\"\\u5546\\u4e1a\\u6c47\\u7968\",\"\\u4fe1\\u7528\\u8bc1\\u4fdd\\u8bc1\\u91d1\\u5b58\\u6b3e\",\"\\u94f6\\u884c\\u6c47\\u7968\\u5b58\\u6b3e\"]', '2', '[\"\\u4fe1\\u7528\\u8bc1\\u4fdd\\u8bc1\\u91d1\\u5b58\\u6b3e\",\"\\u94f6\\u884c\\u6c47\\u7968\\u5b58\\u6b3e\"]', '5', '0', '13', '1487673848', '0', '2');
INSERT INTO `ae_check` VALUES ('8', '下列可供出售金融资产的表述中，正确的有（　）。 ', '[\"\\u5e94\\u5f53\\u6309\\u53d6\\u5f97\\u53ef\\u4f9b\\u51fa\\u552e\\u91d1\\u878d\\u8d44\\u4ea7\\u7684\\u516c\\u5141\\u4ef7\\u503c\\u548c\\u76f8\\u5173\\u4ea4\\u6613\\u8d39\\u7528\\u4e4b\\u548c\\u4f5c\\u4e3a\\u521d\\u59cb\\u786e\\u8ba4\\u91d1\\u989d\",\"\\u53ef\\u4f9b\\u51fa\\u552e\\u91d1\\u878d\\u8d44\\u4ea7\\u6301\\u6709\\u671f\\u95f4\\u53d6\\u5f97\\u7684\\u5229\\u606f\\u6216\\u73b0\\u91d1\\u80a1\\u5229\\uff0c\\u5e94\\u5f53\\u51b2\\u51cf\\u8d44\\u4ea7\\u6210\\u672c\",\"\\u5904\\u7f6e\\u53ef\\u4f9b\\u51fa\\u552e\\u91d1\\u878d\\u8d44\\u4ea7\\u7684\\u51c0\\u635f\\u76ca\\u5e94\\u8ba1\\u5165\\u516c\\u5141\\u4ef7\\u503c\\u53d8\\u52a8\\u635f\\u76ca\",\"\\u53ef\\u4f9b\\u51fa\\u552e\\u91d1\\u878d\\u8d44\\u4ea7\\u53d1\\u751f\\u7684\\u51cf\\u503c\\u635f\\u5931\\u8ba1\\u5165\\u5f53\\u671f\\u635f\\u76ca\"]', '2', '[\"\\u5e94\\u5f53\\u6309\\u53d6\\u5f97\\u53ef\\u4f9b\\u51fa\\u552e\\u91d1\\u878d\\u8d44\\u4ea7\\u7684\\u516c\\u5141\\u4ef7\\u503c\\u548c\\u76f8\\u5173\\u4ea4\\u6613\\u8d39\\u7528\\u4e4b\\u548c\\u4f5c\\u4e3a\\u521d\\u59cb\\u786e\\u8ba4\\u91d1\\u989d\",\"\\u53ef\\u4f9b\\u51fa\\u552e\\u91d1\\u878d\\u8d44\\u4ea7\\u53d1\\u751f\\u7684\\u51cf\\u503c\\u635f\\u5931\\u8ba1\\u5165\\u5f53\\u671f\\u635f\\u76ca\"]', '5', '0', '13', '1487673848', '0', '2');
INSERT INTO `ae_check` VALUES ('9', '下列关于固定资产的后续支出说法正确的有（　）。 ', '[\"\\u56fa\\u5b9a\\u8d44\\u4ea7\\u7684\\u540e\\u7eed\\u652f\\u51fa\\u662f\\u6307\\u56fa\\u5b9a\\u8d44\\u4ea7\\u5728\\u4f7f\\u7528\\u8fc7\\u7a0b\\u4e2d\\u53d1\\u751f\\u7684\\u66f4\\u65b0\\u6539\\u9020\\u652f\\u51fa\\u3001\\u4fee\\u7406\\u8d39\\u7528\\u7b49\",\"\\u56fa\\u5b9a\\u8d44\\u4ea7\\u7684\\u66f4\\u65b0\\u6539\\u9020\\u4e2d\\uff0c\\u5982\\u6709\\u88ab\\u66ff\\u6362\\u7684\\u90e8\\u5206\\uff0c\\u5e94\\u540c\\u65f6\\u5c06\\u88ab\\u66ff\\u6362\\u90e8\\u5206\\u7684\\u8d26\\u9762\\u4f59\\u989d\\u4ece\\u8be5\\u56fa\\u5b9a\\u8d44\\u4ea7\\u539f\\u8d26\\u9762\\u4ef7\\u503c\\u4e2d\\u6263\\u9664\",\"\\u4f01\\u4e1a\\u751f\\u4ea7\\u8f66\\u95f4\\u53d1\\u751f\\u7684\\u4e0d\\u53ef\\u8d44\\u672c\\u5316\\u7684\\u540e\\u7eed\\u652f\\u51fa\\u53d1\\u751f\\u7684\\u56fa\\u5b9a\\u8d44\\u4ea7\\u65e5\\u5e38\\u4fee\\u7406\\u8d39\\u7528\\uff0c\\u8ba1\\u5165\\u5236\\u9020\\u8d39\\u7528\\u79d1\\u76ee\",\"\\u4f01\\u4e1a\\u4e13\\u8bbe\\u9500\\u552e\\u673a\\u6784\\u53d1\\u751f\\u7684\\u4e0d\\u53ef\\u8d44\\u672c\\u5316\\u7684\\u540e\\u7eed\\u652f\\u51fa\\uff0c\\u8ba1\\u5165\\u9500\\u552e\\u8d39\\u7528\\u79d1\\u76ee\"]', '2', '[\"\\u56fa\\u5b9a\\u8d44\\u4ea7\\u7684\\u540e\\u7eed\\u652f\\u51fa\\u662f\\u6307\\u56fa\\u5b9a\\u8d44\\u4ea7\\u5728\\u4f7f\\u7528\\u8fc7\\u7a0b\\u4e2d\\u53d1\\u751f\\u7684\\u66f4\\u65b0\\u6539\\u9020\\u652f\\u51fa\\u3001\\u4fee\\u7406\\u8d39\\u7528\\u7b49\",\"\\u4f01\\u4e1a\\u4e13\\u8bbe\\u9500\\u552e\\u673a\\u6784\\u53d1\\u751f\\u7684\\u4e0d\\u53ef\\u8d44\\u672c\\u5316\\u7684\\u540e\\u7eed\\u652f\\u51fa\\uff0c\\u8ba1\\u5165\\u9500\\u552e\\u8d39\\u7528\\u79d1\\u76ee\"]', '5', '0', '13', '1487673848', '0', '2');
INSERT INTO `ae_check` VALUES ('10', '下列各项中，企业需暂估入账的有（　）。 ', '[\"\\u6708\\u672b\\u5df2\\u9a8c\\u6536\\u5165\\u5e93\\u4f46\\u53d1\\u7968\\u8d26\\u5355\\u672a\\u5230\\u7684\\u539f\\u6750\\u6599\",\"\\u5df2\\u53d1\\u51fa\\u5546\\u54c1\\u4f46\\u8d27\\u6b3e\\u5f88\\u53ef\\u80fd\\u65e0\\u6cd5\\u6536\\u56de\\u7684\\u5546\\u54c1\\u9500\\u552e\",\"\\u5df2\\u8fbe\\u5230\\u9884\\u5b9a\\u53ef\\u4f7f\\u7528\\u72b6\\u6001\\u4f46\\u5c1a\\u672a\\u529e\\u7406\\u7ae3\\u5de5\\u51b3\\u7b97\\u7684\\u529e\\u516c\\u697c\",\"\\u8463\\u4e8b\\u4f1a\\u5df2\\u901a\\u8fc7\\u4f46\\u80a1\\u4e1c\\u5927\\u4f1a\\u5c1a\\u672a\\u6279\\u51c6\\u7684\\u62df\\u5206\\u914d\\u73b0\\u91d1\\u80a1\\u5229\"]', '2', '[\"\\u6708\\u672b\\u5df2\\u9a8c\\u6536\\u5165\\u5e93\\u4f46\\u53d1\\u7968\\u8d26\\u5355\\u672a\\u5230\\u7684\\u539f\\u6750\\u6599\",\"\\u5df2\\u8fbe\\u5230\\u9884\\u5b9a\\u53ef\\u4f7f\\u7528\\u72b6\\u6001\\u4f46\\u5c1a\\u672a\\u529e\\u7406\\u7ae3\\u5de5\\u51b3\\u7b97\\u7684\\u529e\\u516c\\u697c\"]', '5', '0', '13', '1487673848', '0', '2');
INSERT INTO `ae_check` VALUES ('11', '“固定资产清理”账户的借方登记的项目有（　）。 ', '[\"\\u8f6c\\u5165\\u6e05\\u7406\\u7684\\u56fa\\u5b9a\\u8d44\\u4ea7\\u8d26\\u9762\\u4ef7\\u503c\",\"\\u56fa\\u5b9a\\u8d44\\u4ea7\\u5904\\u7f6e\\u65f6\\u7684\\u53d8\\u4ef7\\u6536\\u5165\",\"\\u7ed3\\u8f6c\\u7684\\u6e05\\u7406\\u51c0\\u6536\\u76ca\",\"\\u7ed3\\u8f6c\\u7684\\u6e05\\u7406\\u51c0\\u635f\\u5931\"]', '2', '[\"\\u8f6c\\u5165\\u6e05\\u7406\\u7684\\u56fa\\u5b9a\\u8d44\\u4ea7\\u8d26\\u9762\\u4ef7\\u503c\",\"\\u7ed3\\u8f6c\\u7684\\u6e05\\u7406\\u51c0\\u6536\\u76ca\"]', '5', '0', '13', '1487673848', '0', '2');
INSERT INTO `ae_check` VALUES ('12', '下列项目中，应计入企业存货成本的有（　）。 ', '[\"\\u8fdb\\u53e3\\u539f\\u6750\\u6599\\u652f\\u4ed8\\u7684\\u5173\\u7a0e\",\"\\u81ea\\u7136\\u707e\\u5bb3\\u9020\\u6210\\u7684\\u539f\\u6750\\u6599\\u51c0\\u635f\\u76ca\",\"\\u539f\\u6750\\u6599\\u5165\\u5e93\\u524d\\u7684\\u6311\\u9009\\u6574\\u7406\\u8d39\\u7528\",\"\\u539f\\u6750\\u6599\\u5165\\u5e93\\u540e\\u7684\\u4fdd\\u7ba1\\u8d39\\u7528\"]', '2', '[\"\\u81ea\\u7136\\u707e\\u5bb3\\u9020\\u6210\\u7684\\u539f\\u6750\\u6599\\u51c0\\u635f\\u76ca\",\"\\u539f\\u6750\\u6599\\u5165\\u5e93\\u524d\\u7684\\u6311\\u9009\\u6574\\u7406\\u8d39\\u7528\"]', '5', '0', '13', '1487673848', '0', '2');
INSERT INTO `ae_check` VALUES ('13', '成本法下处置长期股权投资，可能涉及的会计科目有（　）。 ', '[\"\\u957f\\u671f\\u80a1\\u6743\\u6295\\u8d44\\u51cf\\u503c\\u51c6\\u5907\",\"\\u8d44\\u672c\\u516c\\u79ef\",\"\\u6295\\u8d44\\u6536\\u76ca\",\"\\u5e94\\u6536\\u80a1\\u5229\"]', '2', '[\"\\u957f\\u671f\\u80a1\\u6743\\u6295\\u8d44\\u51cf\\u503c\\u51c6\\u5907\",\"\\u6295\\u8d44\\u6536\\u76ca\",\"\\u5e94\\u6536\\u80a1\\u5229\"]', '5', '0', '13', '1487673848', '0', '2');
INSERT INTO `ae_check` VALUES ('14', '下列长期股权投资中，应该采用权益法核算的有（　）。 ', '[\"\\u4f01\\u4e1a\\u80fd\\u591f\\u5bf9\\u88ab\\u6295\\u8d44\\u5355\\u4f4d\\u5b9e\\u65bd\\u63a7\\u5236\\u7684\\u957f\\u671f\\u80a1\\u6743\\u6295\\u8d44\",\"\\u4f01\\u4e1a\\u5bf9\\u88ab\\u6295\\u8d44\\u5355\\u4f4d\\u5177\\u6709\\u5171\\u540c\\u63a7\\u5236\\u7684\\u957f\\u671f\\u80a1\\u6743\\u6295\\u8d44\",\"\\u4f01\\u4e1a\\u5bf9\\u8054\\u8425\\u4f01\\u4e1a\\u7684\\u957f\\u671f\\u80a1\\u6743\\u6295\\u8d44\",\"\\u4f01\\u4e1a\\u5bf9\\u88ab\\u6295\\u8d44\\u5355\\u4f4d\\u5177\\u6709\\u91cd\\u5927\\u5f71\\u54cd\\u7684\\u957f\\u671f\\u80a1\\u6743\\u6295\\u8d44\"]', '2', '[\"\\u4f01\\u4e1a\\u5bf9\\u88ab\\u6295\\u8d44\\u5355\\u4f4d\\u5177\\u6709\\u5171\\u540c\\u63a7\\u5236\\u7684\\u957f\\u671f\\u80a1\\u6743\\u6295\\u8d44\",\"\\u4f01\\u4e1a\\u5bf9\\u8054\\u8425\\u4f01\\u4e1a\\u7684\\u957f\\u671f\\u80a1\\u6743\\u6295\\u8d44\",\"\\u4f01\\u4e1a\\u5bf9\\u88ab\\u6295\\u8d44\\u5355\\u4f4d\\u5177\\u6709\\u91cd\\u5927\\u5f71\\u54cd\\u7684\\u957f\\u671f\\u80a1\\u6743\\u6295\\u8d44\"]', '5', '0', '13', '1487673848', '0', '2');
INSERT INTO `ae_check` VALUES ('15', '2014年4月1日，丙公司对其以经营租赁方式新租入的办公楼进行装修，发生以下有关支出：领用生产用材料50万元，购进该批原材料时支付的增值税进项税额为8.5万元；辅助生产车间为该装修工程提供的劳务支出为18万元；有关人员工资等职工薪酬为43.5 万元。2014年11月30日，该办公楼装修完工，达到预定可使用状态并交付使用，并按租赁期10年开始进行摊销。假定不考虑其他因素，下列关于丙公司会计处理正确的表述有（　　）。 ', '[\"\\u88c5\\u4fee\\u5b8c\\u5de5\\u65f6\\u8ba1\\u5165\\u957f\\u671f\\u5f85\\u644a\\u8d39\\u7528\\u7684\\u91d1\\u989d\\u4e3a120\\u4e07\\u5143\",\"\\u88c5\\u4fee\\u5b8c\\u5de5\\u65f6\\u8ba1\\u5165\\u957f\\u671f\\u5f85\\u644a\\u8d39\\u7528\\u7684\\u91d1\\u989d\\u4e3a111.5\\u4e07\\u5143\",\"2014\\u5e74\\u644a\\u9500\\u989d\\u4e3a1\\u4e07\\u5143\",\"2014\\u5e74\\u6298\\u65e7\\u989d\\u4e3a0.93\\u4e07\\u5143\"]', '2', '[\"\\u88c5\\u4fee\\u5b8c\\u5de5\\u65f6\\u8ba1\\u5165\\u957f\\u671f\\u5f85\\u644a\\u8d39\\u7528\\u7684\\u91d1\\u989d\\u4e3a120\\u4e07\\u5143\",\"2014\\u5e74\\u644a\\u9500\\u989d\\u4e3a1\\u4e07\\u5143\"]', '5', '0', '13', '1487673848', '0', '2');
INSERT INTO `ae_check` VALUES ('16', '下列各项支出应计入无形资产成本的有（　）。 ', '[\"\\u8d2d\\u5165\\u4e13\\u5229\\u6743\\u53d1\\u751f\\u7684\\u652f\\u51fa\",\"\\u8d2d\\u5165\\u5546\\u6807\\u6743\\u53d1\\u751f\\u7684\\u652f\\u51fa\",\"\\u53d6\\u5f97\\u571f\\u5730\\u4f7f\\u7528\\u6743\\u53d1\\u751f\\u7684\\u652f\\u51fa\",\"\\u7814\\u53d1\\u65b0\\u6280\\u672f\\u5728\\u7814\\u7a76\\u9636\\u6bb5\\u53d1\\u751f\\u7684\\u652f\\u51fa\"]', '2', '[\"\\u8d2d\\u5165\\u4e13\\u5229\\u6743\\u53d1\\u751f\\u7684\\u652f\\u51fa\",\"\\u8d2d\\u5165\\u5546\\u6807\\u6743\\u53d1\\u751f\\u7684\\u652f\\u51fa\",\"\\u53d6\\u5f97\\u571f\\u5730\\u4f7f\\u7528\\u6743\\u53d1\\u751f\\u7684\\u652f\\u51fa\"]', '5', '0', '13', '1487673848', '0', '2');
INSERT INTO `ae_check` VALUES ('17', '下列关于投资性房地产处置的会计处理中，表述正确的有（　）。 ', '[\"\\u5904\\u7f6e\\u91c7\\u7528\\u6210\\u672c\\u6a21\\u5f0f\\u8ba1\\u91cf\\u7684\\u6295\\u8d44\\u6027\\u623f\\u5730\\u4ea7\\u65f6\\uff0c\\u5e94\\u5c06\\u5176\\u8d26\\u9762\\u4ef7\\u503c\\u8f6c\\u5165\\u5176\\u4ed6\\u4e1a\\u52a1\\u6210\\u672c\",\"\\u4f01\\u4e1a\\u5904\\u7f6e\\u6295\\u8d44\\u6027\\u623f\\u5730\\u4ea7\\u65f6\\uff0c\\u5e94\\u5f53\\u5c06\\u53d6\\u5f97\\u7684\\u4ef7\\u6b3e\\u8ba1\\u5165\\u5176\\u4ed6\\u4e1a\\u52a1\\u6536\\u5165\",\"\\u4f01\\u4e1a\\u5904\\u7f6e\\u91c7\\u7528\\u516c\\u5141\\u4ef7\\u503c\\u6a21\\u5f0f\\u8ba1\\u91cf\\u7684\\u6295\\u8d44\\u6027\\u623f\\u5730\\u4ea7\\u65f6\\uff0c\\u539f\\u8f6c\\u6362\\u65e5\\u8ba1\\u5165\\u5176\\u4ed6\\u7efc\\u5408\\u6536\\u76ca\\u7684\\u91d1\\u989d\\uff0c\\u5e94\\u8f6c\\u5165\\u6295\\u8d44\\u6536\\u76ca\",\"\\u4f01\\u4e1a\\u5904\\u7f6e\\u91c7\\u7528\\u516c\\u5141\\u4ef7\\u503c\\u6a21\\u5f0f\\u8ba1\\u91cf\\u7684\\u6295\\u8d44\\u6027\\u623f\\u5730\\u4ea7\\u65f6\\uff0c\\u5e94\\u5f53\\u5c06\\u7d2f\\u8ba1\\u516c\\u5141\\u4ef7\\u503c\\u53d8\\u52a8\\u8f6c\\u5165\\u5176\\u4ed6\\u4e1a\\u52a1\\u6210\\u672c\"]', '2', '[\"\\u5904\\u7f6e\\u91c7\\u7528\\u6210\\u672c\\u6a21\\u5f0f\\u8ba1\\u91cf\\u7684\\u6295\\u8d44\\u6027\\u623f\\u5730\\u4ea7\\u65f6\\uff0c\\u5e94\\u5c06\\u5176\\u8d26\\u9762\\u4ef7\\u503c\\u8f6c\\u5165\\u5176\\u4ed6\\u4e1a\\u52a1\\u6210\\u672c\",\"\\u4f01\\u4e1a\\u5904\\u7f6e\\u6295\\u8d44\\u6027\\u623f\\u5730\\u4ea7\\u65f6\\uff0c\\u5e94\\u5f53\\u5c06\\u53d6\\u5f97\\u7684\\u4ef7\\u6b3e\\u8ba1\\u5165\\u5176\\u4ed6\\u4e1a\\u52a1\\u6536\\u5165\",\"\\u4f01\\u4e1a\\u5904\\u7f6e\\u91c7\\u7528\\u516c\\u5141\\u4ef7\\u503c\\u6a21\\u5f0f\\u8ba1\\u91cf\\u7684\\u6295\\u8d44\\u6027\\u623f\\u5730', '5', '0', '13', '1487673848', '0', '2');
INSERT INTO `ae_check` VALUES ('18', '下列应收、暂付款项中，通过“其他应收款”科目核算有（　）。 ', '[\"\\u5e94\\u6536\\u4fdd\\u9669\\u516c\\u53f8\\u7684\\u8d54\\u6b3e\",\"\\u6536\\u53d6\\u7684\\u51fa\\u501f\\u5305\\u88c5\\u7269\\u62bc\\u91d1\",\"\\u5e94\\u5411\\u804c\\u5de5\\u6536\\u53d6\\u7684\\u5404\\u79cd\\u57ab\\u4ed8\\u6b3e\\u9879\",\"\\u5e94\\u5411\\u8d2d\\u8d27\\u65b9\\u6536\\u53d6\\u7684\\u4ee3\\u57ab\\u8fd0\\u6742\\u8d39\"]', '2', '[\"\\u5e94\\u6536\\u4fdd\\u9669\\u516c\\u53f8\\u7684\\u8d54\\u6b3e\",\"\\u5e94\\u5411\\u804c\\u5de5\\u6536\\u53d6\\u7684\\u5404\\u79cd\\u57ab\\u4ed8\\u6b3e\\u9879\"]', '5', '0', '13', '1487673848', '0', '2');
INSERT INTO `ae_check` VALUES ('19', '下列各项中，会引起企业期末存货账面价值变动的有（　）。 ', '[\"\\u5df2\\u53d1\\u51fa\\u5546\\u54c1\\u4f46\\u5c1a\\u672a\\u786e\\u8ba4\\u9500\\u552e\\u6536\\u5165\",\"\\u59d4\\u6258\\u5916\\u5355\\u4f4d\\u52a0\\u5de5\\u53d1\\u51fa\\u7684\\u6750\\u6599\",\"\\u53d1\\u751f\\u7684\\u5b58\\u8d27\\u76d8\\u4e8f\",\"\\u51b2\\u56de\\u591a\\u8ba1\\u63d0\\u7684\\u5b58\\u8d27\\u8dcc\\u4ef7\\u51c6\\u5907\"]', '2', '[\"\\u53d1\\u751f\\u7684\\u5b58\\u8d27\\u76d8\\u4e8f\",\"\\u51b2\\u56de\\u591a\\u8ba1\\u63d0\\u7684\\u5b58\\u8d27\\u8dcc\\u4ef7\\u51c6\\u5907\"]', '5', '0', '13', '1487673848', '0', '2');
INSERT INTO `ae_check` VALUES ('20', '下列有关可供出售金融资产会计处理的表述中，正确的有（　）。 ', '[\"\\u53ef\\u4f9b\\u51fa\\u552e\\u91d1\\u878d\\u8d44\\u4ea7\\u53d1\\u751f\\u7684\\u51cf\\u503c\\u635f\\u5931\\u5e94\\u8ba1\\u5165\\u6240\\u6709\\u8005\\u6743\\u76ca\",\"\\u53ef\\u4f9b\\u51fa\\u552e\\u91d1\\u878d\\u8d44\\u4ea7\\u5904\\u7f6e\\u7684\\u51c0\\u6536\\u76ca\\u5e94\\u8ba1\\u5165\\u6295\\u8d44\\u6536\\u76ca\",\"\\u53ef\\u4f9b\\u51fa\\u552e\\u91d1\\u878d\\u8d44\\u4ea7\\u6301\\u6709\\u671f\\u95f4\\u53d6\\u5f97\\u7684\\u73b0\\u91d1\\u80a1\\u5229\\u5e94\\u51b2\\u51cf\\u8d44\\u4ea7\\u6210\\u672c\",\"\\u53d6\\u5f97\\u53ef\\u4f9b\\u51fa\\u552e\\u91d1\\u878d\\u8d44\\u4ea7\\u53d1\\u751f\\u7684\\u4ea4\\u6613\\u8d39\\u7528\\u5e94\\u8ba1\\u5165\\u521d\\u59cb\\u786e\\u8ba4\\u91d1\\u989d\"]', '2', '[\"\\u53ef\\u4f9b\\u51fa\\u552e\\u91d1\\u878d\\u8d44\\u4ea7\\u5904\\u7f6e\\u7684\\u51c0\\u6536\\u76ca\\u5e94\\u8ba1\\u5165\\u6295\\u8d44\\u6536\\u76ca\",\"\\u53d6\\u5f97\\u53ef\\u4f9b\\u51fa\\u552e\\u91d1\\u878d\\u8d44\\u4ea7\\u53d1\\u751f\\u7684\\u4ea4\\u6613\\u8d39\\u7528\\u5e94\\u8ba1\\u5165\\u521d\\u59cb\\u786e\\u8ba4\\u91d1\\u989d\"]', '5', '0', '13', '1487673848', '0', '2');
INSERT INTO `ae_check` VALUES ('21', '下列各项中，会影响企业管理费用的有（　）。 ', '[\"\\u4f01\\u4e1a\\u76d8\\u70b9\\u73b0\\u91d1\\uff0c\\u53d1\\u751f\\u7684\\u73b0\\u91d1\\u76d8\\u4e8f\\u51c0\\u635f\\u5931\",\"\\u5b58\\u8d27\\u76d8\\u70b9\\uff0c\\u53d1\\u73b0\\u5b58\\u8d27\\u76d8\\u4e8f\\u51c0\\u635f\\u5931\\uff0c\\u7531\\u7ba1\\u7406\\u4e0d\\u5584\\u9020\\u6210\\u7684\",\"\\u56fa\\u5b9a\\u8d44\\u4ea7\\u76d8\\u70b9\\uff0c\\u53d1\\u73b0\\u56fa\\u5b9a\\u8d44\\u4ea7\\u76d8\\u4e8f\\uff0c\\u76d8\\u4e8f\\u7684\\u51c0\\u635f\\u5931\",\"\\u73b0\\u91d1\\u76d8\\u70b9\\uff0c\\u53d1\\u73b0\\u7684\\u65e0\\u6cd5\\u67e5\\u660e\\u539f\\u56e0\\u7684\\u73b0\\u91d1\\u76d8\\u76c8\"]', '2', '[\"\\u4f01\\u4e1a\\u76d8\\u70b9\\u73b0\\u91d1\\uff0c\\u53d1\\u751f\\u7684\\u73b0\\u91d1\\u76d8\\u4e8f\\u51c0\\u635f\\u5931\",\"\\u5b58\\u8d27\\u76d8\\u70b9\\uff0c\\u53d1\\u73b0\\u5b58\\u8d27\\u76d8\\u4e8f\\u51c0\\u635f\\u5931\\uff0c\\u7531\\u7ba1\\u7406\\u4e0d\\u5584\\u9020\\u6210\\u7684\"]', '5', '0', '13', '1487673848', '0', '2');
INSERT INTO `ae_check` VALUES ('22', '下列各项中，关于企业资产减值的表述正确的有（　）。 ', '[\"\\u5e94\\u6536\\u6b3e\\u9879\\u671f\\u672b\\u8ba1\\u4ef7\\u5e94\\u6309\\u7167\\u8d26\\u9762\\u4ef7\\u503c\\u4e0e\\u5176\\u672a\\u6765\\u73b0\\u91d1\\u6d41\\u91cf\\u7684\\u73b0\\u503c\\u5b70\\u4f4e\\u8ba1\\u91cf\",\"\\u5b58\\u8d27\\u671f\\u672b\\u8ba1\\u4ef7\\u5e94\\u6309\\u7167\\u6210\\u672c\\u4e0e\\u53ef\\u6536\\u56de\\u91d1\\u989d\\u5b70\\u4f4e\\u8ba1\\u91cf\",\"\\u56fa\\u5b9a\\u8d44\\u4ea7\\u671f\\u672b\\u8ba1\\u4ef7\\u5e94\\u6309\\u7167\\u8d26\\u9762\\u4ef7\\u503c\\u4e0e\\u53ef\\u6536\\u56de\\u91d1\\u989d\\u5b70\\u4f4e\\u8ba1\\u91cf\",\"\\u957f\\u671f\\u80a1\\u6743\\u6295\\u8d44\\u51cf\\u503c\\u635f\\u5931\\u4e00\\u7ecf\\u786e\\u8ba4\\uff0c\\u4ee5\\u540e\\u4f1a\\u8ba1\\u671f\\u95f4\\u4e0d\\u5f97\\u8f6c\\u56de\"]', '2', '[\"\\u5e94\\u6536\\u6b3e\\u9879\\u671f\\u672b\\u8ba1\\u4ef7\\u5e94\\u6309\\u7167\\u8d26\\u9762\\u4ef7\\u503c\\u4e0e\\u5176\\u672a\\u6765\\u73b0\\u91d1\\u6d41\\u91cf\\u7684\\u73b0\\u503c\\u5b70\\u4f4e\\u8ba1\\u91cf\",\"\\u56fa\\u5b9a\\u8d44\\u4ea7\\u671f\\u672b\\u8ba1\\u4ef7\\u5e94\\u6309\\u7167\\u8d26\\u9762\\u4ef7\\u503c\\u4e0e\\u53ef\\u6536\\u56de\\u91d1\\u989d\\u5b70\\u4f4e\\u8ba1\\u91cf\",\"\\u957f\\u671f\\u80a1\\u6743\\u6295\\u8d44\\u51cf\\u503c\\u635f\\u5931\\u4e00\\u7ecf\\u786e\\u8ba4\\uff0c\\u4ee5\\u540e\\u4f1a\\u8ba1\\u671f\\u95f4\\u4e0d\\u5f97\\u8f6c\\u56de\"]', '5', '0', '13', '1487673848', '0', '2');
INSERT INTO `ae_check` VALUES ('23', '开出现金支票从银行提取现金2000元备用;', '[\"\\u501f\\uff1a\\u73b0\\u91d12000(@)\\u8d37\\uff1a\\u94f6\\u884c\\u5b58\\u6b3e2000(@)\\u501f\\uff1a\\u73b0\\u91d13000\",\"\\u501f\\uff1a\\u73b0\\u91d12000(@)\\u8d37\\uff1a\\u94f6\\u884c\\u5b58\\u6b3e2000(@)\\u501f\\uff1a\\u73b0\\u91d12000\",\"\\u501f\\uff1a\\u73b0\\u91d15000(@)\\u8d37\\uff1a\\u94f6\\u884c\\u5b58\\u6b3e6000(@)\\u501f\\uff1a\\u73b0\\u91d12000\",\"\\u501f\\uff1a\\u73b0\\u91d12000(@)\\u8d37\\uff1a\\u94f6\\u884c\\u5b58\\u6b3e8000(@)\\u501f\\uff1a\\u73b0\\u91d12000\"]', '1', '[\"\\u501f\\uff1a\\u73b0\\u91d12000(@)\\u8d37\\uff1a\\u94f6\\u884c\\u5b58\\u6b3e2000(@)\\u501f\\uff1a\\u73b0\\u91d12000\",\"\\u501f\\uff1a\\u73b0\\u91d15000(@)\\u8d37\\uff1a\\u94f6\\u884c\\u5b58\\u6b3e6000(@)\\u501f\\uff1a\\u73b0\\u91d12000\"]', '2', '0', '1', '1488958989', '1', '1');
INSERT INTO `ae_check` VALUES ('24', '开出现金支票从银行提取现金2000元备用;', '[\"\\u501f\\uff1a\\u73b0\\u91d12000(@)\\u8d37\\uff1a\\u94f6\\u884c\\u5b58\\u6b3e2000(@)\\u501f\\uff1a\\u73b0\\u91d13000\",\"\\u501f\\uff1a\\u73b0\\u91d12000(@)\\u8d37\\uff1a\\u94f6\\u884c\\u5b58\\u6b3e2000(@)\\u501f\\uff1a\\u73b0\\u91d12000\",\"\\u501f\\uff1a\\u73b0\\u91d15000(@)\\u8d37\\uff1a\\u94f6\\u884c\\u5b58\\u6b3e6000(@)\\u501f\\uff1a\\u73b0\\u91d12000\",\"\\u501f\\uff1a\\u73b0\\u91d12000(@)\\u8d37\\uff1a\\u94f6\\u884c\\u5b58\\u6b3e2000(@)\\u501f\\uff1a\\u73b0\\u91d12000\"]', '1', '[\"\\u501f\\uff1a\\u73b0\\u91d12000(@)\\u8d37\\uff1a\\u94f6\\u884c\\u5b58\\u6b3e2000(@)\\u501f\\uff1a\\u73b0\\u91d12000\",\"\\u501f\\uff1a\\u73b0\\u91d12000(@)\\u8d37\\uff1a\\u94f6\\u884c\\u5b58\\u6b3e2000(@)\\u501f\\uff1a\\u73b0\\u91d12000\"]', '1', '0', '1', '1488970364', '1', '1');
INSERT INTO `ae_check` VALUES ('25', 'A企业与B企业签订购销合同销售一批产品，B企业预付货款120 000元，一个月后，A企业将产品发往B企业，开出的增值税专用发票上注明价款200 000元，增值税34 000元，该批货物成本144 000元。当日B企业以银行存款支付剩余货款。根据资料下列说法不正确的有（　）。', '[\"\\u6536\\u5230B\\u4f01\\u4e1a\\u9884\\u4ed8\\u8d27\\u6b3e\\u65f6\\u5e94\\u786e\\u8ba4\\u4e3a\\u9884\\u6536\\u8d26\\u6b3e\",\"A\\u4f01\\u4e1a\\u5e94\\u5728\\u53d1\\u51fa\\u5546\\u54c1\\u65f6\\u786e\\u8ba4\\u6536\\u5165200000\\u5143\",\"\\u6536\\u5230B\\u4f01\\u4e1a\\u9884\\u4ed8\\u8d27\\u6b3e\\u65f6\\u5e94\\u786e\\u8ba4\\u6536\\u5165120000\\u5143\",\"A\\u4f01\\u4e1a\\u5728\\u53d1\\u51fa\\u5546\\u54c1\\u65f6\\u786e\\u8ba4\\u6536\\u51658000\\u5143\"]', '2', '[\"\\u6536\\u5230B\\u4f01\\u4e1a\\u9884\\u4ed8\\u8d27\\u6b3e\\u65f6\\u5e94\\u786e\\u8ba4\\u6536\\u5165120000\\u5143\",\"A\\u4f01\\u4e1a\\u5728\\u53d1\\u51fa\\u5546\\u54c1\\u65f6\\u786e\\u8ba4\\u6536\\u51658000\\u5143\"]', '5', '0', '14', '1489833614', '0', '2');
INSERT INTO `ae_check` VALUES ('26', '下列各项中，应该通过“应交税费”科目核算的有（　）。', '[\"\\u4f01\\u4e1a\\u4ee3\\u6263\\u4ee3\\u4ea4\\u7684\\u4e2a\\u4eba\\u6240\\u5f97\\u7a0e\",\"\\u4f01\\u4e1a\\u4ea4\\u7eb3\\u7684\\u5370\\u82b1\\u7a0e\",\"\\u4f01\\u4e1a\\u7f34\\u7eb3\\u7684\\u8015\\u5730\\u5360\\u7528\\u7a0e\",\"\\u4f01\\u4e1a\\u7f34\\u7eb3\\u7684\\u589e\\u503c\\u7a0e\"]', '2', '[\"\\u4f01\\u4e1a\\u4ee3\\u6263\\u4ee3\\u4ea4\\u7684\\u4e2a\\u4eba\\u6240\\u5f97\\u7a0e\",\"\\u4f01\\u4e1a\\u7f34\\u7eb3\\u7684\\u589e\\u503c\\u7a0e\"]', '5', '0', '14', '1489833614', '0', '2');
INSERT INTO `ae_check` VALUES ('27', '下列关于应付账款说法正确的有（　）。', '[\"\\u4f01\\u4e1a\\u9884\\u4ed8\\u8d26\\u6b3e\\u4e1a\\u52a1\\u4e0d\\u591a\\u65f6\\uff0c\\u53ef\\u4ee5\\u4e0d\\u8bbe\\u7f6e\\u201c\\u9884\\u4ed8\\u8d26\\u6b3e\\u201d\\u79d1\\u76ee\\uff0c\\u76f4\\u63a5\\u901a\\u8fc7\\u201c\\u5e94\\u4ed8\\u8d26\\u6b3e\\u201d\\u79d1\\u76ee\\u6838\\u7b97\\u4f01\\u4e1a\\u7684\\u9884\\u4ed8\\u8d26\\u6b3e\",\"\\u5728\\u6240\\u8d2d\\u8d27\\u7269\\u5df2\\u7ecf\\u9a8c\\u6536\\u5165\\u5e93\\uff0c\\u4f46\\u53d1\\u7968\\u8d26\\u5355\\u5c1a\\u672a\\u5230\\u8fbe\\uff0c\\u5f85\\u6708\\u672b\\u6682\\u4f30\\u5165\\u8d26\\u65f6\\u5e94\\u8be5\\u8d37\\u8bb0\\u201c\\u5e94\\u4ed8\\u8d26\\u6b3e\\u201d\\u79d1\\u76ee\",\"\\u4f01\\u4e1a\\u5728\\u8d2d\\u5165\\u8d44\\u4ea7\\u65f6\\u5f62\\u6210\\u7684\\u5e94\\u4ed8\\u8d26\\u6b3e\\u8d26\\u9762\\u4ef7\\u503c\\u662f\\u5df2\\u7ecf\\u6263\\u9664\\u4e86\\u5546\\u4e1a\\u6298\\u6263\\u548c\\u73b0\\u91d1\\u6298\\u6263\\u540e\\u7684\\u91d1\\u989d\",\"\\u786e\\u5b9e\\u65e0\\u6cd5\\u652f\\u4ed8\\u7684\\u5e94\\u4ed8\\u8d26\\u6b3e\\uff0c\\u76f4\\u63a5\\u8f6c\\u5165\\u201c\\u8425\\u4e1a\\u5916\\u6536\\u5165\\u201d\\u79d1\\u76ee\"]', '2', '[\"\\u4f01\\u4e1a\\u9884\\u4ed8\\u8d26\\u6b3e\\u4e1a\\u52a1\\u4e0d\\u591a\\u65f6\\uff0c\\u53ef\\u4ee5\\u4e0d\\u8bbe\\u7f6e\\u201c\\u9884\\u4ed8\\u8d26\\u6b3e\\u201d\\u79d1\\u76ee\\uff0c\\u76f4\\u63a5\\u901a\\u8fc7\\u201c\\u5e94\\u4ed8\\u8d26\\u6b3e\\u201d\\u79d1\\u76ee\\u6838\\u7b97\\u4f01\\u4e1a\\u7684\\u9884\\u4ed8\\u8d26\\u6b3e\",\"\\u5728\\u6240\\u8d2d\\u8d27\\u7269\\u5df2\\u7ecf\\u9a8c\\u6536\\u5165\\u5e93\\uff0c\\u4f46\\u53d1\\u7968\\u8d26\\u5355\\u5c1a\\u672a\\u5230\\u8fbe\\uff0c\\u5f85\\u6708\\u672b\\u6682\\u4f30\\u5165\\u8d26\\u65f6\\u5e94\\u8be5\\u8d37\\u8bb0\\u201c\\u5', '5', '0', '14', '1489833614', '0', '2');
INSERT INTO `ae_check` VALUES ('28', '关于应付股利，下列说法正确的有（　）。', '[\"\\u662f\\u6307\\u4f01\\u4e1a\\u6839\\u636e\\u80a1\\u4e1c\\u5927\\u4f1a\\u6216\\u7c7b\\u4f3c\\u673a\\u6784\\u5ba1\\u8bae\\u6279\\u51c6\\u7684\\u5229\\u6da6\\u5206\\u914d\\u65b9\\u6848\\u786e\\u5b9a\\u5206\\u914d\\u7ed9\\u6295\\u8d44\\u8005\\u7684\\u73b0\\u91d1\\u80a1\\u5229\\u6216\\u5229\\u6da6\",\"\\u662f\\u6307\\u4f01\\u4e1a\\u8463\\u4e8b\\u4f1a\\u6216\\u7c7b\\u4f3c\\u673a\\u6784\\u901a\\u8fc7\\u7684\\u5229\\u6da6\\u5206\\u914d\\u65b9\\u6848\\u4e2d\\u62df\\u5206\\u914d\\u7684\\u73b0\\u91d1\\u80a1\\u5229\\u6216\\u5229\\u6da6\",\"\\u4f01\\u4e1a\\u8463\\u4e8b\\u4f1a\\u6216\\u7c7b\\u4f3c\\u673a\\u6784\\u901a\\u8fc7\\u7684\\u5229\\u6da6\\u5206\\u914d\\u65b9\\u6848\\u4e2d\\u62df\\u5206\\u914d\\u7684\\u73b0\\u91d1\\u80a1\\u5229\\u6216\\u5229\\u6da6\\uff0c\\u9700\\u8981\\u8fdb\\u884c\\u8d26\\u52a1\\u5904\\u7406\",\"\\u4f01\\u4e1a\\u8463\\u4e8b\\u4f1a\\u6216\\u7c7b\\u4f3c\\u673a\\u6784\\u901a\\u8fc7\\u7684\\u5229\\u6da6\\u5206\\u914d\\u65b9\\u6848\\u4e2d\\u62df\\u5206\\u914d\\u7684\\u73b0\\u91d1\\u80a1\\u5229\\u6216\\u5229\\u6da6\\uff0c\\u9700\\u8981\\u5728\\u9644\\u6ce8\\u4e2d\\u8fdb\\u884c\\u62ab\\u9732\"]', '2', '[\"\\u662f\\u6307\\u4f01\\u4e1a\\u6839\\u636e\\u80a1\\u4e1c\\u5927\\u4f1a\\u6216\\u7c7b\\u4f3c\\u673a\\u6784\\u5ba1\\u8bae\\u6279\\u51c6\\u7684\\u5229\\u6da6\\u5206\\u914d\\u65b9\\u6848\\u786e\\u5b9a\\u5206\\u914d\\u7ed9\\u6295\\u8d44\\u8005\\u7684\\u73b0\\u91d1\\u80a1\\u5229\\u6216\\u5229\\u6da6\",\"\\u4f01\\u4e1a\\u8463\\u4e8b\\u4f1a\\u6216\\u7c7b\\u4f3c\\u673a\\u6784\\u901a\\u8fc7\\u7684\\u5229\\u6da6\\u5206\\u914d\\u65b9\\u6848\\u4e2d\\u62df\\u5206\\u914d\\u7684\\u73b0\\u91d1\\u80a1\\u5229\\u6216\\u5229\\u6da6\\uff0c\\u9700\\u8981\\u5728\\u9644\\u6ce8\\u4e2d\\u8fdb\\u884c\\u6', '5', '0', '14', '1489833614', '0', '2');
INSERT INTO `ae_check` VALUES ('29', '下列各项中，应计入其他应付款的有（　）。', '[\"\\u5b58\\u5165\\u4fdd\\u8bc1\\u91d1\",\"\\u5e94\\u4ed8\\u9500\\u8d27\\u65b9\\u4ee3\\u57ab\\u7684\\u8fd0\\u6742\\u8d39\",\"\\u5e94\\u4ed8\\u79df\\u5165\\u5305\\u88c5\\u7269\\u79df\\u91d1\",\"\\u5230\\u671f\\u65e0\\u529b\\u652f\\u4ed8\\u7684\\u5546\\u4e1a\\u627f\\u5151\\u6c47\\u7968\"]', '2', '[\"\\u5b58\\u5165\\u4fdd\\u8bc1\\u91d1\",\"\\u5e94\\u4ed8\\u79df\\u5165\\u5305\\u88c5\\u7269\\u79df\\u91d1\"]', '5', '0', '14', '1489833614', '0', '2');
INSERT INTO `ae_check` VALUES ('30', '下列对长期借款利息费用的会计处理，正确的有（　）。', '[\"\\u751f\\u4ea7\\u7ecf\\u8425\\u671f\\u95f4\\u53d1\\u751f\\u7684\\u501f\\u6b3e\\u8d39\\u7528\\u53ef\\u80fd\\u8ba1\\u5165\\u5236\\u9020\\u8d39\\u7528\",\"\\u7b79\\u5efa\\u671f\\u95f4\\u7684\\u501f\\u6b3e\\u5229\\u606f\\u8ba1\\u5165\\u957f\\u671f\\u5f85\\u644a\\u8d39\\u7528\",\"\\u65e5\\u5e38\\u751f\\u4ea7\\u7ecf\\u8425\\u6d3b\\u52a8\\u7684\\u501f\\u6b3e\\u5229\\u606f\\u8ba1\\u5165\\u8d22\\u52a1\\u8d39\\u7528\",\"\\u7b26\\u5408\\u8d44\\u672c\\u5316\\u6761\\u4ef6\\u7684\\u501f\\u6b3e\\u5229\\u606f\\u8ba1\\u5165\\u76f8\\u5173\\u8d44\\u4ea7\\u6210\\u672c\"]', '2', '[\"\\u751f\\u4ea7\\u7ecf\\u8425\\u671f\\u95f4\\u53d1\\u751f\\u7684\\u501f\\u6b3e\\u8d39\\u7528\\u53ef\\u80fd\\u8ba1\\u5165\\u5236\\u9020\\u8d39\\u7528\",\"\\u65e5\\u5e38\\u751f\\u4ea7\\u7ecf\\u8425\\u6d3b\\u52a8\\u7684\\u501f\\u6b3e\\u5229\\u606f\\u8ba1\\u5165\\u8d22\\u52a1\\u8d39\\u7528\",\"\\u7b26\\u5408\\u8d44\\u672c\\u5316\\u6761\\u4ef6\\u7684\\u501f\\u6b3e\\u5229\\u606f\\u8ba1\\u5165\\u76f8\\u5173\\u8d44\\u4ea7\\u6210\\u672c\"]', '5', '0', '14', '1489833614', '0', '2');
INSERT INTO `ae_check` VALUES ('31', '下列各项中，关于消费税的会计处理表述正确的有（　）。', '0', '2', '0', '5', '0', '14', '1489833614', '0', '2');
INSERT INTO `ae_check` VALUES ('32', '企业发生的下列各项利息支出，可以记入“财务费用”的有（　）。', '[\"\\u7b79\\u5efa\\u671f\\u95f4\\u7684\\u957f\\u671f\\u501f\\u6b3e\\u5229\\u606f\",\"\\u77ed\\u671f\\u501f\\u6b3e\\u7684\\u5229\\u606f\",\"\\u5e26\\u606f\\u5e94\\u4ed8\\u7968\\u636e\\u7684\\u5229\\u606f\",\"\\u5e94\\u4ed8\\u503a\\u5238\\u7684\\u5229\\u606f\"]', '2', '[\"\\u77ed\\u671f\\u501f\\u6b3e\\u7684\\u5229\\u606f\",\"\\u5e26\\u606f\\u5e94\\u4ed8\\u7968\\u636e\\u7684\\u5229\\u606f\",\"\\u5e94\\u4ed8\\u503a\\u5238\\u7684\\u5229\\u606f\"]', '5', '0', '14', '1489833614', '0', '2');
INSERT INTO `ae_check` VALUES ('33', '下列项目中，属于长期应付款核算内容的有（　）。', '[\"\\u5e94\\u4ed8\\u878d\\u8d44\\u79df\\u5165\\u56fa\\u5b9a\\u8d44\\u4ea7\\u79df\\u8d41\\u8d39\",\"\\u5e94\\u4ed8\\u7ecf\\u8425\\u79df\\u5165\\u56fa\\u5b9a\\u8d44\\u4ea7\\u79df\\u8d41\\u8d39\",\"\\u5e94\\u4ed8\\u51fa\\u79df\\u5305\\u88c5\\u7269\\u7684\\u62bc\\u91d1\",\"\\u5177\\u6709\\u878d\\u8d44\\u6027\\u8d28\\u5206\\u671f\\u4ed8\\u6b3e\\u8d2d\\u5165\\u56fa\\u5b9a\\u8d44\\u4ea7\\u7684\\u5e94\\u4ed8\\u6b3e\\u9879\"]', '2', '[\"\\u5e94\\u4ed8\\u878d\\u8d44\\u79df\\u5165\\u56fa\\u5b9a\\u8d44\\u4ea7\\u79df\\u8d41\\u8d39\",\"\\u5177\\u6709\\u878d\\u8d44\\u6027\\u8d28\\u5206\\u671f\\u4ed8\\u6b3e\\u8d2d\\u5165\\u56fa\\u5b9a\\u8d44\\u4ea7\\u7684\\u5e94\\u4ed8\\u6b3e\\u9879\"]', '5', '0', '14', '1489833614', '0', '2');
INSERT INTO `ae_check` VALUES ('34', '下列各项中，属于视同销售行为的有（　）。', '[\"\\u5c06\\u81ea\\u4ea7\\u7684\\u4ea7\\u54c1\\u7528\\u4e8e\\u5efa\\u9020\\u529e\\u516c\\u697c\",\"\\u5c06\\u81ea\\u4ea7\\u7684\\u4ea7\\u54c1\\u5206\\u914d\\u7ed9\\u80a1\\u4e1c\",\"\\u5c06\\u5916\\u8d2d\\u7684\\u6750\\u6599\\u7528\\u4e8e\\u5efa\\u9020\\u5382\\u623f\",\"\\u5c06\\u81ea\\u4ea7\\u7684\\u4ea7\\u54c1\\u7528\\u4e8e\\u96c6\\u4f53\\u798f\\u5229\"]', '2', '[\"\\u5c06\\u81ea\\u4ea7\\u7684\\u4ea7\\u54c1\\u7528\\u4e8e\\u5efa\\u9020\\u529e\\u516c\\u697c\",\"\\u5c06\\u81ea\\u4ea7\\u7684\\u4ea7\\u54c1\\u5206\\u914d\\u7ed9\\u80a1\\u4e1c\",\"\\u5c06\\u81ea\\u4ea7\\u7684\\u4ea7\\u54c1\\u7528\\u4e8e\\u96c6\\u4f53\\u798f\\u5229\"]', '5', '0', '14', '1489833614', '0', '2');
INSERT INTO `ae_check` VALUES ('35', '下列各项中，应记入“资本公积”科目贷方的有（　）。', '[\"\\u65e0\\u6cd5\\u652f\\u4ed8\\u7684\\u5e94\\u4ed8\\u8d26\\u6b3e\",\"\\u4ee5\\u8d44\\u672c\\u516c\\u79ef\\u8f6c\\u589e\\u8d44\\u672c\",\"\\u63a5\\u53d7\\u6295\\u8d44\\u8005\\u4ee5\\u73b0\\u91d1\\u6295\\u8d44200\\u4e07\\u5143\\uff0c\\u5176\\u4e2d\\u5c5e\\u4e8e\\u8d44\\u672c\\u6ea2\\u4ef7\\u7684\\u90e8\\u5206\\u662f80\\u4e07\\u5143\",\"\\u63a5\\u53d7\\u6295\\u8d44\\u8005\\u6295\\u5165\\u4e00\\u6279\\u6750\\u6599\\uff0c\\u6295\\u8d44\\u53cc\\u65b9\\u786e\\u8ba4\\u7684\\u4ef7\\u503c\\u8d85\\u8fc7\\u8be5\\u6295\\u8d44\\u8005\\u5728\\u6ce8\\u518c\\u8d44\\u672c\\u4e2d\\u6240\\u5360\\u7684\\u4efd\\u989d\"]', '2', '[\"\\u63a5\\u53d7\\u6295\\u8d44\\u8005\\u4ee5\\u73b0\\u91d1\\u6295\\u8d44200\\u4e07\\u5143\\uff0c\\u5176\\u4e2d\\u5c5e\\u4e8e\\u8d44\\u672c\\u6ea2\\u4ef7\\u7684\\u90e8\\u5206\\u662f80\\u4e07\\u5143\",\"\\u63a5\\u53d7\\u6295\\u8d44\\u8005\\u6295\\u5165\\u4e00\\u6279\\u6750\\u6599\\uff0c\\u6295\\u8d44\\u53cc\\u65b9\\u786e\\u8ba4\\u7684\\u4ef7\\u503c\\u8d85\\u8fc7\\u8be5\\u6295\\u8d44\\u8005\\u5728\\u6ce8\\u518c\\u8d44\\u672c\\u4e2d\\u6240\\u5360\\u7684\\u4efd\\u989d\"]', '5', '0', '15', '1490175907', '0', '2');
INSERT INTO `ae_check` VALUES ('36', '下列项目中，可能会引起资本公积变动的有（　）。', '[\"\\u5904\\u7f6e\\u6743\\u76ca\\u6cd5\\u6838\\u7b97\\u7684\\u957f\\u671f\\u80a1\\u6743\\u6295\\u8d44\",\"\\u8d44\\u672c\\u516c\\u79ef\\u8f6c\\u589e\\u8d44\\u672c\",\"\\u6295\\u8d44\\u8005\\u6295\\u5165\\u7684\\u8d44\\u672c\",\"\\u6ce8\\u9500\\u5e93\\u5b58\\u80a1\"]', '2', '[\"\\u5904\\u7f6e\\u6743\\u76ca\\u6cd5\\u6838\\u7b97\\u7684\\u957f\\u671f\\u80a1\\u6743\\u6295\\u8d44\",\"\\u8d44\\u672c\\u516c\\u79ef\\u8f6c\\u589e\\u8d44\\u672c\",\"\\u6295\\u8d44\\u8005\\u6295\\u5165\\u7684\\u8d44\\u672c\",\"\\u6ce8\\u9500\\u5e93\\u5b58\\u80a1\"]', '5', '0', '15', '1490175907', '0', '2');
INSERT INTO `ae_check` VALUES ('37', '下列各项，能引起负债和所有者权益项目同时发生变动的有（　）。', '[\"\\u7528\\u76c8\\u4f59\\u516c\\u79ef\\u5411\\u6295\\u8d44\\u8005\\u5206\\u914d\\u73b0\\u91d1\\u80a1\\u5229\",\"\\u8463\\u4e8b\\u4f1a\\u5ba3\\u544a\\u53d1\\u653e\\u80a1\\u7968\\u80a1\\u5229\",\"\\u7528\\u94f6\\u884c\\u5b58\\u6b3e\\u8d2d\\u4e70\\u56fa\\u5b9a\\u8d44\\u4ea7\",\"\\u7528\\u51c0\\u5229\\u6da6\\u5411\\u6295\\u8d44\\u8005\\u5206\\u914d\\u73b0\\u91d1\\u80a1\\u5229\"]', '2', '[\"\\u7528\\u76c8\\u4f59\\u516c\\u79ef\\u5411\\u6295\\u8d44\\u8005\\u5206\\u914d\\u73b0\\u91d1\\u80a1\\u5229\",\"\\u7528\\u51c0\\u5229\\u6da6\\u5411\\u6295\\u8d44\\u8005\\u5206\\u914d\\u73b0\\u91d1\\u80a1\\u5229\"]', '5', '0', '15', '1490175907', '0', '2');
INSERT INTO `ae_check` VALUES ('38', 'A公司2012年12月31日的股本为20 000万股，每股面值为1元，资本公积—股本溢价8 000万元，盈余公积3 000万元。经股东大会批准，甲公司以银行存款回购本公司股票3 000万股并注销，每股回购价为4元。下列各项中，会计处理正确的有（　）。', '[\"\\u56de\\u8d2d\\u5e93\\u5b58\\u80a1\\u65f6\\u6240\\u6709\\u8005\\u6743\\u76ca\\u51cf\\u5c1112000\\u4e07\\u5143\",\"\\u6ce8\\u9500\\u5e93\\u5b58\\u80a1\\u65f6\\u8d44\\u672c\\u516c\\u79ef\\u51cf\\u5c119000\\u4e07\\u5143\",\"\\u6ce8\\u9500\\u5e93\\u5b58\\u80a1\\u65f6\\u4e0d\\u5f71\\u54cd\\u6240\\u6709\\u8005\\u6743\\u76ca\\u603b\\u989d\",\"\\u6ce8\\u9500\\u5e93\\u5b58\\u80a1\\u65f6\\u80a1\\u672c\\u51cf\\u5c113000\\u4e07\\u5143\"]', '2', '[\"\\u56de\\u8d2d\\u5e93\\u5b58\\u80a1\\u65f6\\u6240\\u6709\\u8005\\u6743\\u76ca\\u51cf\\u5c1112000\\u4e07\\u5143\",\"\\u6ce8\\u9500\\u5e93\\u5b58\\u80a1\\u65f6\\u4e0d\\u5f71\\u54cd\\u6240\\u6709\\u8005\\u6743\\u76ca\\u603b\\u989d\",\"\\u6ce8\\u9500\\u5e93\\u5b58\\u80a1\\u65f6\\u80a1\\u672c\\u51cf\\u5c113000\\u4e07\\u5143\"]', '5', '0', '15', '1490175907', '0', '2');
INSERT INTO `ae_check` VALUES ('39', '下列对未分配利润的各项表述中，正确的有（　　）。', '[\"\\u672a\\u5206\\u914d\\u5229\\u6da6\\u662f\\u4f01\\u4e1a\\u5386\\u5e74\\u5b9e\\u73b0\\u7684\\u51c0\\u5229\\u6da6\\u7ecf\\u8fc7\\u5f25\\u8865\\u4e8f\\u635f\\u3001\\u63d0\\u53d6\\u76c8\\u4f59\\u516c\\u79ef\\u548c\\u5411\\u6295\\u8d44\\u8005\\u5206\\u914d\\u5229\\u6da6\\u540e\\u7559\\u5b58\\u5728\\u4f01\\u4e1a\\u7684\\u5229\\u6da6\",\"\\u5386\\u5e74\\u7ed3\\u5b58\\u7684\\u672a\\u5206\\u914d\\u5229\\u6da6\\u662f\\u6307\\u5b9a\\u7528\\u9014\\u7684\\u5229\\u6da6\",\"\\u201c\\u5229\\u6da6\\u5206\\u914d\\u2014\\u2014\\u672a\\u5206\\u914d\\u5229\\u6da6\\u201d\\u79d1\\u76ee\\u5982\\u4e3a\\u8d37\\u65b9\\u4f59\\u989d\\uff0c\\u8868\\u793a\\u7d2f\\u79ef\\u672a\\u5206\\u914d\\u7684\\u5229\\u6da6\\u6570\\u989d\\uff1b\\u5982\\u4e3a\\u501f\\u65b9\\u4f59\\u989d\\uff0c\\u5219\\u8868\\u793a\\u7d2f\\u79ef\\u672a\\u5f25\\u8865\\u7684\\u4e8f\\u635f\\u6570\\u989d\",\"\\u4f01\\u4e1a\\u5bf9\\u4e8e\\u672a\\u5206\\u914d\\u5229\\u6da6\\u7684\\u4f7f\\u7528\\u4e0d\\u4f1a\\u53d7\\u5230\\u5f88\\u5927\\u7684\\u9650\\u5236\"]', '2', '[\"\\u672a\\u5206\\u914d\\u5229\\u6da6\\u662f\\u4f01\\u4e1a\\u5386\\u5e74\\u5b9e\\u73b0\\u7684\\u51c0\\u5229\\u6da6\\u7ecf\\u8fc7\\u5f25\\u8865\\u4e8f\\u635f\\u3001\\u63d0\\u53d6\\u76c8\\u4f59\\u516c\\u79ef\\u548c\\u5411\\u6295\\u8d44\\u8005\\u5206\\u914d\\u5229\\u6da6\\u540e\\u7559\\u5b58\\u5728\\u4f01\\u4e1a\\u7684\\u5229\\u6da6\",\"\\u201c\\u5229\\u6da6\\u5206\\u914d\\u2014\\u2014\\u672a\\u5206\\u914d\\u5229\\u6da6\\u201d\\u79d1\\u76ee\\u5982\\u4e3a\\u8d37\\u65b9\\u4f59\\u989d\\uff0c\\u8868\\u793a\\u7d2f\\u79ef\\u672a\\u5206\\u914d\\u7684\\u5229\\u6da6\\u6570\\u989d\\uff1b\\u5', '5', '0', '15', '1490175907', '0', '2');
INSERT INTO `ae_check` VALUES ('40', '下列事项中，最终不会导致所有者权益变动的有（　）。', '[\"\\u8f6c\\u9500\\u65e0\\u9700\\u507f\\u8fd8\\u7684\\u5e94\\u4ed8\\u8d26\\u6b3e\",\"\\u7528\\u76c8\\u4f59\\u516c\\u79ef\\u5f25\\u8865\\u4e8f\\u635f\",\"\\u80a1\\u4e1c\\u5927\\u4f1a\\u5ba3\\u544a\\u5206\\u914d\\u73b0\\u91d1\\u80a1\\u5229\",\"\\u8d44\\u672c\\u516c\\u79ef\\u8f6c\\u589e\\u80a1\\u672c\"]', '2', '[\"\\u7528\\u76c8\\u4f59\\u516c\\u79ef\\u5f25\\u8865\\u4e8f\\u635f\",\"\\u8d44\\u672c\\u516c\\u79ef\\u8f6c\\u589e\\u80a1\\u672c\"]', '5', '0', '15', '1490175907', '0', '2');
INSERT INTO `ae_check` VALUES ('41', '下列各项中，不会引起所有者权益总额发生变动的有（　）。', '[\"\\u7528\\u76c8\\u4f59\\u516c\\u79ef\\u5f25\\u8865\\u4e8f\\u635f\",\"\\u7528\\u8d44\\u672c\\u516c\\u79ef\\u8f6c\\u589e\\u8d44\\u672c\",\"\\u80a1\\u4e1c\\u5927\\u4f1a\\u5ba3\\u544a\\u5206\\u914d\\u73b0\\u91d1\\u80a1\\u5229\",\"\\u4e3a\\u81ea\\u5efa\\u56fa\\u5b9a\\u8d44\\u4ea7\\u53d1\\u884c\\u503a\\u5238\\u7b79\\u8d44\"]', '2', '[\"\\u7528\\u76c8\\u4f59\\u516c\\u79ef\\u5f25\\u8865\\u4e8f\\u635f\",\"\\u7528\\u8d44\\u672c\\u516c\\u79ef\\u8f6c\\u589e\\u8d44\\u672c\",\"\\u4e3a\\u81ea\\u5efa\\u56fa\\u5b9a\\u8d44\\u4ea7\\u53d1\\u884c\\u503a\\u5238\\u7b79\\u8d44\"]', '5', '0', '15', '1490175907', '0', '2');
INSERT INTO `ae_check` VALUES ('42', '企业实收资本或股本增加的途径有（　）。', '0', '2', '[\"\\u7ecf\\u6279\\u51c6\\u7528\\u76c8\\u4f59\\u516c\\u79ef\\u8f6c\\u589e\",\"\\u53d1\\u653e\\u80a1\\u7968\\u80a1\\u5229\",\"\\u7ecf\\u6279\\u51c6\\u7528\\u8d44\\u672c\\u516c\\u79ef\\u8f6c\\u589e\"]', '5', '0', '15', '1490175907', '0', '2');
INSERT INTO `ae_check` VALUES ('43', '下列各项中，能够引起企业留存收益总额发生变动的有（　）。', '[\"\\u672c\\u5e74\\u5ea6\\u5b9e\\u73b0\\u7684\\u51c0\\u5229\\u6da6\",\"\\u63d0\\u53d6\\u6cd5\\u5b9a\\u76c8\\u4f59\\u516c\\u79ef\",\"\\u5411\\u6295\\u8d44\\u8005\\u5ba3\\u544a\\u5206\\u914d\\u73b0\\u91d1\\u80a1\\u5229\",\"\\u7528\\u8d44\\u672c\\u516c\\u79ef\\u8f6c\\u589e\\u8d44\\u672c\"]', '2', '[\"\\u672c\\u5e74\\u5ea6\\u5b9e\\u73b0\\u7684\\u51c0\\u5229\\u6da6\",\"\\u5411\\u6295\\u8d44\\u8005\\u5ba3\\u544a\\u5206\\u914d\\u73b0\\u91d1\\u80a1\\u5229\"]', '5', '0', '15', '1490175907', '0', '2');
INSERT INTO `ae_check` VALUES ('44', '下列各项中，不会引起留存收益总额发生变动的有（　）。', '[\"\\u7528\\u76c8\\u4f59\\u516c\\u79ef\\u8865\\u4e8f\",\"\\u63d0\\u53d6\\u76c8\\u4f59\\u516c\\u79ef\",\"\\u56de\\u8d2d\\u672c\\u516c\\u53f8\\u90e8\\u5206\\u80a1\\u4efd\\u65f6\",\"\\u80a1\\u4e1c\\u5927\\u4f1a\\u53d1\\u653e\\u80a1\\u7968\\u80a1\\u5229\"]', '2', '[\"\\u7528\\u76c8\\u4f59\\u516c\\u79ef\\u8865\\u4e8f\",\"\\u63d0\\u53d6\\u76c8\\u4f59\\u516c\\u79ef\",\"\\u56de\\u8d2d\\u672c\\u516c\\u53f8\\u90e8\\u5206\\u80a1\\u4efd\\u65f6\"]', '5', '0', '15', '1490175907', '0', '2');
INSERT INTO `ae_check` VALUES ('45', '企业吸收投资者投资时，下列会计科目的余额可能发生变化的有（　）。', '[\"\\u76c8\\u4f59\\u516c\\u79ef\",\"\\u8d44\\u672c\\u516c\\u79ef\",\"\\u5b9e\\u6536\\u8d44\\u672c\",\"\\u5229\\u6da6\\u5206\\u914d\"]', '2', '[\"\\u76c8\\u4f59\\u516c\\u79ef\",\"\\u8d44\\u672c\\u516c\\u79ef\",\"\\u5b9e\\u6536\\u8d44\\u672c\",\"\\u5229\\u6da6\\u5206\\u914d\"]', '5', '0', '15', '1490175907', '0', '2');
INSERT INTO `ae_check` VALUES ('46', '甲企业2013年10月售出产品一批，并确认了收入，2013年12月由于质量问题被退回时，在做相关处理时不会涉及的科目有（　）。', '[\"\\u5e93\\u5b58\\u5546\\u54c1\",\"\\u8425\\u4e1a\\u5916\\u652f\\u51fa\",\"\\u5229\\u6da6\\u5206\\u914d\",\"\\u4e3b\\u8425\\u4e1a\\u52a1\\u6536\\u5165\"]', '2', '[\"\\u8425\\u4e1a\\u5916\\u652f\\u51fa\",\"\\u5229\\u6da6\\u5206\\u914d\"]', '5', '0', '16', '1490234422', '0', '2');
INSERT INTO `ae_check` VALUES ('47', '下列有关提供劳务收入确认的表述中，不正确的有（　）。', '[\"\\u5728\\u63d0\\u4f9b\\u52b3\\u52a1\\u4ea4\\u6613\\u7684\\u7ed3\\u679c\\u4e0d\\u80fd\\u53ef\\u9760\\u4f30\\u8ba1\\u7684\\u60c5\\u51b5\\u4e0b\\uff0c\\u6309\\u7167\\u5df2\\u7ecf\\u53d1\\u751f\\u7684\\u52b3\\u52a1\\u6210\\u672c\\u91d1\\u989d\\u7ed3\\u8f6c\\u6210\\u672c\\uff0c\\u4e0d\\u786e\\u8ba4\\u6536\\u5165\",\"\\u5728\\u63d0\\u4f9b\\u52b3\\u52a1\\u4ea4\\u6613\\u7684\\u7ed3\\u679c\\u4e0d\\u80fd\\u53ef\\u9760\\u4f30\\u8ba1\\u7684\\u60c5\\u51b5\\u4e0b\\uff0c\\u5df2\\u7ecf\\u53d1\\u751f\\u7684\\u52b3\\u52a1\\u6210\\u672c\\u9884\\u8ba1\\u90e8\\u5206\\u80fd\\u591f\\u5f97\\u5230\\u8865\\u507f\\u7684\\uff0c\\u5e94\\u6309\\u80fd\\u591f\\u5f97\\u5230\\u90e8\\u5206\\u8865\\u507f\\u7684\\u52b3\\u52a1\\u6210\\u672c\\u91d1\\u989d\\u786e\\u8ba4\\u52b3\\u52a1\\u6536\\u5165\",\"\\u52b3\\u52a1\\u7684\\u5f00\\u59cb\\u548c\\u5b8c\\u6210\\u5206\\u5c5e\\u4e0d\\u540c\\u7684\\u4f1a\\u8ba1\\u5e74\\u5ea6\\uff0c\\u5728\\u52b3\\u52a1\\u7684\\u7ed3\\u679c\\u80fd\\u591f\\u53ef\\u9760\\u8ba1\\u91cf\\u7684\\u60c5\\u51b5\\u4e0b\\uff0c\\u5e94\\u6309\\u5b8c\\u5de5\\u767e\\u5206\\u6bd4\\u6cd5\\u786e\\u8ba4\\u6536\\u5165\",\"\\u5bf9\\u4e8e\\u4e00\\u6b21\\u5c31\\u80fd\\u5b8c\\u6210\\u7684\\u52b3\\u52a1\\uff0c\\u4f01\\u4e1a\\u5e94\\u5728\\u8d44\\u4ea7\\u8d1f\\u503a\\u8868\\u65e5\\u786e\\u8ba4\\u6536\\u5165\\u53ca\\u76f8\\u5173\\u6210\\u672c\"]', '2', '[\"\\u5728\\u63d0\\u4f9b\\u52b3\\u52a1\\u4ea4\\u6613\\u7684\\u7ed3\\u679c\\u4e0d\\u80fd\\u53ef\\u9760\\u4f30\\u8ba1\\u7684\\u60c5\\u51b5\\u4e0b\\uff0c\\u6309\\u7167\\u5df2\\u7ecf\\u53d1\\u751f\\u7684\\u52b3\\u52a1\\u6210\\u672c\\u91d1\\u989d\\u7ed3\\u8f6c\\u6210\\u672c\\uff0c\\u4e0d\\u786e\\u8ba4\\u6536\\u5165\",\"\\u5bf9\\u4e8e\\u4e00\\u6b21\\u5c31\\u80fd\\u5b8c\\u6210\\u7684\\u52b3\\u52a1\\uff0c\\u4f01\\u4e1a\\u5e94\\u5728\\u8d44\\u4ea7\\u8d1f\\u503a\\u8868\\u65e5\\u786e\\u8ba4\\u6536\\u5165\\u53ca\\u76f8\\u5173\\u6210\\u672c\"]', '5', '0', '16', '1490234422', '0', '2');
INSERT INTO `ae_check` VALUES ('48', '在完工百分比法中，确定完工比例的方法有（　）。', '[\"\\u6309\\u4e13\\u4e1a\\u6d4b\\u91cf\\u5e08\\u6d4b\\u91cf\\u7684\\u7ed3\\u679c\\u786e\\u5b9a\",\"\\u6309\\u63d0\\u4f9b\\u7684\\u52b3\\u52a1\\u91cf\\u5360\\u5e94\\u63d0\\u4f9b\\u52b3\\u52a1\\u603b\\u91cf\\u7684\\u6bd4\\u4f8b\\u786e\\u5b9a\",\"\\u6309\\u52b3\\u52a1\\u5404\\u671f\\u8017\\u65f6\\u957f\\u77ed\\u6765\\u786e\\u5b9a\",\"\\u6309\\u5df2\\u53d1\\u751f\\u6210\\u672c\\u5360\\u4f30\\u8ba1\\u603b\\u6210\\u672c\\u7684\\u6bd4\\u4f8b\\u6765\\u786e\\u5b9a\"]', '2', '[\"\\u6309\\u4e13\\u4e1a\\u6d4b\\u91cf\\u5e08\\u6d4b\\u91cf\\u7684\\u7ed3\\u679c\\u786e\\u5b9a\",\"\\u6309\\u63d0\\u4f9b\\u7684\\u52b3\\u52a1\\u91cf\\u5360\\u5e94\\u63d0\\u4f9b\\u52b3\\u52a1\\u603b\\u91cf\\u7684\\u6bd4\\u4f8b\\u786e\\u5b9a\",\"\\u6309\\u5df2\\u53d1\\u751f\\u6210\\u672c\\u5360\\u4f30\\u8ba1\\u603b\\u6210\\u672c\\u7684\\u6bd4\\u4f8b\\u6765\\u786e\\u5b9a\"]', '5', '0', '16', '1490234422', '0', '2');
INSERT INTO `ae_check` VALUES ('49', '下列关于采用支付手续费方式委托代销商品中，会计处理表述正确的有（　）。', '[\"\\u59d4\\u6258\\u65b9\\u901a\\u5e38\\u5728\\u53d1\\u51fa\\u5546\\u54c1\\u65f6\\u786e\\u8ba4\\u9500\\u552e\\u5546\\u54c1\\u6536\\u5165\",\"\\u59d4\\u6258\\u65b9\\u53d1\\u51fa\\u5546\\u54c1\\u65f6\\u5e94\\u6309\\u7ea6\\u5b9a\\u7684\\u552e\\u4ef7\\u8bb0\\u5165\\u201c\\u59d4\\u6258\\u4ee3\\u9500\\u5546\\u54c1\\u201d\\u79d1\\u76ee\",\"\\u53d7\\u6258\\u65b9\\u5e94\\u5728\\u4ee3\\u9500\\u5546\\u54c1\\u9500\\u552e\\u540e\\u6309\\u7167\\u53cc\\u65b9\\u7ea6\\u5b9a\\u7684\\u624b\\u7eed\\u8d39\\u786e\\u8ba4\\u52b3\\u52a1\\u6536\\u5165\",\"\\u53d7\\u6258\\u65b9\\u4e00\\u822c\\u5e94\\u6309\\u5176\\u4e0e\\u59d4\\u6258\\u65b9\\u7ea6\\u5b9a\\u7684\\u552e\\u4ef7\\u603b\\u989d\\u786e\\u8ba4\\u53d7\\u6258\\u4ee3\\u9500\\u5546\\u54c1\\u6b3e\"]', '2', '[\"\\u53d7\\u6258\\u65b9\\u5e94\\u5728\\u4ee3\\u9500\\u5546\\u54c1\\u9500\\u552e\\u540e\\u6309\\u7167\\u53cc\\u65b9\\u7ea6\\u5b9a\\u7684\\u624b\\u7eed\\u8d39\\u786e\\u8ba4\\u52b3\\u52a1\\u6536\\u5165\",\"\\u53d7\\u6258\\u65b9\\u4e00\\u822c\\u5e94\\u6309\\u5176\\u4e0e\\u59d4\\u6258\\u65b9\\u7ea6\\u5b9a\\u7684\\u552e\\u4ef7\\u603b\\u989d\\u786e\\u8ba4\\u53d7\\u6258\\u4ee3\\u9500\\u5546\\u54c1\\u6b3e\"]', '5', '0', '16', '1490234422', '0', '2');
INSERT INTO `ae_check` VALUES ('50', '甲公司于2013年6月3日向乙公司销售一批商品，开出的增值税专用发票上注明售价为10万元，增值税税额为1.7万元；该批商品成本为8万元。甲公司在销售该批商品时已得知乙公司资金流转发生暂时困难，但为了减少存货积压，同时为了维持与乙公司长期以来建立的商业关系，甲公司仍将商品发出。假定甲公司销售该批商品的纳税义务已经发生。不考虑其他因素，则下列说法中正确的有（　）。', '[\"\\u7532\\u516c\\u53f8\\u5e94\\u5728\\u53d1\\u51fa\\u5546\\u54c1\\u5f53\\u65e5\\u786e\\u8ba4\\u4e3b\\u8425\\u4e1a\\u52a1\\u6536\\u516510\\u4e07\\u5143\",\"\\u7532\\u516c\\u53f8\\u5e94\\u5728\\u53d1\\u51fa\\u5546\\u54c1\\u5f53\\u65e5\\u786e\\u8ba4\\u4e3b\\u8425\\u4e1a\\u52a1\\u6210\\u672c8\\u4e07\\u5143\",\"\\u7532\\u516c\\u53f8\\u5728\\u53d1\\u51fa\\u5546\\u54c1\\u5f53\\u65e5\\u786e\\u8ba4\\u589e\\u503c\\u7a0e\\u9500\\u9879\\u7a0e1.7\\u4e07\\u5143\",\"\\u7532\\u516c\\u53f8\\u5e94\\u5728\\u53d1\\u51fa\\u5546\\u54c1\\u65f6\\uff0c\\u501f\\u8bb0\\u201c\\u53d1\\u51fa\\u5546\\u54c1\\u201d8\\u4e07\\u5143\"]', '2', '[\"\\u7532\\u516c\\u53f8\\u5728\\u53d1\\u51fa\\u5546\\u54c1\\u5f53\\u65e5\\u786e\\u8ba4\\u589e\\u503c\\u7a0e\\u9500\\u9879\\u7a0e1.7\\u4e07\\u5143\",\"\\u7532\\u516c\\u53f8\\u5e94\\u5728\\u53d1\\u51fa\\u5546\\u54c1\\u65f6\\uff0c\\u501f\\u8bb0\\u201c\\u53d1\\u51fa\\u5546\\u54c1\\u201d8\\u4e07\\u5143\"]', '5', '0', '16', '1490234422', '0', '2');
INSERT INTO `ae_check` VALUES ('51', '下列关于企业发生销售折让的会计处理，表述不正确的有（　）。', '0', '2', '0', '5', '0', '16', '1490234422', '0', '2');
INSERT INTO `ae_check` VALUES ('52', '下列各项中，不应计入商品销售收入的有（　）。', '[\"\\u5df2\\u7ecf\\u53d1\\u751f\\u7684\\u9500\\u552e\\u6298\\u8ba9\",\"\\u5e94\\u6536\\u53d6\\u7684\\u589e\\u503c\\u7a0e\\u9500\\u9879\\u7a0e\\u989d\",\"\\u5b9e\\u9645\\u53d1\\u751f\\u7684\\u5546\\u4e1a\\u6298\\u6263\",\"\\u5e94\\u6536\\u53d6\\u7684\\u4ee3\\u57ab\\u8fd0\\u6742\\u8d39\"]', '2', '[\"\\u5df2\\u7ecf\\u53d1\\u751f\\u7684\\u9500\\u552e\\u6298\\u8ba9\",\"\\u5e94\\u6536\\u53d6\\u7684\\u589e\\u503c\\u7a0e\\u9500\\u9879\\u7a0e\\u989d\",\"\\u5b9e\\u9645\\u53d1\\u751f\\u7684\\u5546\\u4e1a\\u6298\\u6263\",\"\\u5e94\\u6536\\u53d6\\u7684\\u4ee3\\u57ab\\u8fd0\\u6742\\u8d39\"]', '5', '0', '16', '1490234422', '0', '2');
INSERT INTO `ae_check` VALUES ('53', '下列各项关于现金折扣、商业折扣、销售折让的会计处理的表述中，不正确的有（　）。', '[\"\\u73b0\\u91d1\\u6298\\u6263\\u5728\\u5b9e\\u9645\\u53d1\\u751f\\u65f6\\u8ba1\\u5165\\u8d22\\u52a1\\u8d39\\u7528\",\"\\u73b0\\u91d1\\u6298\\u6263\\u5728\\u786e\\u8ba4\\u9500\\u552e\\u6536\\u5165\\u65f6\\u8ba1\\u5165\\u8d22\\u52a1\\u8d39\\u7528\",\"\\u5df2\\u786e\\u8ba4\\u6536\\u5165\\u7684\\u552e\\u51fa\\u5546\\u54c1\\u53d1\\u751f\\u9500\\u552e\\u6298\\u8ba9\\u7684\\uff0c\\u901a\\u5e38\\u5e94\\u5f53\\u5728\\u53d1\\u751f\\u65f6\\u51b2\\u51cf\\u5f53\\u671f\\u9500\\u552e\\u5546\\u54c1\\u6536\\u5165\",\"\\u5546\\u4e1a\\u6298\\u6263\\u5728\\u786e\\u8ba4\\u9500\\u552e\\u6536\\u5165\\u65f6\\u8ba1\\u5165\\u9500\\u552e\\u8d39\\u7528\"]', '2', '[\"\\u73b0\\u91d1\\u6298\\u6263\\u5728\\u786e\\u8ba4\\u9500\\u552e\\u6536\\u5165\\u65f6\\u8ba1\\u5165\\u8d22\\u52a1\\u8d39\\u7528\",\"\\u5546\\u4e1a\\u6298\\u6263\\u5728\\u786e\\u8ba4\\u9500\\u552e\\u6536\\u5165\\u65f6\\u8ba1\\u5165\\u9500\\u552e\\u8d39\\u7528\"]', '5', '0', '16', '1490234422', '0', '2');
INSERT INTO `ae_check` VALUES ('54', '按我国企业会计准则规定，下列项目中不应确认为收入的有（　）。', '[\"\\u9500\\u552e\\u539f\\u6750\\u6599\\u6536\\u53d6\\u7684\\u8d27\\u6b3e\",\"\\u9500\\u552e\\u5546\\u54c1\\u4ee3\\u57ab\\u7684\\u8fd0\\u6742\\u8d39\",\"\\u51fa\\u552e\\u98de\\u673a\\u7968\\u65f6\\u4ee3\\u6536\\u7684\\u4fdd\\u9669\\u8d39\",\"\\u9500\\u552e\\u5546\\u54c1\\u6536\\u53d6\\u7684\\u589e\\u503c\\u7a0e\"]', '2', '[\"\\u9500\\u552e\\u5546\\u54c1\\u4ee3\\u57ab\\u7684\\u8fd0\\u6742\\u8d39\",\"\\u51fa\\u552e\\u98de\\u673a\\u7968\\u65f6\\u4ee3\\u6536\\u7684\\u4fdd\\u9669\\u8d39\",\"\\u9500\\u552e\\u5546\\u54c1\\u6536\\u53d6\\u7684\\u589e\\u503c\\u7a0e\"]', '5', '0', '16', '1490234422', '0', '2');
INSERT INTO `ae_check` VALUES ('55', '下列不属于让渡资产使用权的收入确认条件的有（　）。', '[\"\\u4e0e\\u4ea4\\u6613\\u76f8\\u5173\\u7684\\u7ecf\\u6d4e\\u5229\\u76ca\\u5f88\\u53ef\\u80fd\\u6d41\\u5165\\u4f01\\u4e1a\",\"\\u6536\\u5165\\u7684\\u91d1\\u989d\\u80fd\\u591f\\u53ef\\u9760\\u5730\\u8ba1\\u91cf\",\"\\u8d44\\u4ea7\\u6240\\u6709\\u6743\\u4e0a\\u7684\\u98ce\\u9669\\u5df2\\u7ecf\\u8f6c\\u79fb\",\"\\u6ca1\\u6709\\u7ee7\\u7eed\\u4fdd\\u7559\\u8d44\\u4ea7\\u7684\\u63a7\\u5236\\u6743\"]', '2', '[\"\\u8d44\\u4ea7\\u6240\\u6709\\u6743\\u4e0a\\u7684\\u98ce\\u9669\\u5df2\\u7ecf\\u8f6c\\u79fb\",\"\\u6ca1\\u6709\\u7ee7\\u7eed\\u4fdd\\u7559\\u8d44\\u4ea7\\u7684\\u63a7\\u5236\\u6743\"]', '5', '0', '16', '1490234422', '0', '2');
INSERT INTO `ae_check` VALUES ('56', '下列各项中，应列入利润表中“营业成本”项目的有（　）。', '[\"\\u9500\\u552e\\u6750\\u6599\\u7684\\u6210\\u672c\",\"\\u51fa\\u79df\\u56fa\\u5b9a\\u8d44\\u4ea7\\u7684\\u6298\\u65e7\\u989d\",\"\\u65e0\\u5f62\\u8d44\\u4ea7\\u5904\\u7f6e\\u51c0\\u635f\\u5931\",\"\\u52b3\\u52a1\\u516c\\u53f8\\u63d0\\u4f9b\\u52b3\\u52a1\\u53d1\\u751f\\u7684\\u52b3\\u52a1\\u6210\\u672c\"]', '2', '[\"\\u9500\\u552e\\u6750\\u6599\\u7684\\u6210\\u672c\",\"\\u51fa\\u79df\\u56fa\\u5b9a\\u8d44\\u4ea7\\u7684\\u6298\\u65e7\\u989d\",\"\\u52b3\\u52a1\\u516c\\u53f8\\u63d0\\u4f9b\\u52b3\\u52a1\\u53d1\\u751f\\u7684\\u52b3\\u52a1\\u6210\\u672c\"]', '5', '0', '17', '1490238541', '0', '2');
INSERT INTO `ae_check` VALUES ('57', '下列各项中，不应计入产品成本的有（　）。', '[\"\\u57fa\\u672c\\u751f\\u4ea7\\u8f66\\u95f4\\u7ba1\\u7406\\u4eba\\u5458\\u7684\\u5de5\\u8d44\",\"\\u4e13\\u8bbe\\u552e\\u540e\\u670d\\u52a1\\u7f51\\u70b9\\u7684\\u804c\\u5de5\\u85aa\\u916c\",\"\\u652f\\u4ed8\\u7684\\u77ff\\u4ea7\\u8d44\\u6e90\\u8865\\u507f\\u8d39\",\"\\u4f01\\u4e1a\\u8d1f\\u62c5\\u7684\\u751f\\u4ea7\\u804c\\u5de5\\u517b\\u8001\\u4fdd\\u9669\\u8d39\"]', '2', '[\"\\u4e13\\u8bbe\\u552e\\u540e\\u670d\\u52a1\\u7f51\\u70b9\\u7684\\u804c\\u5de5\\u85aa\\u916c\",\"\\u652f\\u4ed8\\u7684\\u77ff\\u4ea7\\u8d44\\u6e90\\u8865\\u507f\\u8d39\"]', '5', '0', '17', '1490238541', '0', '2');
INSERT INTO `ae_check` VALUES ('58', '下列各项费用，应计入销售费用的有（　）。', '[\"\\u8d39\\u7528\\u5316\\u7684\\u5229\\u606f\\u652f\\u51fa\",\"\\u4e1a\\u52a1\\u62db\\u5f85\\u8d39\",\"\\u5e7f\\u544a\\u8d39\",\"\\u5c55\\u89c8\\u8d39\"]', '2', '[\"\\u5e7f\\u544a\\u8d39\",\"\\u5c55\\u89c8\\u8d39\"]', '5', '0', '17', '1490238541', '0', '2');
INSERT INTO `ae_check` VALUES ('59', '下列各项中，应通过营业税金及附加科目核算的有（　）。', '[\"\\u63d0\\u4f9b\\u52a0\\u5de5\\u52b3\\u52a1\\u7684\\u589e\\u503c\\u7a0e\",\"\\u9500\\u552e\\u5e94\\u7a0e\\u6d88\\u8d39\\u54c1\\u5e94\\u4ea4\\u7684\\u6d88\\u8d39\\u7a0e\",\"\\u63d0\\u4f9b\\u5b89\\u88c5\\u52b3\\u52a1\\u5e94\\u4ea4\\u7684\\u8425\\u4e1a\\u7a0e\",\"\\u9500\\u552e\\u56fa\\u5b9a\\u8d44\\u4ea7\\u5e94\\u4ea4\\u7684\\u8425\\u4e1a\\u7a0e\"]', '2', '[\"\\u9500\\u552e\\u5e94\\u7a0e\\u6d88\\u8d39\\u54c1\\u5e94\\u4ea4\\u7684\\u6d88\\u8d39\\u7a0e\",\"\\u63d0\\u4f9b\\u5b89\\u88c5\\u52b3\\u52a1\\u5e94\\u4ea4\\u7684\\u8425\\u4e1a\\u7a0e\"]', '5', '0', '17', '1490238541', '0', '2');
INSERT INTO `ae_check` VALUES ('60', '下列各项，可以记入利润表“营业税金及附加”项目的有 （　）。', '0', '2', '0', '5', '0', '17', '1490238541', '0', '2');
INSERT INTO `ae_check` VALUES ('61', '下列会计事项中，应在其他业务成本科目核算的有（　）。', '[\"\\u9500\\u552e\\u539f\\u6750\\u6599\\u7684\\u6210\\u672c\",\"\\u7ecf\\u8425\\u79df\\u51fa\\u56fa\\u5b9a\\u8d44\\u4ea7\\u6536\\u5165\",\"\\u91c7\\u7528\\u6210\\u672c\\u6a21\\u5f0f\\u8ba1\\u91cf\\u7684\\u6295\\u8d44\\u6027\\u623f\\u4ea7\\u8ba1\\u63d0\\u7684\\u6298\\u65e7\",\"\\u4e0e\\u6295\\u8d44\\u6027\\u623f\\u5730\\u4ea7\\u76f8\\u5173\\u7684\\u8425\\u4e1a\\u7a0e\"]', '2', '[\"\\u9500\\u552e\\u539f\\u6750\\u6599\\u7684\\u6210\\u672c\",\"\\u91c7\\u7528\\u6210\\u672c\\u6a21\\u5f0f\\u8ba1\\u91cf\\u7684\\u6295\\u8d44\\u6027\\u623f\\u4ea7\\u8ba1\\u63d0\\u7684\\u6298\\u65e7\"]', '5', '0', '17', '1490238541', '0', '2');
INSERT INTO `ae_check` VALUES ('62', '下列税费中，应计入管理费用的有（　）。', '0', '2', '[\"\\u8f66\\u8239\\u4f7f\\u7528\\u7a0e\",\"\\u77ff\\u4ea7\\u8d44\\u6e90\\u8865\\u507f\\u8d39\"]', '5', '0', '17', '1490238541', '0', '2');
INSERT INTO `ae_check` VALUES ('63', '下列各项职工薪酬中，不能直接在“管理费用”中列支的有(　)。', '[\"\\u751f\\u4ea7\\u4eba\\u5458\\u7684\\u85aa\\u916c\",\"\\u884c\\u653f\\u4eba\\u5458\\u7684\\u85aa\\u916c\",\"\\u8f66\\u95f4\\u7ba1\\u7406\\u4eba\\u5458\\u7684\\u85aa\\u916c\",\"\\u7814\\u53d1\\u4eba\\u5458\\u7684\\u85aa\\u916c\"]', '2', '[\"\\u751f\\u4ea7\\u4eba\\u5458\\u7684\\u85aa\\u916c\",\"\\u8f66\\u95f4\\u7ba1\\u7406\\u4eba\\u5458\\u7684\\u85aa\\u916c\",\"\\u7814\\u53d1\\u4eba\\u5458\\u7684\\u85aa\\u916c\"]', '5', '0', '17', '1490238541', '0', '2');
INSERT INTO `ae_check` VALUES ('64', '下列各项中，不应计入管理费用有（　　）。', '[\"\\u4e13\\u8bbe\\u9500\\u552e\\u673a\\u6784\\u7684\\u56fa\\u5b9a\\u8d44\\u4ea7\\u4fee\\u7406\\u8d39\",\"\\u8ba1\\u63d0\\u7684\\u5b58\\u8d27\\u8dcc\\u4ef7\\u51c6\\u5907\",\"\\u5de5\\u4f1a\\u7ecf\\u8d39\",\"\\u8f66\\u95f4\\u751f\\u4ea7\\u4eba\\u5458\\u7684\\u804c\\u5de5\\u85aa\\u916c\"]', '2', '[\"\\u4e13\\u8bbe\\u9500\\u552e\\u673a\\u6784\\u7684\\u56fa\\u5b9a\\u8d44\\u4ea7\\u4fee\\u7406\\u8d39\",\"\\u8ba1\\u63d0\\u7684\\u5b58\\u8d27\\u8dcc\\u4ef7\\u51c6\\u5907\",\"\\u8f66\\u95f4\\u751f\\u4ea7\\u4eba\\u5458\\u7684\\u804c\\u5de5\\u85aa\\u916c\"]', '5', '0', '17', '1490238541', '0', '2');
INSERT INTO `ae_check` VALUES ('65', '下列税金中，应计入“管理费用”项目的有（　）。', '[\"\\u81ea\\u4ea7\\u81ea\\u7528\\u5e94\\u4ea4\\u7684\\u8d44\\u6e90\\u7a0e\",\"\\u81ea\\u7528\\u529e\\u516c\\u697c\\u5e94\\u4ea4\\u7684\\u623f\\u4ea7\\u7a0e\",\"\\u5382\\u91cc\\u7684\\u8f7f\\u8f66\\u6bcf\\u5e74\\u8981\\u4ea4\\u7684\\u8f66\\u8239\\u7a0e\",\"\\u5904\\u7f6e\\u56fa\\u5b9a\\u8d44\\u4ea7\\u8981\\u4ea4\\u7684\\u8425\\u4e1a\\u7a0e\"]', '2', '[\"\\u81ea\\u7528\\u529e\\u516c\\u697c\\u5e94\\u4ea4\\u7684\\u623f\\u4ea7\\u7a0e\",\"\\u5382\\u91cc\\u7684\\u8f7f\\u8f66\\u6bcf\\u5e74\\u8981\\u4ea4\\u7684\\u8f66\\u8239\\u7a0e\"]', '5', '0', '17', '1490238541', '0', '2');
INSERT INTO `ae_check` VALUES ('66', '下列各项中，会影响管理费用的有（　）。', '[\"\\u4f01\\u4e1a\\u76d8\\u70b9\\u73b0\\u91d1\\uff0c\\u53d1\\u751f\\u73b0\\u91d1\\u7684\\u76d8\\u4e8f\",\"\\u5b58\\u8d27\\u76d8\\u70b9\\uff0c\\u53d1\\u73b0\\u5b58\\u8d27\\u76d8\\u4e8f\\uff0c\\u7531\\u7ba1\\u7406\\u4e0d\\u5584\\u9020\\u6210\\u7684\",\"\\u56fa\\u5b9a\\u8d44\\u4ea7\\u76d8\\u70b9\\uff0c\\u53d1\\u73b0\\u56fa\\u5b9a\\u8d44\\u4ea7\\u76d8\\u4e8f\\uff0c\\u76d8\\u4e8f\\u7684\\u51c0\\u635f\\u5931\",\"\\u73b0\\u91d1\\u76d8\\u70b9\\uff0c\\u53d1\\u73b0\\u73b0\\u91d1\\u76d8\\u70b9\\u7684\\u51c0\\u6536\\u76ca\"]', '2', '[\"\\u4f01\\u4e1a\\u76d8\\u70b9\\u73b0\\u91d1\\uff0c\\u53d1\\u751f\\u73b0\\u91d1\\u7684\\u76d8\\u4e8f\",\"\\u5b58\\u8d27\\u76d8\\u70b9\\uff0c\\u53d1\\u73b0\\u5b58\\u8d27\\u76d8\\u4e8f\\uff0c\\u7531\\u7ba1\\u7406\\u4e0d\\u5584\\u9020\\u6210\\u7684\"]', '5', '0', '17', '1490238541', '0', '2');
INSERT INTO `ae_check` VALUES ('67', '下列各项中，不应计入管理费用的有（　）。', '[\"\\u603b\\u90e8\\u529e\\u516c\\u697c\\u6298\\u65e7\",\"\\u751f\\u4ea7\\u8bbe\\u5907\\u6539\\u826f\\u652f\\u51fa\\u8d44\\u672c\\u5316\\u90e8\\u5206\",\"\\u7ecf\\u8425\\u79df\\u51fa\\u4e13\\u7528\\u8bbe\\u5907\\u7684\\u4fee\\u7406\\u8d39\",\"\\u4e13\\u8bbe\\u9500\\u552e\\u673a\\u6784\\u623f\\u5c4b\\u7684\\u4fee\\u7406\\u8d39\"]', '2', '[\"\\u751f\\u4ea7\\u8bbe\\u5907\\u6539\\u826f\\u652f\\u51fa\\u8d44\\u672c\\u5316\\u90e8\\u5206\",\"\\u7ecf\\u8425\\u79df\\u51fa\\u4e13\\u7528\\u8bbe\\u5907\\u7684\\u4fee\\u7406\\u8d39\",\"\\u4e13\\u8bbe\\u9500\\u552e\\u673a\\u6784\\u623f\\u5c4b\\u7684\\u4fee\\u7406\\u8d39\"]', '5', '0', '17', '1490238541', '0', '2');
INSERT INTO `ae_check` VALUES ('68', '下列各项中，计入财务费用科目借方的有（　）。', '[\"\\u516c\\u53f8\\u53d1\\u884c\\u80a1\\u7968\\u652f\\u4ed8\\u7684\\u624b\\u7eed\\u8d39\\u3001\\u4f63\\u91d1\\u7b49\\u53d1\\u884c\\u8d39\\u7528\",\"\\u8d44\\u672c\\u5316\\u7684\\u957f\\u671f\\u501f\\u6b3e\\u5229\\u606f\\u652f\\u51fa\",\"\\u9500\\u8d27\\u4f01\\u4e1a\\u5b9e\\u9645\\u53d1\\u751f\\u7684\\u73b0\\u91d1\\u6298\\u6263\",\"\\u652f\\u4ed8\\u94f6\\u884c\\u627f\\u5151\\u6c47\\u7968\\u7684\\u624b\\u7eed\\u8d39\"]', '2', '[\"\\u9500\\u8d27\\u4f01\\u4e1a\\u5b9e\\u9645\\u53d1\\u751f\\u7684\\u73b0\\u91d1\\u6298\\u6263\",\"\\u652f\\u4ed8\\u94f6\\u884c\\u627f\\u5151\\u6c47\\u7968\\u7684\\u624b\\u7eed\\u8d39\"]', '5', '0', '17', '1490238541', '0', '2');
INSERT INTO `ae_check` VALUES ('69', '下列各项中，应计入财务费用的有（　）。', '[\"\\u652f\\u4ed8\\u94f6\\u884c\\u627f\\u5151\\u6c47\\u7968\\u7684\\u624b\\u7eed\\u8d39\",\"\\u671f\\u672b\\u8ba1\\u7b97\\u5e26\\u606f\\u5546\\u4e1a\\u6c47\\u7968\\u7684\\u5229\\u606f\",\"\\u5916\\u5e01\\u5e94\\u4ed8\\u8d26\\u6b3e\\u6c47\\u5151\\u635f\\u5931\",\"\\u516c\\u53f8\\u53d1\\u884c\\u80a1\\u7968\\u652f\\u4ed8\\u7684\\u624b\\u7eed\\u8d39\\u3001\\u4f63\\u91d1\\u7b49\\u53d1\\u884c\\u8d39\\u7528\"]', '2', '[\"\\u652f\\u4ed8\\u94f6\\u884c\\u627f\\u5151\\u6c47\\u7968\\u7684\\u624b\\u7eed\\u8d39\",\"\\u671f\\u672b\\u8ba1\\u7b97\\u5e26\\u606f\\u5546\\u4e1a\\u6c47\\u7968\\u7684\\u5229\\u606f\",\"\\u5916\\u5e01\\u5e94\\u4ed8\\u8d26\\u6b3e\\u6c47\\u5151\\u635f\\u5931\"]', '5', '0', '17', '1490238541', '0', '2');
INSERT INTO `ae_check` VALUES ('70', '下列选项中，不会引起利润表“营业利润”项目发生增减变动的有（　）。', '[\"\\u91c7\\u7528\\u6743\\u76ca\\u6cd5\\u6838\\u7b97\\u957f\\u671f\\u80a1\\u6743\\u6295\\u8d44\\u65f6\\u88ab\\u6295\\u8d44\\u4f01\\u4e1a\\u5ba3\\u544a\\u5206\\u6d3e\\u7684\\u73b0\\u91d1\\u80a1\\u5229\",\"\\u91c7\\u7528\\u6210\\u672c\\u6cd5\\u6838\\u7b97\\u957f\\u671f\\u80a1\\u6743\\u6295\\u8d44\\u65f6\\u6536\\u5230\\u88ab\\u6295\\u8d44\\u4f01\\u4e1a\\u5206\\u6d3e\\u7684\\u80a1\\u7968\\u80a1\\u5229\",\"\\u91c7\\u7528\\u6210\\u672c\\u6a21\\u5f0f\\u8ba1\\u91cf\\u7684\\u6295\\u8d44\\u6027\\u623f\\u5730\\u4ea7\\u671f\\u672b\\u53ef\\u6536\\u56de\\u91d1\\u989d\\u4f4e\\u4e8e\\u5176\\u8d26\\u9762\\u4ef7\\u503c\\u7684\\u5dee\\u989d\",\"\\u91c7\\u7528\\u516c\\u5141\\u4ef7\\u503c\\u6a21\\u5f0f\\u8ba1\\u91cf\\u7684\\u6295\\u8d44\\u6027\\u623f\\u5730\\u4ea7\\u671f\\u672b\\u516c\\u5141\\u4ef7\\u503c\\u4e0b\\u964d\"]', '2', '[\"\\u91c7\\u7528\\u6743\\u76ca\\u6cd5\\u6838\\u7b97\\u957f\\u671f\\u80a1\\u6743\\u6295\\u8d44\\u65f6\\u88ab\\u6295\\u8d44\\u4f01\\u4e1a\\u5ba3\\u544a\\u5206\\u6d3e\\u7684\\u73b0\\u91d1\\u80a1\\u5229\",\"\\u91c7\\u7528\\u6210\\u672c\\u6cd5\\u6838\\u7b97\\u957f\\u671f\\u80a1\\u6743\\u6295\\u8d44\\u65f6\\u6536\\u5230\\u88ab\\u6295\\u8d44\\u4f01\\u4e1a\\u5206\\u6d3e\\u7684\\u80a1\\u7968\\u80a1\\u5229\"]', '5', '0', '18', '1490254152', '0', '2');
INSERT INTO `ae_check` VALUES ('71', '下列各项中，影响企业营业利润的有（　）。', '[\"\\u51fa\\u552e\\u539f\\u6750\\u6599\\u7684\\u51c0\\u635f\\u76ca\",\"\\u8ba1\\u63d0\\u56fa\\u5b9a\\u8d44\\u4ea7\\u51cf\\u503c\\u51c6\\u5907\",\"\\u516c\\u76ca\\u6027\\u6350\\u8d60\\u652f\\u51fa\",\"\\u51fa\\u552e\\u6295\\u8d44\\u7684\\u51c0\\u635f\\u76ca\"]', '2', '[\"\\u51fa\\u552e\\u539f\\u6750\\u6599\\u7684\\u51c0\\u635f\\u76ca\",\"\\u8ba1\\u63d0\\u56fa\\u5b9a\\u8d44\\u4ea7\\u51cf\\u503c\\u51c6\\u5907\",\"\\u51fa\\u552e\\u6295\\u8d44\\u7684\\u51c0\\u635f\\u76ca\"]', '5', '0', '18', '1490254152', '0', '2');
INSERT INTO `ae_check` VALUES ('72', '下列错误的会计事项，只影响营业利润而不影响利润总额的有（　）。', '[\"\\u5c06\\u6295\\u8d44\\u6536\\u76ca\\u9519\\u767b\\u4e3a\\u5176\\u4ed6\\u4e1a\\u52a1\\u6536\\u5165\",\"\\u5c06\\u7f5a\\u6b3e\\u652f\\u51fa\\u9519\\u767b\\u4e3a\\u5176\\u4ed6\\u4e1a\\u52a1\\u6210\\u672c\",\"\\u5c06\\u5b9a\\u989d\\u5185\\u635f\\u8017\\u7684\\u5b58\\u8d27\\u76d8\\u4e8f\\u9519\\u767b\\u4e3a\\u8425\\u4e1a\\u5916\\u652f\\u51fa\",\"\\u5c06\\u51fa\\u552e\\u539f\\u6750\\u6599\\u7684\\u6210\\u672c\\u9519\\u767b\\u4e3a\\u4e3b\\u8425\\u4e1a\\u52a1\\u6210\\u672c\"]', '2', '[\"\\u5c06\\u7f5a\\u6b3e\\u652f\\u51fa\\u9519\\u767b\\u4e3a\\u5176\\u4ed6\\u4e1a\\u52a1\\u6210\\u672c\",\"\\u5c06\\u5b9a\\u989d\\u5185\\u635f\\u8017\\u7684\\u5b58\\u8d27\\u76d8\\u4e8f\\u9519\\u767b\\u4e3a\\u8425\\u4e1a\\u5916\\u652f\\u51fa\"]', '5', '0', '18', '1490254152', '0', '2');
INSERT INTO `ae_check` VALUES ('73', '下列错误的会计事项中，对“营业利润”和“利润总额”都不造成影响的有（　）。', '[\"\\u5c06\\u7f5a\\u6b3e\\u652f\\u51fa\\u9519\\u767b\\u4e3a\\u201c\\u5176\\u4ed6\\u4e1a\\u52a1\\u6210\\u672c\\u201d\",\"\\u5c06\\u6295\\u8d44\\u6536\\u76ca\\u9519\\u767b\\u4e3a\\u201c\\u5176\\u4ed6\\u4e1a\\u52a1\\u6536\\u5165\\u201d\",\"\\u5c06\\u5b9a\\u989d\\u5185\\u635f\\u8017\\u7684\\u5b58\\u8d27\\u76d8\\u4e8f\\u9519\\u767b\\u4e3a\\u201c\\u8425\\u4e1a\\u5916\\u652f\\u51fa\\u201d\",\"\\u5c06\\u51fa\\u552e\\u539f\\u6750\\u6599\\u7684\\u6210\\u672c\\u9519\\u767b\\u4e3a\\u201c\\u4e3b\\u8425\\u4e1a\\u52a1\\u6210\\u672c\\u201d\"]', '2', '[\"\\u5c06\\u6295\\u8d44\\u6536\\u76ca\\u9519\\u767b\\u4e3a\\u201c\\u5176\\u4ed6\\u4e1a\\u52a1\\u6536\\u5165\\u201d\",\"\\u5c06\\u51fa\\u552e\\u539f\\u6750\\u6599\\u7684\\u6210\\u672c\\u9519\\u767b\\u4e3a\\u201c\\u4e3b\\u8425\\u4e1a\\u52a1\\u6210\\u672c\\u201d\"]', '5', '0', '18', '1490254152', '0', '2');
INSERT INTO `ae_check` VALUES ('74', '下列各项中，既影响营业利润也影响利润总额的有（　）。', '[\"\\u6240\\u5f97\\u7a0e\\u8d39\\u7528\",\"\\u8d22\\u52a1\\u8d39\\u7528\",\"\\u8425\\u4e1a\\u5916\\u652f\\u51fa\",\"\\u8d44\\u4ea7\\u51cf\\u503c\\u635f\\u5931\"]', '2', '[\"\\u8d22\\u52a1\\u8d39\\u7528\",\"\\u8d44\\u4ea7\\u51cf\\u503c\\u635f\\u5931\"]', '5', '0', '18', '1490254152', '0', '2');
INSERT INTO `ae_check` VALUES ('75', '下列各项中，影响企业利润总额的有（　）。', '[\"\\u65e0\\u6cd5\\u67e5\\u660e\\u539f\\u56e0\\u7684\\u73b0\\u91d1\\u76d8\\u76c8\",\"\\u9500\\u552e\\u5e94\\u7a0e\\u6d88\\u8d39\\u54c1\\u53d1\\u751f\\u7684\\u6d88\\u8d39\\u7a0e\",\"\\u81ea\\u7136\\u707e\\u5bb3\\u9020\\u6210\\u539f\\u6750\\u6599\\u6bc1\\u635f\",\"\\u6240\\u5f97\\u7a0e\\u8d39\\u7528\"]', '2', '[\"\\u65e0\\u6cd5\\u67e5\\u660e\\u539f\\u56e0\\u7684\\u73b0\\u91d1\\u76d8\\u76c8\",\"\\u9500\\u552e\\u5e94\\u7a0e\\u6d88\\u8d39\\u54c1\\u53d1\\u751f\\u7684\\u6d88\\u8d39\\u7a0e\",\"\\u81ea\\u7136\\u707e\\u5bb3\\u9020\\u6210\\u539f\\u6750\\u6599\\u6bc1\\u635f\"]', '5', '0', '18', '1490254152', '0', '2');
INSERT INTO `ae_check` VALUES ('76', '下列各项，影响企业利润总额的有（　）。', '[\"\\u8d44\\u4ea7\\u51cf\\u503c\\u635f\\u5931\",\"\\u516c\\u5141\\u4ef7\\u503c\\u53d8\\u52a8\\u635f\\u76ca\",\"\\u6240\\u5f97\\u7a0e\\u8d39\\u7528\",\"\\u8425\\u4e1a\\u5916\\u652f\\u51fa\"]', '2', '[\"\\u8d44\\u4ea7\\u51cf\\u503c\\u635f\\u5931\",\"\\u516c\\u5141\\u4ef7\\u503c\\u53d8\\u52a8\\u635f\\u76ca\",\"\\u8425\\u4e1a\\u5916\\u652f\\u51fa\"]', '5', '0', '18', '1490254152', '0', '2');
INSERT INTO `ae_check` VALUES ('77', '下列各项中，不影响利润表“净利润”项目金额的有（　）。', '[\"\\u6ce8\\u9500\\u5e93\\u5b58\\u80a1\",\"\\u56fa\\u5b9a\\u8d44\\u4ea7\\u76d8\\u76c8\",\"\\u516c\\u5141\\u4ef7\\u503c\\u6a21\\u5f0f\\u4e0b\\u7684\\u6295\\u8d44\\u6027\\u623f\\u5730\\u4ea7\\u516c\\u5141\\u4ef7\\u503c\\u53d8\\u52a8\\u6536\\u76ca\",\"\\u53ef\\u4f9b\\u51fa\\u552e\\u91d1\\u878d\\u8d44\\u4ea7\\u8ba1\\u63d0\\u51cf\\u503c\\u635f\\u5931\"]', '2', '[\"\\u6ce8\\u9500\\u5e93\\u5b58\\u80a1\",\"\\u56fa\\u5b9a\\u8d44\\u4ea7\\u76d8\\u76c8\"]', '5', '0', '18', '1490254152', '0', '2');
INSERT INTO `ae_check` VALUES ('78', '某企业2014年利润总额是1 000万元，本年的罚款支出是5万元，国债利息收入是10万元，超过税法规定扣除标准的公益性捐赠支出是100万元，所得税税率是25%，不存在其他纳税调整事项，下列说法正确的有（　）。', '[\"\\u4f01\\u4e1a2014\\u5e94\\u4ea4\\u6240\\u5f97\\u7a0e\\u91d1\\u989d\\u662f273.75\\u4e07\\u5143\",\"\\u4f01\\u4e1a2014\\u5e74\\u7684\\u6240\\u5f97\\u7a0e\\u8d39\\u7528\\u91d1\\u989d\\u662f250\\u4e07\\u5143\",\"\\u4f01\\u4e1a2014\\u5e74\\u7684\\u51c0\\u5229\\u6da6\\u91d1\\u989d\\u662f726.25\\u4e07\\u5143\",\"\\u4f01\\u4e1a2014\\u5e74\\u5e94\\u8be5\\u7eb3\\u7a0e\\u8c03\\u589e\\u7684\\u91d1\\u989d\\u662f105\\u4e07\\u5143\"]', '2', '[\"\\u4f01\\u4e1a2014\\u5e94\\u4ea4\\u6240\\u5f97\\u7a0e\\u91d1\\u989d\\u662f273.75\\u4e07\\u5143\",\"\\u4f01\\u4e1a2014\\u5e74\\u7684\\u51c0\\u5229\\u6da6\\u91d1\\u989d\\u662f726.25\\u4e07\\u5143\",\"\\u4f01\\u4e1a2014\\u5e74\\u5e94\\u8be5\\u7eb3\\u7a0e\\u8c03\\u589e\\u7684\\u91d1\\u989d\\u662f105\\u4e07\\u5143\"]', '5', '0', '18', '1490254152', '0', '2');
INSERT INTO `ae_check` VALUES ('79', '下列项目中，应计入营业外支出的有（　）。', '[\"\\u51fa\\u552e\\u56fa\\u5b9a\\u8d44\\u4ea7\\u51c0\\u635f\\u5931\",\"\\u56e0\\u503a\\u52a1\\u4eba\\u65e0\\u529b\\u652f\\u4ed8\\u6b20\\u6b3e\\u800c\\u53d1\\u751f\\u7684\\u5e94\\u6536\\u8d26\\u6b3e\\u635f\\u5931\",\"\\u5bf9\\u5916\\u6350\\u8d60\\u652f\\u51fa\",\"\\u8fdd\\u53cd\\u7ecf\\u6d4e\\u5408\\u540c\\u7684\\u7f5a\\u6b3e\\u652f\\u51fa\"]', '2', '[\"\\u51fa\\u552e\\u56fa\\u5b9a\\u8d44\\u4ea7\\u51c0\\u635f\\u5931\",\"\\u5bf9\\u5916\\u6350\\u8d60\\u652f\\u51fa\",\"\\u8fdd\\u53cd\\u7ecf\\u6d4e\\u5408\\u540c\\u7684\\u7f5a\\u6b3e\\u652f\\u51fa\"]', '5', '0', '18', '1490254152', '0', '2');
INSERT INTO `ae_check` VALUES ('80', '下列原材料损失项目中，不应计入营业外支出的有（　）。', '[\"\\u8ba1\\u91cf\\u5dee\\u9519\\u5f15\\u8d77\\u7684\\u539f\\u6750\\u6599\\u76d8\\u4e8f\",\"\\u539f\\u6750\\u6599\\u8fd0\\u8f93\\u9014\\u4e2d\\u53d1\\u751f\\u7684\\u5408\\u7406\\u635f\\u8017\",\"\\u81ea\\u7136\\u707e\\u5bb3\\u9020\\u6210\\u7684\\u539f\\u6750\\u6599\\u51c0\\u635f\\u5931\",\"\\u4eba\\u4e3a\\u8d23\\u4efb\\u9020\\u6210\\u7684\\u539f\\u6750\\u6599\\u635f\\u5931\"]', '2', '[\"\\u8ba1\\u91cf\\u5dee\\u9519\\u5f15\\u8d77\\u7684\\u539f\\u6750\\u6599\\u76d8\\u4e8f\",\"\\u539f\\u6750\\u6599\\u8fd0\\u8f93\\u9014\\u4e2d\\u53d1\\u751f\\u7684\\u5408\\u7406\\u635f\\u8017\",\"\\u4eba\\u4e3a\\u8d23\\u4efb\\u9020\\u6210\\u7684\\u539f\\u6750\\u6599\\u635f\\u5931\"]', '5', '0', '18', '1490254152', '0', '2');
INSERT INTO `ae_check` VALUES ('81', '下列各项中，需要纳税调增的项目有（　）。', '[\"\\u5df2\\u8ba1\\u5165\\u6295\\u8d44\\u6536\\u76ca\\u7684\\u56fd\\u5e93\\u5238\\u5229\\u606f\\u6536\\u5165\",\"\\u8d85\\u8fc7\\u7a0e\\u6cd5\\u89c4\\u5b9a\\u6263\\u9664\\u6807\\u51c6\\uff0c\\u4f46\\u5df2\\u8ba1\\u5165\\u5f53\\u671f\\u8d39\\u7528\\u7684\\u5e7f\\u544a\\u8d39\\u652f\\u51fa\",\"\\u4e94\\u5e74\\u5185\\u7684\\u672a\\u5f25\\u8865\\u4e8f\\u635f\",\"\\u652f\\u4ed8\\u5e76\\u5df2\\u8ba1\\u5165\\u5f53\\u671f\\u635f\\u5931\\u7684\\u5404\\u79cd\\u7a0e\\u6536\\u6ede\\u7eb3\\u91d1\"]', '2', '[\"\\u8d85\\u8fc7\\u7a0e\\u6cd5\\u89c4\\u5b9a\\u6263\\u9664\\u6807\\u51c6\\uff0c\\u4f46\\u5df2\\u8ba1\\u5165\\u5f53\\u671f\\u8d39\\u7528\\u7684\\u5e7f\\u544a\\u8d39\\u652f\\u51fa\",\"\\u652f\\u4ed8\\u5e76\\u5df2\\u8ba1\\u5165\\u5f53\\u671f\\u635f\\u5931\\u7684\\u5404\\u79cd\\u7a0e\\u6536\\u6ede\\u7eb3\\u91d1\"]', '5', '0', '18', '1490254152', '0', '2');
INSERT INTO `ae_check` VALUES ('82', '下列各项中，属于企业资产负债表存货项目范围的有（　）。', '[\"\\u5df2\\u7ecf\\u8d2d\\u5165\\u4f46\\u5c1a\\u672a\\u8fd0\\u8fbe\\u672c\\u4f01\\u4e1a\\u7684\\u8d27\\u7269\",\"\\u5df2\\u552e\\u51fa\\u4f46\\u8d27\\u7269\\u5c1a\\u672a\\u8fd0\\u79bb\\u672c\\u4f01\\u4e1a\\u7684\\u5b58\\u8d27\",\"\\u5b58\\u653e\\u5916\\u5730\\u4ed3\\u5e93\\u4f46\\u5c1a\\u672a\\u552e\\u51fa\\u7684\\u5b58\\u8d27\",\"\\u652f\\u4ed8\\u624b\\u7eed\\u8d39\\u7684\\u59d4\\u6258\\u4ee3\\u9500\\u65b9\\u5f0f\\u4e0b\\u5df2\\u53d1\\u51fa\\u7684\\u59d4\\u6258\\u4ee3\\u9500\\u5546\\u54c1\\u4f46\\u5c1a\\u672a\\u6536\\u5230\\u4ee3\\u9500\\u6e05\\u5355\\u7684\\u5b58\\u8d27\"]', '2', '[\"\\u5df2\\u7ecf\\u8d2d\\u5165\\u4f46\\u5c1a\\u672a\\u8fd0\\u8fbe\\u672c\\u4f01\\u4e1a\\u7684\\u8d27\\u7269\",\"\\u5b58\\u653e\\u5916\\u5730\\u4ed3\\u5e93\\u4f46\\u5c1a\\u672a\\u552e\\u51fa\\u7684\\u5b58\\u8d27\",\"\\u652f\\u4ed8\\u624b\\u7eed\\u8d39\\u7684\\u59d4\\u6258\\u4ee3\\u9500\\u65b9\\u5f0f\\u4e0b\\u5df2\\u53d1\\u51fa\\u7684\\u59d4\\u6258\\u4ee3\\u9500\\u5546\\u54c1\\u4f46\\u5c1a\\u672a\\u6536\\u5230\\u4ee3\\u9500\\u6e05\\u5355\\u7684\\u5b58\\u8d27\"]', '5', '0', '19', '1490261892', '0', '2');
INSERT INTO `ae_check` VALUES ('83', '资产负债表项目的“期末余额”栏，主要有以下几种填列方法（　）。', '[\"\\u6839\\u636e\\u51e0\\u4e2a\\u603b\\u8d26\\u79d1\\u76ee\\u7684\\u671f\\u672b\\u4f59\\u989d\\u7684\\u5408\\u8ba1\\u6570\\u586b\\u5217\",\"\\u6839\\u636e\\u6709\\u5173\\u79d1\\u76ee\\u7684\\u4f59\\u989d\\u51cf\\u53bb\\u5176\\u5907\\u62b5\\u79d1\\u76ee\\u4f59\\u989d\\u540e\\u7684\\u51c0\\u989d\\u586b\\u5217\",\"\\u6839\\u636e\\u660e\\u7ec6\\u79d1\\u76ee\\u7684\\u4f59\\u989d\\u8ba1\\u7b97\\u586b\\u5217\",\"\\u76f4\\u63a5\\u6839\\u636e\\u5404\\u81ea\\u7684\\u603b\\u8d26\\u79d1\\u76ee\\u7684\\u671f\\u672b\\u4f59\\u989d\\u586b\\u5217\"]', '2', '[\"\\u6839\\u636e\\u51e0\\u4e2a\\u603b\\u8d26\\u79d1\\u76ee\\u7684\\u671f\\u672b\\u4f59\\u989d\\u7684\\u5408\\u8ba1\\u6570\\u586b\\u5217\",\"\\u6839\\u636e\\u6709\\u5173\\u79d1\\u76ee\\u7684\\u4f59\\u989d\\u51cf\\u53bb\\u5176\\u5907\\u62b5\\u79d1\\u76ee\\u4f59\\u989d\\u540e\\u7684\\u51c0\\u989d\\u586b\\u5217\",\"\\u6839\\u636e\\u660e\\u7ec6\\u79d1\\u76ee\\u7684\\u4f59\\u989d\\u8ba1\\u7b97\\u586b\\u5217\",\"\\u76f4\\u63a5\\u6839\\u636e\\u5404\\u81ea\\u7684\\u603b\\u8d26\\u79d1\\u76ee\\u7684\\u671f\\u672b\\u4f59\\u989d\\u586b\\u5217\"]', '5', '0', '19', '1490261892', '0', '2');
INSERT INTO `ae_check` VALUES ('84', '下列项目中，属于筹资活动产生的现金流量的有（　）。', '[\"\\u53d1\\u884c\\u80a1\\u7968\",\"\\u5206\\u914d\\u5229\\u6da6\",\"\\u507f\\u4ed8\\u5e94\\u4ed8\\u8d26\\u6b3e\",\"\\u53d1\\u884c\\u503a\\u5238\"]', '2', '[\"\\u53d1\\u884c\\u80a1\\u7968\",\"\\u5206\\u914d\\u5229\\u6da6\",\"\\u53d1\\u884c\\u503a\\u5238\"]', '5', '0', '19', '1490261892', '0', '2');
INSERT INTO `ae_check` VALUES ('85', '下列各项中，属于现金流量表“经营活动产生的现金流量”的有（　）。', '[\"\\u652f\\u4ed8\\u7684\\u501f\\u6b3e\\u5229\\u606f\",\"\\u9500\\u552e\\u5546\\u54c1\\u6536\\u5230\\u7684\\u73b0\\u91d1\",\"\\u4ee3\\u6263\\u4ee3\\u7f34\\u7684\\u804c\\u5de5\\u4e2a\\u4eba\\u6240\\u5f97\\u7a0e\",\"\\u652f\\u4ed8\\u7684\\u884c\\u653f\\u4eba\\u5458\\u56e0\\u516c\\u51fa\\u5dee\\u7684\\u5dee\\u65c5\\u8d39\"]', '2', '[\"\\u9500\\u552e\\u5546\\u54c1\\u6536\\u5230\\u7684\\u73b0\\u91d1\",\"\\u4ee3\\u6263\\u4ee3\\u7f34\\u7684\\u804c\\u5de5\\u4e2a\\u4eba\\u6240\\u5f97\\u7a0e\",\"\\u652f\\u4ed8\\u7684\\u884c\\u653f\\u4eba\\u5458\\u56e0\\u516c\\u51fa\\u5dee\\u7684\\u5dee\\u65c5\\u8d39\"]', '5', '0', '19', '1490261892', '0', '2');
INSERT INTO `ae_check` VALUES ('86', '下列关于我国企业利润表的表述正确的有（　）。', '[\"\\u5229\\u6da6\\u8868\\u5e94\\u6309\\u7167\\u591a\\u6b65\\u5f0f\\u8fdb\\u884c\\u5217\\u793a\",\"\\u5229\\u6da6\\u8868\\u5e94\\u6309\\u7167\\u8d26\\u6237\\u5f0f\\u8fdb\\u884c\\u5217\\u793a\",\"\\u5229\\u6da6\\u8868\\u53cd\\u6620\\u4f01\\u4e1a\\u5728\\u4e00\\u5b9a\\u4f1a\\u8ba1\\u671f\\u95f4\\u7684\\u7ecf\\u8425\\u6210\\u679c\",\"\\u5229\\u6da6\\u8868\\u53cd\\u6620\\u4f01\\u4e1a\\u5728\\u7279\\u5b9a\\u65f6\\u70b9\\u7684\\u7ecf\\u8425\\u6210\\u679c\"]', '2', '[\"\\u5229\\u6da6\\u8868\\u5e94\\u6309\\u7167\\u591a\\u6b65\\u5f0f\\u8fdb\\u884c\\u5217\\u793a\",\"\\u5229\\u6da6\\u8868\\u53cd\\u6620\\u4f01\\u4e1a\\u5728\\u4e00\\u5b9a\\u4f1a\\u8ba1\\u671f\\u95f4\\u7684\\u7ecf\\u8425\\u6210\\u679c\"]', '5', '0', '19', '1490261892', '0', '2');
INSERT INTO `ae_check` VALUES ('87', '下列各项中，应在资产负债表“应交税费”项目列示的有（　）。', '[\"\\u5e94\\u4ea4\\u672a\\u4ea4\\u7684\\u8425\\u4e1a\\u7a0e\",\"\\u5e94\\u4ea4\\u672a\\u4ea4\\u7684\\u6240\\u5f97\\u7a0e\",\"\\u5e94\\u4ea4\\u672a\\u4ea4\\u7684\\u589e\\u503c\\u7a0e\",\"\\u5e94\\u4ea4\\u672a\\u4ea4\\u7684\\u5370\\u82b1\\u7a0e\"]', '2', '[\"\\u5e94\\u4ea4\\u672a\\u4ea4\\u7684\\u8425\\u4e1a\\u7a0e\",\"\\u5e94\\u4ea4\\u672a\\u4ea4\\u7684\\u6240\\u5f97\\u7a0e\",\"\\u5e94\\u4ea4\\u672a\\u4ea4\\u7684\\u589e\\u503c\\u7a0e\"]', '5', '0', '19', '1490261892', '0', '2');
INSERT INTO `ae_check` VALUES ('88', '下列会计科目中，期末余额影响“无形资产”项目列示金额的有（　）。', '[\"\\u65e0\\u5f62\\u8d44\\u4ea7\",\"\\u65e0\\u5f62\\u8d44\\u4ea7\\u51cf\\u503c\\u51c6\\u5907\",\"\\u7d2f\\u8ba1\\u644a\\u9500\",\"\\u7814\\u53d1\\u652f\\u51fa\"]', '2', '[\"\\u65e0\\u5f62\\u8d44\\u4ea7\",\"\\u65e0\\u5f62\\u8d44\\u4ea7\\u51cf\\u503c\\u51c6\\u5907\",\"\\u7d2f\\u8ba1\\u644a\\u9500\"]', '5', '0', '19', '1490261892', '0', '2');
INSERT INTO `ae_check` VALUES ('89', '下列资产减值准备相关科目余额中，不在资产负债表上单独列示的有（　）。', '[\"\\u957f\\u671f\\u80a1\\u6743\\u6295\\u8d44\\u51cf\\u503c\\u51c6\\u5907\",\"\\u5b58\\u8d27\\u8dcc\\u4ef7\\u51c6\\u5907\",\"\\u574f\\u8d26\\u51c6\\u5907\",\"\\u56fa\\u5b9a\\u8d44\\u4ea7\\u51cf\\u503c\\u51c6\\u5907\"]', '2', '[\"\\u957f\\u671f\\u80a1\\u6743\\u6295\\u8d44\\u51cf\\u503c\\u51c6\\u5907\",\"\\u5b58\\u8d27\\u8dcc\\u4ef7\\u51c6\\u5907\",\"\\u574f\\u8d26\\u51c6\\u5907\",\"\\u56fa\\u5b9a\\u8d44\\u4ea7\\u51cf\\u503c\\u51c6\\u5907\"]', '5', '0', '19', '1490261892', '0', '2');
INSERT INTO `ae_check` VALUES ('90', '下列各项中，属于流动负债的有（　）。', '[\"\\u9884\\u6536\\u6b3e\\u9879\",\"\\u5176\\u4ed6\\u5e94\\u4ed8\\u6b3e\",\"\\u9884\\u4ed8\\u6b3e\\u9879\",\"\\u4e00\\u5e74\\u5185\\u5230\\u671f\\u7684\\u957f\\u671f\\u501f\\u6b3e\"]', '2', '[\"\\u9884\\u6536\\u6b3e\\u9879\",\"\\u5176\\u4ed6\\u5e94\\u4ed8\\u6b3e\",\"\\u4e00\\u5e74\\u5185\\u5230\\u671f\\u7684\\u957f\\u671f\\u501f\\u6b3e\"]', '5', '0', '19', '1490261892', '0', '2');
INSERT INTO `ae_check` VALUES ('91', '下列各项中，会使资产负债表中负债项目金额增加的有（　）。', '[\"\\u8ba1\\u63d0\\u574f\\u8d26\\u51c6\\u5907\",\"\\u8ba1\\u63d0\\u5b58\\u8d27\\u8dcc\\u4ef7\\u51c6\\u5907\",\"\\u8ba1\\u63d0\\u4e00\\u6b21\\u8fd8\\u672c\\u4ed8\\u606f\\u5e94\\u4ed8\\u503a\\u5238\\u7684\\u5229\\u606f\",\"\\u8ba1\\u63d0\\u5206\\u671f\\u4ed8\\u606f\\u957f\\u671f\\u501f\\u6b3e\\u5229\\u606f\"]', '2', '[\"\\u8ba1\\u63d0\\u4e00\\u6b21\\u8fd8\\u672c\\u4ed8\\u606f\\u5e94\\u4ed8\\u503a\\u5238\\u7684\\u5229\\u606f\",\"\\u8ba1\\u63d0\\u5206\\u671f\\u4ed8\\u606f\\u957f\\u671f\\u501f\\u6b3e\\u5229\\u606f\"]', '5', '0', '19', '1490261892', '0', '2');
INSERT INTO `ae_check` VALUES ('92', '下列交易或事项中，会引起现金流量表“投资活动产生的现金流量净额”发生变化的有（　）。', '[\"\\u5411\\u6295\\u8d44\\u8005\\u5206\\u914d\\u80a1\\u7968\\u80a1\\u5229\",\"\\u5411\\u6295\\u8d44\\u8005\\u6d3e\\u53d1\\u7684\\u73b0\\u91d1\\u80a1\\u5229\",\"\\u5904\\u7f6e\\u56fa\\u5b9a\\u8d44\\u4ea7\\u6536\\u5230\\u7684\\u51c0\\u73b0\\u91d1\\u6d41\\u5165\",\"\\u6536\\u5230\\u88ab\\u6295\\u8d44\\u5355\\u4f4d\\u5206\\u914d\\u7684\\u73b0\\u91d1\\u80a1\\u5229\"]', '2', '[\"\\u5904\\u7f6e\\u56fa\\u5b9a\\u8d44\\u4ea7\\u6536\\u5230\\u7684\\u51c0\\u73b0\\u91d1\\u6d41\\u5165\",\"\\u6536\\u5230\\u88ab\\u6295\\u8d44\\u5355\\u4f4d\\u5206\\u914d\\u7684\\u73b0\\u91d1\\u80a1\\u5229\"]', '5', '0', '19', '1490261892', '0', '2');
INSERT INTO `ae_check` VALUES ('93', '下列交易或事项中，会引起现金流量表“经营活动产生的现金流量净额”发生变化的有（　）。', '[\"\\u652f\\u4ed8\\u5e7f\\u544a\\u8d39\",\"\\u652f\\u4ed8\\u501f\\u6b3e\\u5229\\u606f\",\"\\u8d2d\\u5165\\u56fa\\u5b9a\\u8d44\\u4ea7\",\"\\u6536\\u5230\\u8fd4\\u8fd8\\u7684\\u7a0e\\u8d39\"]', '2', '[\"\\u652f\\u4ed8\\u5e7f\\u544a\\u8d39\",\"\\u6536\\u5230\\u8fd4\\u8fd8\\u7684\\u7a0e\\u8d39\"]', '5', '0', '19', '1490261892', '0', '2');
INSERT INTO `ae_check` VALUES ('94', '下列各项中，应计入其他综合收益的有（　）。', '[\"\\u53ef\\u4f9b\\u51fa\\u552e\\u91d1\\u878d\\u8d44\\u4ea7\\u7684\\u516c\\u5141\\u4ef7\\u503c\\u53d8\\u52a8\",\"\\u6309\\u6743\\u76ca\\u6cd5\\u6838\\u7b97\\u5728\\u88ab\\u6295\\u8d44\\u5355\\u4f4d\\u5176\\u4ed6\\u7efc\\u5408\\u6536\\u76ca\\u4e2d\\u6240\\u4eab\\u6709\\u7684\\u4efd\\u989d\",\"\\u4ea4\\u6613\\u6027\\u91d1\\u878d\\u8d44\\u4ea7\\u7684\\u516c\\u5141\\u4ef7\\u503c\\u53d8\\u52a8\",\"\\u6295\\u8d44\\u6027\\u623f\\u5730\\u4ea7\\u516c\\u5141\\u4ef7\\u503c\\u6a21\\u5f0f\\u4e0b\\u7684\\u4ef7\\u503c\\u53d8\\u52a8\"]', '2', '[\"\\u53ef\\u4f9b\\u51fa\\u552e\\u91d1\\u878d\\u8d44\\u4ea7\\u7684\\u516c\\u5141\\u4ef7\\u503c\\u53d8\\u52a8\",\"\\u6309\\u6743\\u76ca\\u6cd5\\u6838\\u7b97\\u5728\\u88ab\\u6295\\u8d44\\u5355\\u4f4d\\u5176\\u4ed6\\u7efc\\u5408\\u6536\\u76ca\\u4e2d\\u6240\\u4eab\\u6709\\u7684\\u4efd\\u989d\"]', '5', '0', '19', '1490261892', '0', '2');
INSERT INTO `ae_check` VALUES ('95', '下列各会计科目的期末余额，不应在资产负债表“未分配利润”项目列示的有（　）。', '[\"\\u5e94\\u4ed8\\u80a1\\u5229\",\"\\u76c8\\u4f59\\u516c\\u79ef\",\"\\u5229\\u6da6\\u5206\\u914d\",\"\\u672c\\u5e74\\u5229\\u6da6\"]', '2', '[\"\\u5e94\\u4ed8\\u80a1\\u5229\",\"\\u76c8\\u4f59\\u516c\\u79ef\"]', '5', '0', '19', '1490261892', '0', '2');
INSERT INTO `ae_check` VALUES ('96', '下列各项中，影响工业企业营业利润的有（　）。', '[\"\\u8ba1\\u63d0\\u7684\\u5de5\\u4f1a\\u7ecf\\u8d39\",\"\\u53d1\\u751f\\u7684\\u4e1a\\u52a1\\u62db\\u5f85\\u8d39\",\"\\u6536\\u5230\\u9000\\u56de\\u7684\\u6240\\u5f97\\u7a0e\",\"\\u5904\\u7f6e\\u6295\\u8d44\\u53d6\\u5f97\\u7684\\u51c0\\u6536\\u76ca\"]', '2', '[\"\\u8ba1\\u63d0\\u7684\\u5de5\\u4f1a\\u7ecf\\u8d39\",\"\\u53d1\\u751f\\u7684\\u4e1a\\u52a1\\u62db\\u5f85\\u8d39\",\"\\u5904\\u7f6e\\u6295\\u8d44\\u53d6\\u5f97\\u7684\\u51c0\\u6536\\u76ca\"]', '5', '0', '19', '1490261892', '0', '2');
INSERT INTO `ae_check` VALUES ('97', '下列项目中，会影响企业利润表中“营业利润”项目填列金额的有（　）。', '[\"\\u5bf9\\u5916\\u6295\\u8d44\\u53d6\\u5f97\\u7684\\u6295\\u8d44\\u6536\\u76ca\",\"\\u51fa\\u79df\\u65e0\\u5f62\\u8d44\\u4ea7\\u53d6\\u5f97\\u7684\\u79df\\u91d1\\u6536\\u5165\",\"\\u8ba1\\u63d0\\u56fa\\u5b9a\\u8d44\\u4ea7\\u51cf\\u503c\\u51c6\\u5907\",\"\\u7f34\\u7eb3\\u6240\\u5f97\\u7a0e\"]', '2', '[\"\\u5bf9\\u5916\\u6295\\u8d44\\u53d6\\u5f97\\u7684\\u6295\\u8d44\\u6536\\u76ca\",\"\\u51fa\\u79df\\u65e0\\u5f62\\u8d44\\u4ea7\\u53d6\\u5f97\\u7684\\u79df\\u91d1\\u6536\\u5165\",\"\\u8ba1\\u63d0\\u56fa\\u5b9a\\u8d44\\u4ea7\\u51cf\\u503c\\u51c6\\u5907\"]', '5', '0', '19', '1490261892', '0', '2');
INSERT INTO `ae_check` VALUES ('98', '编制资产负债表时，应根据总账科目和明细账科目余额分析计算填列的项目有（　）。', '[\"\\u5e94\\u4ed8\\u8d26\\u6b3e\",\"\\u957f\\u671f\\u501f\\u6b3e\",\"\\u957f\\u671f\\u80a1\\u6743\\u6295\\u8d44\",\"\\u957f\\u671f\\u5f85\\u644a\\u8d39\\u7528\"]', '2', '[\"\\u957f\\u671f\\u501f\\u6b3e\",\"\\u957f\\u671f\\u5f85\\u644a\\u8d39\\u7528\"]', '5', '0', '19', '1490261892', '0', '2');
INSERT INTO `ae_check` VALUES ('99', '下列账户中可能影响资产负债表“应收账款”项目金额的有（　）。', '[\"\\u5e94\\u6536\\u8d26\\u6b3e\",\"\\u9884\\u6536\\u8d26\\u6b3e\",\"\\u9884\\u4ed8\\u8d26\\u6b3e\",\"\\u574f\\u8d26\\u51c6\\u5907\"]', '2', '[\"\\u5e94\\u6536\\u8d26\\u6b3e\",\"\\u9884\\u6536\\u8d26\\u6b3e\",\"\\u574f\\u8d26\\u51c6\\u5907\"]', '5', '0', '19', '1490261892', '0', '2');
INSERT INTO `ae_check` VALUES ('100', '下列各项中，应在资产负债表“预收款项”项目列示的有（　）。', '[\"\\u201c\\u9884\\u6536\\u8d26\\u6b3e\\u201d\\u79d1\\u76ee\\u6240\\u5c5e\\u660e\\u7ec6\\u79d1\\u76ee\\u7684\\u8d37\\u65b9\\u4f59\\u989d\",\"\\u201c\\u5e94\\u6536\\u8d26\\u6b3e\\u201d\\u79d1\\u76ee\\u6240\\u5c5e\\u660e\\u7ec6\\u79d1\\u76ee\\u7684\\u8d37\\u65b9\\u4f59\\u989d\",\"\\u201c\\u5e94\\u4ed8\\u8d26\\u6b3e\\u201d\\u79d1\\u76ee\\u6240\\u5c5e\\u660e\\u7ec6\\u79d1\\u76ee\\u7684\\u501f\\u65b9\\u4f59\\u989d\",\"\\u201c\\u9884\\u6536\\u8d26\\u6b3e\\u201d\\u603b\\u8d26\\u79d1\\u76ee\\u8d37\\u65b9\\u4f59\\u989d\"]', '2', '[\"\\u201c\\u9884\\u6536\\u8d26\\u6b3e\\u201d\\u79d1\\u76ee\\u6240\\u5c5e\\u660e\\u7ec6\\u79d1\\u76ee\\u7684\\u8d37\\u65b9\\u4f59\\u989d\",\"\\u201c\\u5e94\\u6536\\u8d26\\u6b3e\\u201d\\u79d1\\u76ee\\u6240\\u5c5e\\u660e\\u7ec6\\u79d1\\u76ee\\u7684\\u8d37\\u65b9\\u4f59\\u989d\"]', '5', '0', '19', '1490261892', '0', '2');
INSERT INTO `ae_check` VALUES ('101', '财务报告使用者通常包括（　）。', '[\"\\u6295\\u8d44\\u8005\",\"\\u503a\\u6743\\u4eba\",\"\\u653f\\u5e9c\",\"\\u793e\\u4f1a\\u516c\\u4f17\"]', '2', '[\"\\u6295\\u8d44\\u8005\",\"\\u503a\\u6743\\u4eba\",\"\\u653f\\u5e9c\",\"\\u793e\\u4f1a\\u516c\\u4f17\"]', '5', '0', '19', '1490261892', '0', '2');
INSERT INTO `ae_check` VALUES ('102', '制造费用的分配，通常采用的方法有（　）。', '[\"\\u7ea6\\u5f53\\u4ea7\\u91cf\\u6bd4\\u4f8b\\u6cd5\",\"\\u751f\\u4ea7\\u5de5\\u4eba\\u5de5\\u8d44\\u6bd4\\u4f8b\\u6cd5\",\"\\u673a\\u5668\\u5de5\\u65f6\\u6bd4\\u4f8b\\u6cd5\",\"\\u751f\\u4ea7\\u5de5\\u4eba\\u5de5\\u65f6\\u6bd4\\u4f8b\\u6cd5\"]', '2', '[\"\\u751f\\u4ea7\\u5de5\\u4eba\\u5de5\\u8d44\\u6bd4\\u4f8b\\u6cd5\",\"\\u673a\\u5668\\u5de5\\u65f6\\u6bd4\\u4f8b\\u6cd5\",\"\\u751f\\u4ea7\\u5de5\\u4eba\\u5de5\\u65f6\\u6bd4\\u4f8b\\u6cd5\"]', '5', '0', '20', '1490319967', '0', '2');
INSERT INTO `ae_check` VALUES ('103', '采用定额比例法分配完工产品和月末在产品费用，应具备的条件有（　）。', '[\"\\u5404\\u6708\\u672b\\u5728\\u4ea7\\u54c1\\u6570\\u91cf\\u53d8\\u5316\\u8f83\\u5927\",\"\\u5404\\u6708\\u672b\\u5728\\u4ea7\\u54c1\\u6570\\u91cf\\u53d8\\u5316\\u4e0d\\u5927\",\"\\u6d88\\u8017\\u5b9a\\u989d\\u6216\\u6210\\u672c\\u5b9a\\u989d\\u6bd4\\u8f83\\u7a33\\u5b9a\",\"\\u6d88\\u8017\\u5b9a\\u989d\\u6216\\u6210\\u672c\\u5b9a\\u989d\\u6ce2\\u52a8\\u8f83\\u5927\"]', '2', '[\"\\u5404\\u6708\\u672b\\u5728\\u4ea7\\u54c1\\u6570\\u91cf\\u53d8\\u5316\\u8f83\\u5927\",\"\\u6d88\\u8017\\u5b9a\\u989d\\u6216\\u6210\\u672c\\u5b9a\\u989d\\u6bd4\\u8f83\\u7a33\\u5b9a\"]', '5', '0', '20', '1490319967', '0', '2');
INSERT INTO `ae_check` VALUES ('104', '如果企业月末在产品数量较大，各月末在产品数量变化也较大，产品成本中原材料费用和工资等其他费用所占比重相差不大，该企业各项消耗定额资料不健全。月末在产品和完工产品之间分配生产费用时，不适宜采用的方法有（　）。', '[\"\\u5b9a\\u989d\\u6bd4\\u4f8b\\u6cd5\",\"\\u7ea6\\u5f53\\u4ea7\\u91cf\\u6bd4\\u4f8b\\u6cd5\",\"\\u5728\\u4ea7\\u54c1\\u6309\\u56fa\\u5b9a\\u6210\\u672c\\u8ba1\\u7b97\\u6cd5\",\"\\u5728\\u4ea7\\u54c1\\u6309\\u6240\\u8017\\u76f4\\u63a5\\u6750\\u6599\\u6210\\u672c\\u8ba1\\u4ef7\\u6cd5\"]', '2', '[\"\\u5b9a\\u989d\\u6bd4\\u4f8b\\u6cd5\",\"\\u5728\\u4ea7\\u54c1\\u6309\\u56fa\\u5b9a\\u6210\\u672c\\u8ba1\\u7b97\\u6cd5\",\"\\u5728\\u4ea7\\u54c1\\u6309\\u6240\\u8017\\u76f4\\u63a5\\u6750\\u6599\\u6210\\u672c\\u8ba1\\u4ef7\\u6cd5\"]', '5', '0', '20', '1490319967', '0', '2');
INSERT INTO `ae_check` VALUES ('105', '采用在产品按固定成本计算法时应具备的条件有（　）。', '[\"\\u6708\\u672b\\u5728\\u4ea7\\u54c1\\u6570\\u91cf\\u591a\\uff0c\\u4f46\\u5404\\u6708\\u53d8\\u5316\\u4e0d\\u5927\",\"\\u6708\\u672b\\u5728\\u4ea7\\u54c1\\u6570\\u91cf\\u591a\\u4e14\\u5404\\u6708\\u53d8\\u5316\\u8f83\\u5927\",\"\\u6708\\u672b\\u5728\\u4ea7\\u54c1\\u6570\\u91cf\\u5f88\\u5c0f\",\"\\u6708\\u521d\\u3001\\u6708\\u672b\\u5728\\u4ea7\\u54c1\\u6570\\u91cf\\u53d8\\u5316\\u4e0d\\u5927\"]', '2', '[\"\\u6708\\u672b\\u5728\\u4ea7\\u54c1\\u6570\\u91cf\\u591a\\uff0c\\u4f46\\u5404\\u6708\\u53d8\\u5316\\u4e0d\\u5927\",\"\\u6708\\u672b\\u5728\\u4ea7\\u54c1\\u6570\\u91cf\\u5f88\\u5c0f\"]', '5', '0', '20', '1490319967', '0', '2');
INSERT INTO `ae_check` VALUES ('106', '联产品的联合成本在分离点后，可按一定分配方法在各联产品之间进行分配，分配方法包括（　）。', '[\"\\u76f8\\u5bf9\\u9500\\u552e\\u4ef7\\u683c\\u5206\\u914d\\u6cd5\",\"\\u5b9e\\u7269\\u6570\\u91cf\\u6cd5\",\"\\u5b9a\\u989d\\u6bd4\\u4f8b\\u6cd5\",\"\\u7ea6\\u5f53\\u4ea7\\u91cf\\u6bd4\\u4f8b\\u6cd5\"]', '2', '[\"\\u76f8\\u5bf9\\u9500\\u552e\\u4ef7\\u683c\\u5206\\u914d\\u6cd5\",\"\\u5b9e\\u7269\\u6570\\u91cf\\u6cd5\"]', '5', '0', '20', '1490319967', '0', '2');
INSERT INTO `ae_check` VALUES ('107', '下列关于计划成本分配法的表述中，正确的有（　）。', '[\"\\u76f4\\u63a5\\u5c06\\u8f85\\u52a9\\u751f\\u4ea7\\u8f66\\u95f4\\u53d1\\u751f\\u7684\\u8d39\\u7528\\u5206\\u914d\\u7ed9\\u8f85\\u52a9\\u751f\\u4ea7\\u8f66\\u95f4\\u4ee5\\u5916\\u7684\\u5404\\u4e2a\\u53d7\\u76ca\\u5355\\u4f4d\\u6216\\u4ea7\\u54c1\",\"\\u5404\\u53d7\\u76ca\\u5355\\u4f4d\\u8017\\u7528\\u7684\\u4ea7\\u54c1\\u6210\\u672c\\u6216\\u52b3\\u52a1\\u6210\\u672c\\uff0c\\u6309\\u4ea7\\u54c1\\u6216\\u52b3\\u52a1\\u7684\\u8ba1\\u5212\\u5355\\u4f4d\\u6210\\u672c\\u4e58\\u4ee5\\u8017\\u7528\\u91cf\\u8fdb\\u884c\\u8ba1\\u7b97\",\"\\u6210\\u672c\\u5206\\u914d\\u4e0d\\u591f\\u51c6\\u786e\\uff0c\\u9002\\u7528\\u4e8e\\u8f85\\u52a9\\u751f\\u4ea7\\u52b3\\u52a1\\u8ba1\\u5212\\u5355\\u4f4d\\u6210\\u672c\\u6bd4\\u8f83\\u51c6\\u786e\\u7684\\u4f01\\u4e1a\",\"\\u5b9e\\u9645\\u53d1\\u751f\\u7684\\u8d39\\u7528\\uff08\\u5305\\u62ec\\u8f85\\u52a9\\u751f\\u4ea7\\u5185\\u90e8\\u4ea4\\u4e92\\u5206\\u914d\\u8f6c\\u5165\\u7684\\u8d39\\u7528\\uff09\\u4e0e\\u6309\\u8ba1\\u5212\\u5355\\u4f4d\\u6210\\u672c\\u5206\\u914d\\u8f6c\\u51fa\\u7684\\u8d39\\u7528\\u4e4b\\u95f4\\u7684\\u5dee\\u989d\\u7b80\\u5316\\u5904\\u7406\\u8ba1\\u5165\\u7ba1\\u7406\\u8d39\\u7528\"]', '2', '[\"\\u5404\\u53d7\\u76ca\\u5355\\u4f4d\\u8017\\u7528\\u7684\\u4ea7\\u54c1\\u6210\\u672c\\u6216\\u52b3\\u52a1\\u6210\\u672c\\uff0c\\u6309\\u4ea7\\u54c1\\u6216\\u52b3\\u52a1\\u7684\\u8ba1\\u5212\\u5355\\u4f4d\\u6210\\u672c\\u4e58\\u4ee5\\u8017\\u7528\\u91cf\\u8fdb\\u884c\\u8ba1\\u7b97\",\"\\u6210\\u672c\\u5206\\u914d\\u4e0d\\u591f\\u51c6\\u786e\\uff0c\\u9002\\u7528\\u4e8e\\u8f85\\u52a9\\u751f\\u4ea7\\u52b3\\u52a1\\u8ba1\\u5212\\u5355\\u4f4d\\u6210\\u672c\\u6bd4\\u8f83\\u51c6\\u786e\\u7684\\u4f01\\u4e1a\",\"\\u5b9e\\u9645\\u53d1\\u751f\\u7684\\u8d39\\u7528\\uff08\\u5305\\u62ec\\u8f85', '5', '0', '20', '1490319967', '0', '2');
INSERT INTO `ae_check` VALUES ('108', '下列各项中，属于废品损失核算的有（　）。', '[\"\\u5165\\u5e93\\u540e\\u53d1\\u73b0\\u7684\\u4e0d\\u53ef\\u4fee\\u590d\\u5e9f\\u54c1\\u7684\\u751f\\u4ea7\\u6210\\u672c\",\"\\u4e0d\\u9700\\u8981\\u8fd4\\u4fee\\u3001\\u53ef\\u4ee5\\u964d\\u4ef7\\u51fa\\u552e\\u7684\\u4e0d\\u5408\\u683c\\u54c1\",\"\\u4ea7\\u54c1\\u5165\\u5e93\\u540e\\u7531\\u4e8e\\u4fdd\\u7ba1\\u4e0d\\u5584\\u800c\\u635f\\u574f\\u53d8\\u8d28\\u7684\\u4ea7\\u54c1\",\"\\u53ef\\u4fee\\u590d\\u5e9f\\u54c1\\u7684\\u4fee\\u590d\\u8d39\\u7528\"]', '2', '[\"\\u5165\\u5e93\\u540e\\u53d1\\u73b0\\u7684\\u4e0d\\u53ef\\u4fee\\u590d\\u5e9f\\u54c1\\u7684\\u751f\\u4ea7\\u6210\\u672c\",\"\\u53ef\\u4fee\\u590d\\u5e9f\\u54c1\\u7684\\u4fee\\u590d\\u8d39\\u7528\"]', '5', '0', '20', '1490319967', '0', '2');
INSERT INTO `ae_check` VALUES ('109', '下列属于成本项目“直接材料”的内容的有（　）。', '[\"\\u5907\\u54c1\\u914d\\u4ef6\",\"\\u673a\\u7269\\u6599\\u6d88\\u8017\",\"\\u5916\\u8d2d\\u534a\\u6210\\u54c1\",\"\\u529e\\u516c\\u8d39\"]', '2', '[\"\\u5907\\u54c1\\u914d\\u4ef6\",\"\\u5916\\u8d2d\\u534a\\u6210\\u54c1\"]', '5', '0', '20', '1490319967', '0', '2');
INSERT INTO `ae_check` VALUES ('110', '下列各项费用中，不应计入产品生产成本的有（　）。', '[\"\\u9500\\u552e\\u8d39\\u7528\",\"\\u7ba1\\u7406\\u8d39\\u7528\",\"\\u8d22\\u52a1\\u8d39\\u7528\",\"\\u5236\\u9020\\u8d39\\u7528\"]', '2', '[\"\\u9500\\u552e\\u8d39\\u7528\",\"\\u7ba1\\u7406\\u8d39\\u7528\",\"\\u8d22\\u52a1\\u8d39\\u7528\"]', '5', '0', '20', '1490319967', '0', '2');
INSERT INTO `ae_check` VALUES ('111', '下列有关辅助生产费用分配的说法中，正确的有（　）。', '[\"\\u91c7\\u7528\\u76f4\\u63a5\\u5206\\u914d\\u6cd5\\u5206\\u914d\\u8f85\\u52a9\\u751f\\u4ea7\\u8d39\\u7528\\uff0c\\u8ba1\\u7b97\\u7b80\\u5355\\uff0c\\u4f46\\u7ed3\\u679c\\u4e0d\\u591f\\u51c6\\u786e\",\"\\u8f85\\u52a9\\u751f\\u4ea7\\u8d39\\u7528\\u6309\\u8ba1\\u5212\\u6210\\u672c\\u5206\\u914d\\u7684\\u65b9\\u6cd5\\u9002\\u7528\\u4e8e\\u8f85\\u52a9\\u751f\\u4ea7\\u52b3\\u52a1\\u8ba1\\u5212\\u5355\\u4f4d\\u6210\\u672c\\u6bd4\\u8f83\\u51c6\\u786e\\u7684\\u4f01\\u4e1a\",\"\\u987a\\u5e8f\\u5206\\u914d\\u6cd5\\u7684\\u5206\\u914d\\u987a\\u5e8f\\u662f\\u53d7\\u76ca\\u591a\\u7684\\u5148\\u5206\\u914d\\uff0c\\u53d7\\u76ca\\u5c11\\u7684\\u540e\\u5206\\u914d\",\"\\u4ee3\\u6570\\u5206\\u914d\\u6cd5\\u662f\\u5206\\u914d\\u7ed3\\u679c\\u6700\\u6b63\\u786e\\u7684\\u4e00\\u79cd\\u65b9\\u6cd5\"]', '2', '[\"\\u91c7\\u7528\\u76f4\\u63a5\\u5206\\u914d\\u6cd5\\u5206\\u914d\\u8f85\\u52a9\\u751f\\u4ea7\\u8d39\\u7528\\uff0c\\u8ba1\\u7b97\\u7b80\\u5355\\uff0c\\u4f46\\u7ed3\\u679c\\u4e0d\\u591f\\u51c6\\u786e\",\"\\u8f85\\u52a9\\u751f\\u4ea7\\u8d39\\u7528\\u6309\\u8ba1\\u5212\\u6210\\u672c\\u5206\\u914d\\u7684\\u65b9\\u6cd5\\u9002\\u7528\\u4e8e\\u8f85\\u52a9\\u751f\\u4ea7\\u52b3\\u52a1\\u8ba1\\u5212\\u5355\\u4f4d\\u6210\\u672c\\u6bd4\\u8f83\\u51c6\\u786e\\u7684\\u4f01\\u4e1a\",\"\\u4ee3\\u6570\\u5206\\u914d\\u6cd5\\u662f\\u5206\\u914d\\u7ed3\\u679c\\u6700\\u6b63\\u786e\\u7684\\u4e00\\u79cd', '5', '0', '20', '1490319967', '0', '2');
INSERT INTO `ae_check` VALUES ('112', '下列关于采用代数分配法分配辅助生产费用的表述中，正确的有（　）。', '[\"\\u80fd\\u591f\\u7b80\\u5316\\u8d39\\u7528\\u7684\\u5206\\u914d\\u8ba1\\u7b97\\u5de5\\u4f5c\",\"\\u80fd\\u591f\\u63d0\\u4f9b\\u6b63\\u786e\\u7684\\u5206\\u914d\\u8ba1\\u7b97\\u7ed3\\u679c\",\"\\u9002\\u7528\\u4ea7\\u54c1\\u6570\\u91cf\\u8f83\\u5c0f\",\"\\u9002\\u7528\\u4e8e\\u5b9e\\u73b0\\u7535\\u7b97\\u5316\\u7684\\u4f01\\u4e1a\"]', '2', '[\"\\u80fd\\u591f\\u63d0\\u4f9b\\u6b63\\u786e\\u7684\\u5206\\u914d\\u8ba1\\u7b97\\u7ed3\\u679c\",\"\\u9002\\u7528\\u4e8e\\u5b9e\\u73b0\\u7535\\u7b97\\u5316\\u7684\\u4f01\\u4e1a\"]', '5', '0', '20', '1490319967', '0', '2');
INSERT INTO `ae_check` VALUES ('113', '下列关于成本计算分步法的表述中，正确的有（　）。', '[\"\\u5e73\\u884c\\u7ed3\\u8f6c\\u5206\\u6b65\\u6cd5\\u4e0b\\u80fd\\u63d0\\u4f9b\\u5404\\u4e2a\\u6b65\\u9aa4\\u534a\\u6210\\u54c1\\u7684\\u6210\\u672c\\u8d44\\u6599\",\"\\u5e73\\u884c\\u7ed3\\u8f6c\\u5206\\u6b65\\u6cd5\\u4e0b\\u80fd\\u76f4\\u63a5\\u63d0\\u4f9b\\u6309\\u539f\\u59cb\\u6210\\u672c\\u9879\\u76ee\\u53cd\\u6620\\u7684\\u4ea7\\u6210\\u54c1\\u6210\\u672c\\u8d44\\u6599\",\"\\u9010\\u6b65\\u7ed3\\u8f6c\\u5206\\u6b65\\u6cd5\\u4e0b\\u4e0d\\u80fd\\u63d0\\u4f9b\\u5404\\u4e2a\\u6b65\\u9aa4\\u534a\\u6210\\u54c1\\u7684\\u6210\\u672c\\u8d44\\u6599\",\"\\u9010\\u6b65\\u7ed3\\u8f6c\\u5206\\u6b65\\u6cd5\\u4e0b\\u5404\\u6b65\\u9aa4\\u7684\\u4ea7\\u54c1\\u751f\\u4ea7\\u6210\\u672c\\u968f\\u7740\\u534a\\u6210\\u54c1\\u5b9e\\u7269\\u7684\\u8f6c\\u79fb\\u800c\\u7ed3\\u8f6c\"]', '2', '[\"\\u5e73\\u884c\\u7ed3\\u8f6c\\u5206\\u6b65\\u6cd5\\u4e0b\\u80fd\\u76f4\\u63a5\\u63d0\\u4f9b\\u6309\\u539f\\u59cb\\u6210\\u672c\\u9879\\u76ee\\u53cd\\u6620\\u7684\\u4ea7\\u6210\\u54c1\\u6210\\u672c\\u8d44\\u6599\",\"\\u9010\\u6b65\\u7ed3\\u8f6c\\u5206\\u6b65\\u6cd5\\u4e0b\\u5404\\u6b65\\u9aa4\\u7684\\u4ea7\\u54c1\\u751f\\u4ea7\\u6210\\u672c\\u968f\\u7740\\u534a\\u6210\\u54c1\\u5b9e\\u7269\\u7684\\u8f6c\\u79fb\\u800c\\u7ed3\\u8f6c\"]', '5', '0', '21', '1490325148', '0', '2');
INSERT INTO `ae_check` VALUES ('114', '下列各项中，关于可比产品成本降低额和降低率的表述正确的有（　）。', '[\"\\u53ef\\u6bd4\\u4ea7\\u54c1\\u6210\\u672c\\u964d\\u4f4e\\u989d\\uff1d\\u53ef\\u6bd4\\u4ea7\\u54c1\\u6309\\u4e0a\\u5e74\\u8ba1\\u5212\\u5e73\\u5747\\u5355\\u4f4d\\u6210\\u672c\\u8ba1\\u7b97\\u7684\\u672c\\u5e74\\u7d2f\\u8ba1\\u603b\\u6210\\u672c\\uff0d\\u672c\\u5e74\\u7d2f\\u8ba1\\u5b9e\\u9645\\u603b\\u6210\\u672c\",\"\\u53ef\\u6bd4\\u4ea7\\u54c1\\u6210\\u672c\\u964d\\u4f4e\\u7387\\uff1d\\u53ef\\u6bd4\\u4ea7\\u54c1\\u6210\\u672c\\u964d\\u4f4e\\u989d\\u00f7\\u53ef\\u6bd4\\u4ea7\\u54c1\\u6309\\u4e0a\\u5e74\\u8ba1\\u5212\\u5e73\\u5747\\u5355\\u4f4d\\u6210\\u672c\\u8ba1\\u7b97\\u7684\\u672c\\u5e74\\u7d2f\\u8ba1\\u603b\\u6210\\u672c\\u00d7100\\uff05\",\"\\u53ef\\u6bd4\\u4ea7\\u54c1\\u6210\\u672c\\u964d\\u4f4e\\u989d\\uff1d\\u53ef\\u6bd4\\u4ea7\\u54c1\\u6309\\u4e0a\\u5e74\\u5b9e\\u9645\\u5e73\\u5747\\u5355\\u4f4d\\u6210\\u672c\\u8ba1\\u7b97\\u7684\\u672c\\u5e74\\u7d2f\\u8ba1\\u603b\\u6210\\u672c\\uff0d\\u672c\\u5e74\\u7d2f\\u8ba1\\u5b9e\\u9645\\u603b\\u6210\\u672c\",\"\\u53ef\\u6bd4\\u4ea7\\u54c1\\u6210\\u672c\\u964d\\u4f4e\\u7387\\uff1d\\u53ef\\u6bd4\\u4ea7\\u54c1\\u6210\\u672c\\u964d\\u4f4e\\u989d\\u00f7\\u53ef\\u6bd4\\u4ea7\\u54c1\\u6309\\u4e0a\\u5e74\\u5b9e\\u9645\\u5e73\\u5747\\u5355\\u4f4d\\u6210\\u672c\\u8ba1\\u7b97\\u7684\\u672c\\u5e74\\u7d2f\\u8ba1\\u603b\\u6210\\u672c\\u00d7100\\uff05\"]', '2', '[\"\\u53ef\\u6bd4\\u4ea7\\u54c1\\u6210\\u672c\\u964d\\u4f4e\\u989d\\uff1d\\u53ef\\u6bd4\\u4ea7\\u54c1\\u6309\\u4e0a\\u5e74\\u5b9e\\u9645\\u5e73\\u5747\\u5355\\u4f4d\\u6210\\u672c\\u8ba1\\u7b97\\u7684\\u672c\\u5e74\\u7d2f\\u8ba1\\u603b\\u6210\\u672c\\uff0d\\u672c\\u5e74\\u7d2f\\u8ba1\\u5b9e\\u9645\\u603b\\u6210\\u672c\",\"\\u53ef\\u6bd4\\u4ea7\\u54c1\\u6210\\u672c\\u964d\\u4f4e\\u7387\\uff1d\\u53ef\\u6bd4\\u4ea7\\u54c1\\u6210\\u672c\\u964d\\u4f4e\\u989d\\u00f7\\u53ef\\u6bd4\\u4ea7\\u54c1\\u6309\\u4e0a\\u5e74\\u5b9e\\u9645\\u5e73\\u5747\\u5355\\u4f4d\\u6210\\u672c\\u8ba1\\u7b97\\u7', '5', '0', '21', '1490325148', '0', '2');
INSERT INTO `ae_check` VALUES ('115', '影响可比产品成本降低率变动同时也影响可比产品成本降低额变动的因素有（　）。', '[\"\\u4ea7\\u54c1\\u54c1\\u79cd\\u6bd4\\u91cd\\u53d8\\u52a8\",\"\\u4ea7\\u54c1\\u5355\\u4f4d\\u6210\\u672c\\u53d8\\u52a8\",\"\\u4ea7\\u54c1\\u8ba1\\u5212\\u5355\\u4f4d\\u6210\\u672c\\u53d8\\u52a8\",\"\\u4ea7\\u54c1\\u4ea7\\u91cf\\u53d8\\u52a8\"]', '2', '[\"\\u4ea7\\u54c1\\u54c1\\u79cd\\u6bd4\\u91cd\\u53d8\\u52a8\",\"\\u4ea7\\u54c1\\u5355\\u4f4d\\u6210\\u672c\\u53d8\\u52a8\"]', '5', '0', '21', '1490325148', '0', '2');
INSERT INTO `ae_check` VALUES ('116', '企业产品成本计算的基本方法包括（　）。', '[\"\\u54c1\\u79cd\\u6cd5\",\"\\u5206\\u6279\\u6cd5\",\"\\u5b9a\\u989d\\u6cd5\",\"\\u5206\\u7c7b\\u6cd5\"]', '2', '[\"\\u54c1\\u79cd\\u6cd5\",\"\\u5206\\u6279\\u6cd5\"]', '5', '0', '21', '1490325148', '0', '2');
INSERT INTO `ae_check` VALUES ('117', '下列适合用品种法核算的企业有（　）。', '[\"\\u53d1\\u7535\\u4f01\\u4e1a\",\"\\u4f9b\\u6c34\\u4f01\\u4e1a\",\"\\u9020\\u8239\\u4f01\\u4e1a\",\"\\u91c7\\u6398\\u4f01\\u4e1a\"]', '2', '[\"\\u53d1\\u7535\\u4f01\\u4e1a\",\"\\u4f9b\\u6c34\\u4f01\\u4e1a\",\"\\u91c7\\u6398\\u4f01\\u4e1a\"]', '5', '0', '21', '1490325148', '0', '2');
INSERT INTO `ae_check` VALUES ('118', '下列企业类型中，可以采用分批法进行成本核算的有（　）。', '[\"\\u9020\\u8239\\u4f01\\u4e1a\",\"\\u91cd\\u578b\\u673a\\u5668\\u5236\\u9020\\u4f01\\u4e1a\",\"\\u91c7\\u6398\\u4f01\\u4e1a\",\"\\u7cbe\\u5bc6\\u4eea\\u5668\\u5236\\u9020\\u4f01\\u4e1a\"]', '2', '[\"\\u9020\\u8239\\u4f01\\u4e1a\",\"\\u91cd\\u578b\\u673a\\u5668\\u5236\\u9020\\u4f01\\u4e1a\",\"\\u7cbe\\u5bc6\\u4eea\\u5668\\u5236\\u9020\\u4f01\\u4e1a\"]', '5', '0', '21', '1490325148', '0', '2');
INSERT INTO `ae_check` VALUES ('119', '下列说法正确的有（　）。', '[\"\\u6210\\u672c\\u5229\\u6da6\\u7387\\u8d8a\\u9ad8\\uff0c\\u8868\\u660e\\u4f01\\u4e1a\\u7684\\u7ecf\\u6d4e\\u6548\\u76ca\\u8d8a\\u597d\",\"\\u4ea7\\u503c\\u6210\\u672c\\u7387\\u8d8a\\u9ad8\\uff0c\\u8868\\u660e\\u4f01\\u4e1a\\u7684\\u7ecf\\u6d4e\\u6548\\u76ca\\u8d8a\\u597d\",\"\\u8425\\u4e1a\\u6536\\u5165\\u6210\\u672c\\u7387\\u8d8a\\u9ad8\\uff0c\\u8868\\u660e\\u4f01\\u4e1a\\u7ecf\\u6d4e\\u6548\\u76ca\\u8d8a\\u5dee\",\"\\u5bf9\\u6bd4\\u5206\\u6790\\u6cd5\\u53ea\\u9002\\u7528\\u4e8e\\u540c\\u8d28\\u6307\\u6807\\u7684\\u6570\\u91cf\\u5bf9\\u6bd4\"]', '2', '[\"\\u6210\\u672c\\u5229\\u6da6\\u7387\\u8d8a\\u9ad8\\uff0c\\u8868\\u660e\\u4f01\\u4e1a\\u7684\\u7ecf\\u6d4e\\u6548\\u76ca\\u8d8a\\u597d\",\"\\u8425\\u4e1a\\u6536\\u5165\\u6210\\u672c\\u7387\\u8d8a\\u9ad8\\uff0c\\u8868\\u660e\\u4f01\\u4e1a\\u7ecf\\u6d4e\\u6548\\u76ca\\u8d8a\\u5dee\",\"\\u5bf9\\u6bd4\\u5206\\u6790\\u6cd5\\u53ea\\u9002\\u7528\\u4e8e\\u540c\\u8d28\\u6307\\u6807\\u7684\\u6570\\u91cf\\u5bf9\\u6bd4\"]', '5', '0', '21', '1490325148', '0', '2');
INSERT INTO `ae_check` VALUES ('120', '下列有关成本分析方法的表述中，正确的有（　）。', '[\"\\u5728\\u91c7\\u7528\\u5bf9\\u6bd4\\u5206\\u6790\\u6cd5\\u65f6\\uff0c\\u5e94\\u5f53\\u6ce8\\u610f\\u76f8\\u6bd4\\u6307\\u6807\\u7684\\u53ef\\u6bd4\\u6027\",\"\\u4ea7\\u503c\\u6210\\u672c\\u7387\\u8d8a\\u9ad8\\uff0c\\u8868\\u660e\\u4f01\\u4e1a\\u7ecf\\u6d4e\\u6548\\u76ca\\u8d8a\\u597d\",\"\\u8425\\u4e1a\\u6536\\u5165\\u6210\\u672c\\u7387\\u8d8a\\u9ad8\\uff0c\\u8868\\u660e\\u4f01\\u4e1a\\u7ecf\\u6d4e\\u6548\\u76ca\\u8d8a\\u5dee\",\"\\u6210\\u672c\\u5229\\u6da6\\u7387\\u8d8a\\u9ad8\\uff0c\\u8868\\u660e\\u4f01\\u4e1a\\u7ecf\\u6d4e\\u6548\\u76ca\\u8d8a\\u597d\"]', '2', '[\"\\u5728\\u91c7\\u7528\\u5bf9\\u6bd4\\u5206\\u6790\\u6cd5\\u65f6\\uff0c\\u5e94\\u5f53\\u6ce8\\u610f\\u76f8\\u6bd4\\u6307\\u6807\\u7684\\u53ef\\u6bd4\\u6027\",\"\\u8425\\u4e1a\\u6536\\u5165\\u6210\\u672c\\u7387\\u8d8a\\u9ad8\\uff0c\\u8868\\u660e\\u4f01\\u4e1a\\u7ecf\\u6d4e\\u6548\\u76ca\\u8d8a\\u5dee\",\"\\u6210\\u672c\\u5229\\u6da6\\u7387\\u8d8a\\u9ad8\\uff0c\\u8868\\u660e\\u4f01\\u4e1a\\u7ecf\\u6d4e\\u6548\\u76ca\\u8d8a\\u597d\"]', '5', '0', '21', '1490325148', '0', '2');
INSERT INTO `ae_check` VALUES ('121', '下列各项中，属于成本差异中数量差异的有（　）。', '[\"\\u6750\\u6599\\u6d88\\u8017\\u91cf\\u53d8\\u52a8\\u7684\\u5f71\\u54cd\",\"\\u6750\\u6599\\u4ef7\\u683c\\u53d8\\u52a8\\u7684\\u5f71\\u54cd\",\"\\u5355\\u4f4d\\u4ea7\\u54c1\\u6240\\u8017\\u5de5\\u65f6\\u53d8\\u52a8\\u7684\\u5f71\\u54cd\",\"\\u6bcf\\u5c0f\\u65f6\\u5de5\\u8d44\\u6210\\u672c\\u53d8\\u52a8\\u7684\\u5f71\\u54cd\"]', '2', '[\"\\u6750\\u6599\\u6d88\\u8017\\u91cf\\u53d8\\u52a8\\u7684\\u5f71\\u54cd\",\"\\u5355\\u4f4d\\u4ea7\\u54c1\\u6240\\u8017\\u5de5\\u65f6\\u53d8\\u52a8\\u7684\\u5f71\\u54cd\"]', '5', '0', '21', '1490325148', '0', '2');
INSERT INTO `ae_check` VALUES ('122', '下列关于产品成本计算方法综合运用的表述中，正确的有（　）。', '[\"\\u540c\\u4e00\\u4f01\\u4e1a\\u4e0d\\u540c\\u8f66\\u95f4\\u53ef\\u4ee5\\u540c\\u65f6\\u91c7\\u7528\\u4e0d\\u540c\\u7684\\u6210\\u672c\\u8ba1\\u7b97\\u65b9\\u6cd5\",\"\\u540c\\u4e00\\u8f66\\u95f4\\u751f\\u4ea7\\u7684\\u4e0d\\u540c\\u4ea7\\u54c1\\u5fc5\\u987b\\u91c7\\u7528\\u76f8\\u540c\\u7684\\u6210\\u672c\\u8ba1\\u7b97\\u65b9\\u6cd5\",\"\\u540c\\u4e00\\u4f01\\u4e1a\\u53ea\\u80fd\\u91c7\\u7528\\u4e00\\u79cd\\u6210\\u672c\\u8ba1\\u7b97\\u65b9\\u6cd5\",\"\\u540c\\u4e00\\u4ea7\\u54c1\\u4e0d\\u540c\\u6b65\\u9aa4\\u3001\\u4e0d\\u540c\\u7684\\u534a\\u6210\\u54c1\\u3001\\u4e0d\\u540c\\u7684\\u6210\\u672c\\u9879\\u76ee\\u53ef\\u4ee5\\u7ed3\\u5408\\u91c7\\u7528\\u4e0d\\u540c\\u7684\\u6210\\u672c\\u8ba1\\u7b97\\u65b9\\u6cd5\"]', '2', '[\"\\u540c\\u4e00\\u4f01\\u4e1a\\u4e0d\\u540c\\u8f66\\u95f4\\u53ef\\u4ee5\\u540c\\u65f6\\u91c7\\u7528\\u4e0d\\u540c\\u7684\\u6210\\u672c\\u8ba1\\u7b97\\u65b9\\u6cd5\",\"\\u540c\\u4e00\\u4ea7\\u54c1\\u4e0d\\u540c\\u6b65\\u9aa4\\u3001\\u4e0d\\u540c\\u7684\\u534a\\u6210\\u54c1\\u3001\\u4e0d\\u540c\\u7684\\u6210\\u672c\\u9879\\u76ee\\u53ef\\u4ee5\\u7ed3\\u5408\\u91c7\\u7528\\u4e0d\\u540c\\u7684\\u6210\\u672c\\u8ba1\\u7b97\\u65b9\\u6cd5\"]', '5', '0', '21', '1490325148', '0', '2');
INSERT INTO `ae_check` VALUES ('123', '下列各项中，属于仲裁基本原则的有（　　）。', '[\"\\u81ea\\u613f\\u539f\\u5219\",\"\\u4f9d\\u636e\\u4e8b\\u5b9e\\u548c\\u6cd5\\u5f8b\\uff0c\\u516c\\u5e73\\u5408\\u7406\\u5730\\u89e3\\u51b3\\u7ea0\\u7eb7\\u7684\\u539f\\u5219\",\"\\u72ec\\u7acb\\u4ef2\\u88c1\\u539f\\u5219\",\"\\u4e00\\u88c1\\u7ec8\\u5c40\\u539f\\u5219\"]', '2', '[\"\\u81ea\\u613f\\u539f\\u5219\",\"\\u4f9d\\u636e\\u4e8b\\u5b9e\\u548c\\u6cd5\\u5f8b\\uff0c\\u516c\\u5e73\\u5408\\u7406\\u5730\\u89e3\\u51b3\\u7ea0\\u7eb7\\u7684\\u539f\\u5219\",\"\\u72ec\\u7acb\\u4ef2\\u88c1\\u539f\\u5219\",\"\\u4e00\\u88c1\\u7ec8\\u5c40\\u539f\\u5219\"]', '4', '0', '23', '1490918815', '0', '2');
INSERT INTO `ae_check` VALUES ('124', '甲、乙公司因租赁合同发生纠纷，甲向某仲裁委员会申请仲裁，乙向法院提起诉讼。据了解，双方并没有签订仲裁协议。则下列说法中，正确的有（　　）。', '[\"\\u7532\\u3001\\u4e59\\u4e4b\\u95f4\\u53ef\\u4ee5\\u901a\\u8fc7\\u4ef2\\u88c1\\u65b9\\u5f0f\\u89e3\\u51b3\\u7ea0\\u7eb7\",\"\\u7532\\u3001\\u4e59\\u4e4b\\u95f4\\u53ef\\u4ee5\\u901a\\u8fc7\\u6c11\\u4e8b\\u8bc9\\u8bbc\\u65b9\\u5f0f\\u89e3\\u51b3\\u4e89\\u8bae\",\"\\u7532\\u516c\\u53f8\\u7684\\u4ef2\\u88c1\\u7533\\u8bf7\\uff0c\\u4ef2\\u88c1\\u59d4\\u5458\\u4f1a\\u4e0d\\u4e88\\u53d7\\u7406\",\"\\u4e59\\u516c\\u53f8\\u7684\\u8d77\\u8bc9\\uff0c\\u6cd5\\u9662\\u5e94\\u4e88\\u53d7\\u7406\"]', '2', '[\"\\u7532\\u3001\\u4e59\\u4e4b\\u95f4\\u53ef\\u4ee5\\u901a\\u8fc7\\u6c11\\u4e8b\\u8bc9\\u8bbc\\u65b9\\u5f0f\\u89e3\\u51b3\\u4e89\\u8bae\",\"\\u7532\\u516c\\u53f8\\u7684\\u4ef2\\u88c1\\u7533\\u8bf7\\uff0c\\u4ef2\\u88c1\\u59d4\\u5458\\u4f1a\\u4e0d\\u4e88\\u53d7\\u7406\",\"\\u4e59\\u516c\\u53f8\\u7684\\u8d77\\u8bc9\\uff0c\\u6cd5\\u9662\\u5e94\\u4e88\\u53d7\\u7406\"]', '4', '0', '23', '1490918815', '0', '2');
INSERT INTO `ae_check` VALUES ('125', '根据行政复议法律制度的规定，被申请人的下列具体行为中，行政复议机关应当予以撤销、变更或者确认违法的有（　　）。', '[\"\\u4e3b\\u8981\\u4e8b\\u5b9e\\u4e0d\\u6e05\\u3001\\u8bc1\\u636e\\u4e0d\\u8db3\\u7684\\u884c\\u653f\\u884c\\u4e3a\",\"\\u8fdd\\u53cd\\u6cd5\\u5b9a\\u7a0b\\u5e8f\\u7684\\u884c\\u653f\\u884c\\u4e3a\",\"\\u8d85\\u8d8a\\u6216\\u8005\\u6ee5\\u7528\\u804c\\u6743\\u7684\\u884c\\u653f\\u884c\\u4e3a\",\"\\u9002\\u7528\\u4f9d\\u636e\\u9519\\u8bef\\u7684\\u884c\\u653f\\u884c\\u4e3a\"]', '2', '[\"\\u4e3b\\u8981\\u4e8b\\u5b9e\\u4e0d\\u6e05\\u3001\\u8bc1\\u636e\\u4e0d\\u8db3\\u7684\\u884c\\u653f\\u884c\\u4e3a\",\"\\u8fdd\\u53cd\\u6cd5\\u5b9a\\u7a0b\\u5e8f\\u7684\\u884c\\u653f\\u884c\\u4e3a\",\"\\u8d85\\u8d8a\\u6216\\u8005\\u6ee5\\u7528\\u804c\\u6743\\u7684\\u884c\\u653f\\u884c\\u4e3a\",\"\\u9002\\u7528\\u4f9d\\u636e\\u9519\\u8bef\\u7684\\u884c\\u653f\\u884c\\u4e3a\"]', '4', '0', '23', '1490918815', '0', '2');
INSERT INTO `ae_check` VALUES ('126', '我国的诉讼制度可以分为（　　）。', '[\"\\u5211\\u4e8b\\u8bc9\\u8bbc\",\"\\u4ef2\\u88c1\",\"\\u6c11\\u4e8b\\u8bc9\\u8bbc\",\"\\u884c\\u653f\\u8bc9\\u8bbc\"]', '2', '[\"\\u5211\\u4e8b\\u8bc9\\u8bbc\",\"\\u6c11\\u4e8b\\u8bc9\\u8bbc\",\"\\u884c\\u653f\\u8bc9\\u8bbc\"]', '4', '0', '23', '1490918815', '0', '2');
INSERT INTO `ae_check` VALUES ('127', '甲地A公司和乙地B公司在丙地签订一份货物买卖合同，约定由B公司在丁地向A公司交货。后B公司未能按约履行合同，A公司便向人民法院提起诉讼。根据规定，该案有管辖权的人民法院有（　　）。（注：双方未书面协议约定管辖法院）', '[\"\\u7532\\u5730\\u4eba\\u6c11\\u6cd5\\u9662\",\"\\u4e59\\u5730\\u4eba\\u6c11\\u6cd5\\u9662\",\"\\u4e19\\u5730\\u4eba\\u6c11\\u6cd5\\u9662\",\"\\u4e01\\u5730\\u4eba\\u6c11\\u6cd5\\u9662\"]', '2', '[\"\\u4e59\\u5730\\u4eba\\u6c11\\u6cd5\\u9662\",\"\\u4e01\\u5730\\u4eba\\u6c11\\u6cd5\\u9662\"]', '4', '0', '23', '1490918815', '0', '2');
INSERT INTO `ae_check` VALUES ('128', '下列关于民事诉讼程序的相关说法中，不正确的有（　　）。', '[\"\\u6839\\u636e\\u6c11\\u4e8b\\u8bc9\\u8bbc\\u6cd5\\u7684\\u89c4\\u5b9a\\uff0c\\u4e00\\u5207\\u6c11\\u4e8b\\u6848\\u4ef6\\u5747\\u9002\\u7528\\u4e24\\u5ba1\\u7ec8\\u5ba1\\u5236\",\"\\u4e0d\\u7ecf\\u8fc7\\u4e00\\u5ba1\\uff0c\\u4e0d\\u80fd\\u8fdb\\u5165\\u4e8c\\u5ba1\\u7a0b\\u5e8f\",\"\\u56de\\u907f\\u5236\\u5ea6\\u53ea\\u9002\\u7528\\u4e8e\\u6848\\u4ef6\\u7684\\u5ba1\\u5224\\u4eba\\u5458\\u548c\\u4e66\\u8bb0\\u5458\\uff0c\\u5bf9\\u4e8e\\u5176\\u4ed6\\u4eba\\u5458\\u4e0d\\u9002\\u7528\",\"\\u5f53\\u4e8b\\u4eba\\u4e0d\\u670d\\u4e00\\u5ba1\\u5224\\u51b3\\u3001\\u88c1\\u5b9a\\u800c\\u4e0a\\u8bc9\\uff0c\\u5219\\u8fdb\\u5165\\u4e8c\\u5ba1\\u7a0b\\u5e8f\"]', '2', '[\"\\u6839\\u636e\\u6c11\\u4e8b\\u8bc9\\u8bbc\\u6cd5\\u7684\\u89c4\\u5b9a\\uff0c\\u4e00\\u5207\\u6c11\\u4e8b\\u6848\\u4ef6\\u5747\\u9002\\u7528\\u4e24\\u5ba1\\u7ec8\\u5ba1\\u5236\",\"\\u56de\\u907f\\u5236\\u5ea6\\u53ea\\u9002\\u7528\\u4e8e\\u6848\\u4ef6\\u7684\\u5ba1\\u5224\\u4eba\\u5458\\u548c\\u4e66\\u8bb0\\u5458\\uff0c\\u5bf9\\u4e8e\\u5176\\u4ed6\\u4eba\\u5458\\u4e0d\\u9002\\u7528\"]', '4', '0', '23', '1490918815', '0', '2');
INSERT INTO `ae_check` VALUES ('129', '根据《行政复议法》的规定，下列各项中，不能申请行政复议的有（　　）。', '[\"\\u4e0d\\u670d\\u884c\\u653f\\u673a\\u5173\\u4f5c\\u51fa\\u7684\\u884c\\u653f\\u5904\\u5206\",\"\\u4e0d\\u670d\\u884c\\u653f\\u673a\\u5173\\u4f5c\\u51fa\\u7684\\u4eba\\u4e8b\\u51b3\\u5b9a\",\"\\u4e0d\\u670d\\u884c\\u653f\\u673a\\u5173\\u5bf9\\u6c11\\u4e8b\\u7ea0\\u7eb7\\u4f5c\\u51fa\\u7684\\u8c03\\u89e3\",\"\\u4e0d\\u670d\\u884c\\u653f\\u673a\\u5173\\u4f5c\\u51fa\\u7684\\u6536\\u56de\\u571f\\u5730\\u4f7f\\u7528\\u6743\\u7684\\u51b3\\u5b9a\"]', '2', '[\"\\u4e0d\\u670d\\u884c\\u653f\\u673a\\u5173\\u4f5c\\u51fa\\u7684\\u884c\\u653f\\u5904\\u5206\",\"\\u4e0d\\u670d\\u884c\\u653f\\u673a\\u5173\\u4f5c\\u51fa\\u7684\\u4eba\\u4e8b\\u51b3\\u5b9a\",\"\\u4e0d\\u670d\\u884c\\u653f\\u673a\\u5173\\u5bf9\\u6c11\\u4e8b\\u7ea0\\u7eb7\\u4f5c\\u51fa\\u7684\\u8c03\\u89e3\"]', '4', '0', '23', '1490918815', '0', '2');
INSERT INTO `ae_check` VALUES ('130', '根据法律规定，不服行政机关对民事纠纷作出的调解或者其他处理，则当事人解决纠纷的正确做法有（　　）。', '[\"\\u7533\\u8bf7\\u884c\\u653f\\u590d\\u8bae\",\"\\u63d0\\u8d77\\u6c11\\u4e8b\\u8bc9\\u8bbc\",\"\\u7533\\u8bf7\\u4ef2\\u88c1\",\"\\u63d0\\u51fa\\u7533\\u8bc9\"]', '2', '[\"\\u63d0\\u8d77\\u6c11\\u4e8b\\u8bc9\\u8bbc\",\"\\u7533\\u8bf7\\u4ef2\\u88c1\"]', '4', '0', '23', '1490918815', '0', '2');
INSERT INTO `ae_check` VALUES ('131', '根据劳动合同法律制度的规定，下列各项的表述中正确的有（　　）。', '[\"\\u7ecf\\u8c03\\u89e3\\u8fbe\\u6210\\u534f\\u8bae\\u7684\\uff0c\\u5e94\\u5f53\\u5236\\u4f5c\\u8c03\\u89e3\\u534f\\u8bae\\u4e66\",\"\\u8fbe\\u6210\\u8c03\\u89e3\\u534f\\u8bae\\u540e\\uff0c\\u4e00\\u65b9\\u5f53\\u4e8b\\u4eba\\u5728\\u534f\\u8bae\\u7ea6\\u5b9a\\u671f\\u9650\\u5185\\u4e0d\\u5c65\\u884c\\u8c03\\u89e3\\u534f\\u8bae\\u7684\\uff0c\\u53e6\\u4e00\\u65b9\\u5f53\\u4e8b\\u4eba\\u53ef\\u4ee5\\u4f9d\\u6cd5\\u7533\\u8bf7\\u4ef2\\u88c1\",\"\\u8c03\\u89e3\\u534f\\u8bae\\u4e66\\u7531\\u53cc\\u65b9\\u5f53\\u4e8b\\u4eba\\u7b7e\\u540d\\u6216\\u8005\\u76d6\\u7ae0\\uff0c\\u7ecf\\u8c03\\u89e3\\u5458\\u7b7e\\u540d\\u5e76\\u52a0\\u76d6\\u8c03\\u89e3\\u7ec4\\u7ec7\\u5370\\u7ae0\\u540e\\u751f\\u6548\",\"\\u5f53\\u4e8b\\u4eba\\u7533\\u8bf7\\u52b3\\u52a8\\u4e89\\u8bae\\u8c03\\u89e3\\u5fc5\\u987b\\u91c7\\u7528\\u4e66\\u9762\\u5f62\\u5f0f\\u7533\\u8bf7\"]', '2', '[\"\\u7ecf\\u8c03\\u89e3\\u8fbe\\u6210\\u534f\\u8bae\\u7684\\uff0c\\u5e94\\u5f53\\u5236\\u4f5c\\u8c03\\u89e3\\u534f\\u8bae\\u4e66\",\"\\u8fbe\\u6210\\u8c03\\u89e3\\u534f\\u8bae\\u540e\\uff0c\\u4e00\\u65b9\\u5f53\\u4e8b\\u4eba\\u5728\\u534f\\u8bae\\u7ea6\\u5b9a\\u671f\\u9650\\u5185\\u4e0d\\u5c65\\u884c\\u8c03\\u89e3\\u534f\\u8bae\\u7684\\uff0c\\u53e6\\u4e00\\u65b9\\u5f53\\u4e8b\\u4eba\\u53ef\\u4ee5\\u4f9d\\u6cd5\\u7533\\u8bf7\\u4ef2\\u88c1\",\"\\u8c03\\u89e3\\u534f\\u8bae\\u4e66\\u7531\\u53cc\\u65b9\\u5f53\\u4e8b\\u4eba\\u7b7e\\u540d\\u6216\\u8005\\u76d6\\u7ae0\\uff0c\\u7ecf\\u8c03', '4', '0', '24', '1490918815', '0', '2');
INSERT INTO `ae_check` VALUES ('132', '关于合同的履行与变更，下列各项中说法正确的有（　　）。', '[\"\\u52b3\\u52a8\\u8005\\u62d2\\u7edd\\u7528\\u4eba\\u5355\\u4f4d\\u7ba1\\u7406\\u4eba\\u5458\\u8fdd\\u7ae0\\u6307\\u6325\\u4f5c\\u4e1a\\u7684\\uff0c\\u4e0d\\u89c6\\u4e3a\\u8fdd\\u53cd\\u52b3\\u52a8\\u5408\\u540c\",\"\\u7528\\u4eba\\u5355\\u4f4d\\u53d8\\u66f4\\u6295\\u8d44\\u4eba\\u4e0d\\u5f71\\u54cd\\u52b3\\u52a8\\u5408\\u540c\\u7684\\u5c65\\u884c\",\"\\u7528\\u4eba\\u5355\\u4f4d\\u53d1\\u751f\\u5408\\u5e76\\uff0c\\u539f\\u52b3\\u52a8\\u5408\\u540c\\u7ee7\\u7eed\\u6709\\u6548\",\"\\u7528\\u4eba\\u5355\\u4f4d\\u7684\\u52a0\\u73ed\\u65f6\\u95f4\\u53ca\\u52a0\\u73ed\\u8d39\\u53ef\\u4ee5\\u968f\\u610f\\u5236\\u5b9a\"]', '2', '[\"\\u52b3\\u52a8\\u8005\\u62d2\\u7edd\\u7528\\u4eba\\u5355\\u4f4d\\u7ba1\\u7406\\u4eba\\u5458\\u8fdd\\u7ae0\\u6307\\u6325\\u4f5c\\u4e1a\\u7684\\uff0c\\u4e0d\\u89c6\\u4e3a\\u8fdd\\u53cd\\u52b3\\u52a8\\u5408\\u540c\",\"\\u7528\\u4eba\\u5355\\u4f4d\\u53d8\\u66f4\\u6295\\u8d44\\u4eba\\u4e0d\\u5f71\\u54cd\\u52b3\\u52a8\\u5408\\u540c\\u7684\\u5c65\\u884c\",\"\\u7528\\u4eba\\u5355\\u4f4d\\u53d1\\u751f\\u5408\\u5e76\\uff0c\\u539f\\u52b3\\u52a8\\u5408\\u540c\\u7ee7\\u7eed\\u6709\\u6548\"]', '4', '0', '24', '1490918815', '0', '2');
INSERT INTO `ae_check` VALUES ('133', '根据劳动合同法律制度的规定，下列各项中，可导致劳动合同终止的情形有（　　）。', '[\"\\u52b3\\u52a8\\u8005\\u8fbe\\u5230\\u6cd5\\u5b9a\\u9000\\u4f11\\u5e74\\u9f84\",\"\\u7528\\u4eba\\u5355\\u4f4d\\u88ab\\u4f9d\\u6cd5\\u5ba3\\u544a\\u7834\\u4ea7\",\"\\u7528\\u4eba\\u5355\\u4f4d\\u51b3\\u5b9a\\u63d0\\u524d\\u89e3\\u6563\",\"\\u52b3\\u52a8\\u5408\\u540c\\u671f\\u6ee1\"]', '2', '[\"\\u52b3\\u52a8\\u8005\\u8fbe\\u5230\\u6cd5\\u5b9a\\u9000\\u4f11\\u5e74\\u9f84\",\"\\u7528\\u4eba\\u5355\\u4f4d\\u88ab\\u4f9d\\u6cd5\\u5ba3\\u544a\\u7834\\u4ea7\",\"\\u7528\\u4eba\\u5355\\u4f4d\\u51b3\\u5b9a\\u63d0\\u524d\\u89e3\\u6563\",\"\\u52b3\\u52a8\\u5408\\u540c\\u671f\\u6ee1\"]', '4', '0', '24', '1490918815', '0', '2');
INSERT INTO `ae_check` VALUES ('134', '下列情形中，用人单位额外支付劳动者1个月工资后，可以解除劳动合同的有（　　）。', '[\"\\u52b3\\u52a8\\u8005\\u60a3\\u75c5\\u6216\\u8005\\u975e\\u56e0\\u5de5\\u8d1f\\u4f24\\uff0c\\u5728\\u89c4\\u5b9a\\u7684\\u533b\\u7597\\u671f\\u6ee1\\u540e\\u4e0d\\u80fd\\u4ece\\u4e8b\\u539f\\u5de5\\u4f5c\\uff0c\\u4e5f\\u4e0d\\u80fd\\u4ece\\u4e8b\\u7531\\u7528\\u4eba\\u5355\\u4f4d\\u53e6\\u884c\\u5b89\\u6392\\u7684\\u5de5\\u4f5c\\u7684\",\"\\u52b3\\u52a8\\u8005\\u4e0d\\u80fd\\u80dc\\u4efb\\u5de5\\u4f5c\\uff0c\\u7ecf\\u8fc7\\u57f9\\u8bad\\u6216\\u8005\\u8c03\\u6574\\u5de5\\u4f5c\\u5c97\\u4f4d\\uff0c\\u4ecd\\u4e0d\\u80fd\\u80dc\\u4efb\\u5de5\\u4f5c\\u7684\",\"\\u52b3\\u52a8\\u8005\\u540c\\u65f6\\u4e0e\\u5176\\u4ed6\\u7528\\u4eba\\u5355\\u4f4d\\u5efa\\u7acb\\u52b3\\u52a8\\u5173\\u7cfb\\uff0c\\u5bf9\\u5b8c\\u6210\\u672c\\u5355\\u4f4d\\u7684\\u5de5\\u4f5c\\u4efb\\u52a1\\u9020\\u6210\\u4e25\\u91cd\\u5f71\\u54cd\\u7684\",\"\\u52b3\\u52a8\\u5408\\u540c\\u8ba2\\u7acb\\u65f6\\u6240\\u4f9d\\u636e\\u7684\\u5ba2\\u89c2\\u60c5\\u51b5\\u53d1\\u751f\\u91cd\\u5927\\u53d8\\u5316\\uff0c\\u81f4\\u4f7f\\u52b3\\u52a8\\u5408\\u540c\\u65e0\\u6cd5\\u5c65\\u884c\\uff0c\\u7ecf\\u7528\\u4eba\\u5355\\u4f4d\\u4e0e\\u52b3\\u52a8\\u8005\\u534f\\u5546\\uff0c\\u672a\\u80fd\\u5c31\\u53d8\\u66f4\\u52b3\\u52a8\\u5408\\u540c\\u5185\\u5bb9\\u8fbe\\u6210\\u534f\\u8bae\\u7684\"]', '2', '[\"\\u52b3\\u52a8\\u8005\\u60a3\\u75c5\\u6216\\u8005\\u975e\\u56e0\\u5de5\\u8d1f\\u4f24\\uff0c\\u5728\\u89c4\\u5b9a\\u7684\\u533b\\u7597\\u671f\\u6ee1\\u540e\\u4e0d\\u80fd\\u4ece\\u4e8b\\u539f\\u5de5\\u4f5c\\uff0c\\u4e5f\\u4e0d\\u80fd\\u4ece\\u4e8b\\u7531\\u7528\\u4eba\\u5355\\u4f4d\\u53e6\\u884c\\u5b89\\u6392\\u7684\\u5de5\\u4f5c\\u7684\",\"\\u52b3\\u52a8\\u8005\\u4e0d\\u80fd\\u80dc\\u4efb\\u5de5\\u4f5c\\uff0c\\u7ecf\\u8fc7\\u57f9\\u8bad\\u6216\\u8005\\u8c03\\u6574\\u5de5\\u4f5c\\u5c97\\u4f4d\\uff0c\\u4ecd\\u4e0d\\u80fd\\u80dc\\u4efb\\u5de5\\u4f5c\\u7684\",\"\\u52b3\\u52a8\\u5408', '4', '0', '24', '1490918815', '0', '2');
INSERT INTO `ae_check` VALUES ('135', '下列各项对劳动诉讼的表述中，正确的有（　　）。', '[\"\\u5bf9\\u52b3\\u52a8\\u4e89\\u8bae\\u4ef2\\u88c1\\u59d4\\u5458\\u4f1a\\u4e0d\\u4e88\\u53d7\\u7406\\u6216\\u8005\\u903e\\u671f\\u672a\\u4f5c\\u51fa\\u51b3\\u5b9a\\u7684\\uff0c\\u7533\\u8bf7\\u4eba\\u53ef\\u4ee5\\u5c31\\u8be5\\u52b3\\u52a8\\u4e89\\u8bae\\u4e8b\\u9879\\u5411\\u4eba\\u6c11\\u6cd5\\u9662\\u63d0\\u8d77\\u8bc9\\u8bbc\",\"\\u52b3\\u52a8\\u8005\\u5bf9\\u52b3\\u52a8\\u4e89\\u8bae\\u7684\\u7ec8\\u5c40\\u88c1\\u51b3\\u4e0d\\u670d\\u7684\\uff0c\\u53ef\\u4ee5\\u81ea\\u6536\\u5230\\u4ef2\\u88c1\\u88c1\\u51b3\\u4e66\\u4e4b\\u65e5\\u8d7730\\u65e5\\u5185\\u5411\\u4eba\\u6c11\\u6cd5\\u9662\\u63d0\\u8d77\\u8bc9\\u8bbc\",\"\\u5f53\\u4e8b\\u4eba\\u5bf9\\u7ec8\\u5c40\\u88c1\\u51b3\\u60c5\\u5f62\\u4e4b\\u5916\\u7684\\u5176\\u4ed6\\u52b3\\u52a8\\u4e89\\u8bae\\u6848\\u4ef6\\u7684\\u4ef2\\u88c1\\u88c1\\u51b3\\u4e0d\\u670d\\u7684\\uff0c\\u53ef\\u4ee5\\u81ea\\u6536\\u5230\\u4ef2\\u88c1\\u88c1\\u51b3\\u4e66\\u4e4b\\u65e5\\u8d7715\\u65e5\\u5185\\u63d0\\u8d77\\u8bc9\\u8bbc\",\"\\u7ec8\\u5c40\\u4ef2\\u88c1\\u88c1\\u51b3\\u88ab\\u4eba\\u6c11\\u6cd5\\u9662\\u88c1\\u5b9a\\u64a4\\u9500\\u7684\\uff0c\\u5f53\\u4e8b\\u4eba\\u53ef\\u4ee5\\u81ea\\u6536\\u5230\\u88c1\\u5b9a\\u4e66\\u4e4b\\u65e5\\u8d7715\\u65e5\\u5185\\u5c31\\u8be5\\u52b3\\u52a8\\u4e89\\u8bae\\u4e8b\\u9879\\u5411\\u4eba\\u6c11\\u6cd5\\u9662\\u63d0\\u8d77\\u8bc9\\u8bbc\"]', '2', '[\"\\u5bf9\\u52b3\\u52a8\\u4e89\\u8bae\\u4ef2\\u88c1\\u59d4\\u5458\\u4f1a\\u4e0d\\u4e88\\u53d7\\u7406\\u6216\\u8005\\u903e\\u671f\\u672a\\u4f5c\\u51fa\\u51b3\\u5b9a\\u7684\\uff0c\\u7533\\u8bf7\\u4eba\\u53ef\\u4ee5\\u5c31\\u8be5\\u52b3\\u52a8\\u4e89\\u8bae\\u4e8b\\u9879\\u5411\\u4eba\\u6c11\\u6cd5\\u9662\\u63d0\\u8d77\\u8bc9\\u8bbc\",\"\\u5f53\\u4e8b\\u4eba\\u5bf9\\u7ec8\\u5c40\\u88c1\\u51b3\\u60c5\\u5f62\\u4e4b\\u5916\\u7684\\u5176\\u4ed6\\u52b3\\u52a8\\u4e89\\u8bae\\u6848\\u4ef6\\u7684\\u4ef2\\u88c1\\u88c1\\u51b3\\u4e0d\\u670d\\u7684\\uff0c\\u53ef\\u4ee5\\u81ea\\u6536\\u5230\\u4', '4', '0', '24', '1490918815', '0', '2');
INSERT INTO `ae_check` VALUES ('136', '根据劳动合同法律制度的规定，下列劳动争议中，劳动者可以向劳动仲裁部门申请劳动仲裁的有（　　）。', '[\"\\u786e\\u8ba4\\u52b3\\u52a8\\u5173\\u7cfb\\u4e89\\u8bae\",\"\\u5de5\\u4f24\\u533b\\u7597\\u8d39\\u4e89\\u8bae\",\"\\u52b3\\u52a8\\u4fdd\\u62a4\\u6761\\u4ef6\\u4e89\\u8bae\",\"\\u793e\\u4f1a\\u4fdd\\u9669\\u4e89\\u8bae\"]', '2', '[\"\\u786e\\u8ba4\\u52b3\\u52a8\\u5173\\u7cfb\\u4e89\\u8bae\",\"\\u5de5\\u4f24\\u533b\\u7597\\u8d39\\u4e89\\u8bae\",\"\\u52b3\\u52a8\\u4fdd\\u62a4\\u6761\\u4ef6\\u4e89\\u8bae\",\"\\u793e\\u4f1a\\u4fdd\\u9669\\u4e89\\u8bae\"]', '4', '0', '24', '1490918815', '0', '2');
INSERT INTO `ae_check` VALUES ('137', '目前我国的社会保险项目包括（　　）。', '[\"\\u57fa\\u672c\\u517b\\u8001\\u4fdd\\u9669\",\"\\u57fa\\u672c\\u533b\\u7597\\u4fdd\\u9669\",\"\\u5de5\\u4f24\\u4fdd\\u9669\",\"\\u5931\\u4e1a\\u4fdd\\u9669\"]', '2', '[\"\\u57fa\\u672c\\u517b\\u8001\\u4fdd\\u9669\",\"\\u57fa\\u672c\\u533b\\u7597\\u4fdd\\u9669\",\"\\u5de5\\u4f24\\u4fdd\\u9669\",\"\\u5931\\u4e1a\\u4fdd\\u9669\"]', '4', '0', '24', '1490918815', '0', '2');
INSERT INTO `ae_check` VALUES ('138', '2014年1月1日，赵某与甲公司签订了1年期的劳动合同，合同中约定了试用期，并约定试用期满后工资为1200元；当地最低工资标准为1000元。根据《劳动合同法》的规定，下列表述中，正确的有（　　）。', '[\"\\u8bd5\\u7528\\u671f\\u4e0d\\u5f97\\u8d85\\u8fc72\\u4e2a\\u6708\",\"\\u8bd5\\u7528\\u671f\\u7684\\u5de5\\u8d44\\u4e0d\\u5f97\\u4f4e\\u4e8e960\\u5143\",\"\\u8bd5\\u7528\\u671f\\u7684\\u5de5\\u8d44\\u4e0d\\u5f97\\u4f4e\\u4e8e1000\\u5143\",\"\\u8bd5\\u7528\\u671f\\u4e0d\\u5305\\u542b\\u5728\\u52b3\\u52a8\\u5408\\u540c\\u671f\\u9650\\u5185\"]', '2', '[\"\\u8bd5\\u7528\\u671f\\u4e0d\\u5f97\\u8d85\\u8fc72\\u4e2a\\u6708\",\"\\u8bd5\\u7528\\u671f\\u7684\\u5de5\\u8d44\\u4e0d\\u5f97\\u4f4e\\u4e8e1000\\u5143\"]', '4', '0', '24', '1490918815', '0', '2');
INSERT INTO `ae_check` VALUES ('139', '张某参加工作已经14年，在甲公司做销售经理已经4年。2014年1月因患病住院。根据劳动合同法律制度的规定，下列各项中正确的有（　　）。', '[\"\\u5f20\\u67d0\\u53ef\\u4eab\\u67096\\u4e2a\\u6708\\u7684\\u533b\\u7597\\u671f\",\"\\u5f20\\u67d0\\u53ef\\u4eab\\u67099\\u4e2a\\u6708\\u7684\\u533b\\u7597\\u671f\",\"\\u533b\\u7597\\u671f\\u630912\\u4e2a\\u6708\\u5185\\u7d2f\\u8ba1\\u75c5\\u4f11\\u65f6\\u95f4\\u8ba1\\u7b97\",\"\\u533b\\u7597\\u671f\\u630915\\u4e2a\\u6708\\u5185\\u7d2f\\u8ba1\\u75c5\\u4f11\\u65f6\\u95f4\\u8ba1\\u7b97\"]', '2', '[\"\\u5f20\\u67d0\\u53ef\\u4eab\\u67096\\u4e2a\\u6708\\u7684\\u533b\\u7597\\u671f\",\"\\u533b\\u7597\\u671f\\u630912\\u4e2a\\u6708\\u5185\\u7d2f\\u8ba1\\u75c5\\u4f11\\u65f6\\u95f4\\u8ba1\\u7b97\"]', '4', '0', '24', '1490918815', '0', '2');
INSERT INTO `ae_check` VALUES ('140', '王某于2009年1月1日起开始在甲公司上班，直到2010年1月11日，甲公司一直未与王某订立书面劳动合同。根据《劳动合同法》的规定，下列表述中，正确的有（　　）。', '[\"\\u81ea2009\\u5e741\\u67081\\u65e5\\u81f32009\\u5e7412\\u670831\\u65e5\\uff0c\\u7532\\u516c\\u53f8\\u5e94\\u5f53\\u5411\\u738b\\u67d0\\u6bcf\\u6708\\u652f\\u4ed82\\u500d\\u7684\\u5de5\\u8d44\\u8865\\u507f\",\"\\u81ea2009\\u5e742\\u67081\\u65e5\\u81f32009\\u5e7412\\u670831\\u65e5\\uff0c\\u7532\\u516c\\u53f8\\u5e94\\u5f53\\u5411\\u738b\\u67d0\\u6bcf\\u6708\\u652f\\u4ed82\\u500d\\u7684\\u5de5\\u8d44\\uff0c\\u4f5c\\u4e3a\\u672a\\u7b7e\\u8ba2\\u4e66\\u9762\\u52b3\\u52a8\\u5408\\u540c\\u7684\\u8865\\u507f\",\"\\u89c6\\u4e3a\\u7532\\u516c\\u53f8\\u81ea2009\\u5e741\\u67081\\u65e5\\u8d77\\u5df2\\u7ecf\\u4e0e\\u738b\\u67d0\\u8ba2\\u7acb\\u4e86\\u65e0\\u56fa\\u5b9a\\u671f\\u9650\\u52b3\\u52a8\\u5408\\u540c\",\"\\u89c6\\u4e3a\\u7532\\u516c\\u53f8\\u81ea2010\\u5e741\\u67081\\u65e5\\u8d77\\u5df2\\u7ecf\\u4e0e\\u738b\\u67d0\\u8ba2\\u7acb\\u4e86\\u65e0\\u56fa\\u5b9a\\u671f\\u9650\\u52b3\\u52a8\\u5408\\u540c\"]', '2', '[\"\\u81ea2009\\u5e742\\u67081\\u65e5\\u81f32009\\u5e7412\\u670831\\u65e5\\uff0c\\u7532\\u516c\\u53f8\\u5e94\\u5f53\\u5411\\u738b\\u67d0\\u6bcf\\u6708\\u652f\\u4ed82\\u500d\\u7684\\u5de5\\u8d44\\uff0c\\u4f5c\\u4e3a\\u672a\\u7b7e\\u8ba2\\u4e66\\u9762\\u52b3\\u52a8\\u5408\\u540c\\u7684\\u8865\\u507f\",\"\\u89c6\\u4e3a\\u7532\\u516c\\u53f8\\u81ea2010\\u5e741\\u67081\\u65e5\\u8d77\\u5df2\\u7ecf\\u4e0e\\u738b\\u67d0\\u8ba2\\u7acb\\u4e86\\u65e0\\u56fa\\u5b9a\\u671f\\u9650\\u52b3\\u52a8\\u5408\\u540c\"]', '4', '0', '24', '1490918815', '0', '2');
INSERT INTO `ae_check` VALUES ('141', '方某在其公司的加班费1000元一直没有得到，由劳动行政部门责令限期支付加班费，逾期公司仍未支付，劳动行政部门责令加付赔偿金。下列各项中可以作为方某赔偿金的有（　　）。', '[\"600\\u5143\",\"1000\\u5143\",\"1500\\u5143\",\"2000\\u5143\"]', '2', '[\"600\\u5143\",\"1000\\u5143\"]', '4', '0', '24', '1490918815', '0', '2');
INSERT INTO `ae_check` VALUES ('142', '关于基本养老保险，下列表述中正确的有（　　）。', '[\"\\u57fa\\u672c\\u517b\\u8001\\u91d1\\u7531\\u7edf\\u7b79\\u517b\\u8001\\u91d1\\u548c\\u4e2a\\u4eba\\u8d26\\u6237\\u517b\\u8001\\u91d1\\u7ec4\\u6210\",\"\\u4e2a\\u4eba\\u7f34\\u7eb3\\u517b\\u8001\\u4fdd\\u9669\\u8d39\\u8ba1\\u5f81\\u4e2a\\u4eba\\u6240\\u5f97\\u7a0e\",\"\\u53c2\\u52a0\\u804c\\u5de5\\u57fa\\u672c\\u517b\\u8001\\u4fdd\\u9669\\u7684\\u4e2a\\u4eba\\u6b7b\\u4ea1\\u540e\\uff0c\\u5176\\u4e2a\\u4eba\\u8d26\\u6237\\u4e2d\\u7684\\u4f59\\u989d\\u4e0d\\u53ef\\u4ee5\\u4f9d\\u6cd5\\u7ee7\\u627f\",\"\\u53c2\\u52a0\\u57fa\\u672c\\u517b\\u8001\\u4fdd\\u9669\\u7684\\u4e2a\\u4eba\\uff0c\\u672a\\u8fbe\\u5230\\u6cd5\\u5b9a\\u9000\\u4f11\\u5e74\\u9f84\\u65f6\\u5728\\u56e0\\u75c5\\u6216\\u8005\\u975e\\u56e0\\u5de5\\u81f4\\u6b8b\\u5b8c\\u5168\\u4e27\\u5931\\u52b3\\u52a8\\u80fd\\u529b\\u7684\\uff0c\\u53ef\\u4ee5\\u9886\\u53d6\\u75c5\\u6b8b\\u6d25\\u8d34\"]', '2', '[\"\\u57fa\\u672c\\u517b\\u8001\\u91d1\\u7531\\u7edf\\u7b79\\u517b\\u8001\\u91d1\\u548c\\u4e2a\\u4eba\\u8d26\\u6237\\u517b\\u8001\\u91d1\\u7ec4\\u6210\",\"\\u53c2\\u52a0\\u57fa\\u672c\\u517b\\u8001\\u4fdd\\u9669\\u7684\\u4e2a\\u4eba\\uff0c\\u672a\\u8fbe\\u5230\\u6cd5\\u5b9a\\u9000\\u4f11\\u5e74\\u9f84\\u65f6\\u5728\\u56e0\\u75c5\\u6216\\u8005\\u975e\\u56e0\\u5de5\\u81f4\\u6b8b\\u5b8c\\u5168\\u4e27\\u5931\\u52b3\\u52a8\\u80fd\\u529b\\u7684\\uff0c\\u53ef\\u4ee5\\u9886\\u53d6\\u75c5\\u6b8b\\u6d25\\u8d34\"]', '4', '0', '24', '1490918815', '0', '2');
INSERT INTO `ae_check` VALUES ('143', '根据劳动合同法律制度的规定，下列情形中，职工不能享受当年年休假的有（　　）。', '[\"\\u4f9d\\u6cd5\\u4eab\\u53d7\\u5bd2\\u6691\\u5047\\uff0c\\u5176\\u4f11\\u5047\\u5929\\u6570\\u591a\\u4e8e\\u5e74\\u4f11\\u5047\\u5929\\u6570\\u7684\",\"\\u8bf7\\u4e8b\\u5047\\u7d2f\\u8ba120\\u5929\\u4ee5\\u4e0a\\uff0c\\u4e14\\u5355\\u4f4d\\u6309\\u7167\\u89c4\\u5b9a\\u4e0d\\u6263\\u5de5\\u8d44\\u7684\",\"\\u7d2f\\u8ba1\\u5de5\\u4f5c\\u6ee11\\u5e74\\u4e0d\\u6ee110\\u5e74\\uff0c\\u8bf7\\u75c5\\u5047\\u7d2f\\u8ba12\\u4e2a\\u6708\\u4ee5\\u4e0a\\u7684\",\"\\u7d2f\\u8ba1\\u5de5\\u4f5c\\u6ee120\\u5e74\\u4ee5\\u4e0a\\uff0c\\u8bf7\\u75c5\\u5047\\u7d2f\\u8ba1\\u6ee13\\u4e2a\\u6708\\u7684\"]', '2', '[\"\\u4f9d\\u6cd5\\u4eab\\u53d7\\u5bd2\\u6691\\u5047\\uff0c\\u5176\\u4f11\\u5047\\u5929\\u6570\\u591a\\u4e8e\\u5e74\\u4f11\\u5047\\u5929\\u6570\\u7684\",\"\\u8bf7\\u4e8b\\u5047\\u7d2f\\u8ba120\\u5929\\u4ee5\\u4e0a\\uff0c\\u4e14\\u5355\\u4f4d\\u6309\\u7167\\u89c4\\u5b9a\\u4e0d\\u6263\\u5de5\\u8d44\\u7684\",\"\\u7d2f\\u8ba1\\u5de5\\u4f5c\\u6ee11\\u5e74\\u4e0d\\u6ee110\\u5e74\\uff0c\\u8bf7\\u75c5\\u5047\\u7d2f\\u8ba12\\u4e2a\\u6708\\u4ee5\\u4e0a\\u7684\"]', '4', '0', '24', '1490918815', '0', '2');
INSERT INTO `ae_check` VALUES ('144', '小王从2014年2月1日起为一家服装公司工作，虽经多次提出，但公司一直未与其签订书面合同，直到2015年2月1日，公司忽然通知小王订立书面劳动合同，但工资减半，小王不同意签订。根据劳动合同法律制度的规定，下列表述中，正确的有（　　）。', '[\"\\u81ea2014\\u5e742\\u67081\\u65e5\\u81f32015\\u5e741\\u670831\\u65e5\\uff0c\\u7532\\u516c\\u53f8\\u5e94\\u5f53\\u5411\\u5c0f\\u738b\\u6bcf\\u6708\\u652f\\u4ed82\\u500d\\u5de5\\u8d44\",\"\\u81ea2014\\u5e743\\u67081\\u65e5\\u81f32015\\u5e741\\u670831\\u65e5\\uff0c\\u7532\\u516c\\u53f8\\u5e94\\u5f53\\u5411\\u5c0f\\u738b\\u6bcf\\u6708\\u652f\\u4ed82\\u500d\\u5de5\\u8d44\",\"\\u56e0\\u5c0f\\u738b\\u4e0d\\u540c\\u610f\\u7b7e\\u8ba2\\u52b3\\u52a8\\u5408\\u540c\\u5bfc\\u81f4\\u52b3\\u52a8\\u5173\\u7cfb\\u7ec8\\u6b62\",\"\\u5c0f\\u738b\\u65e0\\u6743\\u8981\\u6c42\\u7528\\u4eba\\u5355\\u4f4d\\u652f\\u4ed8\\u7ecf\\u6d4e\\u8865\\u507f\"]', '2', '[\"\\u81ea2014\\u5e743\\u67081\\u65e5\\u81f32015\\u5e741\\u670831\\u65e5\\uff0c\\u7532\\u516c\\u53f8\\u5e94\\u5f53\\u5411\\u5c0f\\u738b\\u6bcf\\u6708\\u652f\\u4ed82\\u500d\\u5de5\\u8d44\",\"\\u56e0\\u5c0f\\u738b\\u4e0d\\u540c\\u610f\\u7b7e\\u8ba2\\u52b3\\u52a8\\u5408\\u540c\\u5bfc\\u81f4\\u52b3\\u52a8\\u5173\\u7cfb\\u7ec8\\u6b62\"]', '4', '0', '24', '1490918815', '0', '2');
INSERT INTO `ae_check` VALUES ('145', '用人单位和劳动者已建立劳动关系，但却未同时订立书面劳动合同，则下列处理中，正确的有（　　）。', '[\"\\u81ea\\u7528\\u5de5\\u4e4b\\u65e5\\u8d771\\u4e2a\\u6708\\u5185\\uff0c\\u7ecf\\u7528\\u4eba\\u5355\\u4f4d\\u4e66\\u9762\\u901a\\u77e5\\u540e\\uff0c\\u52b3\\u52a8\\u8005\\u4e0d\\u4e0e\\u7528\\u4eba\\u5355\\u4f4d\\u8ba2\\u7acb\\u4e66\\u9762\\u52b3\\u52a8\\u5408\\u540c\\uff0c\\u5219\\u7528\\u4eba\\u5355\\u4f4d\\u65e0\\u9700\\u5411\\u52b3\\u52a8\\u8005\\u652f\\u4ed8\\u7ecf\\u6d4e\\u8865\\u507f\",\"\\u7528\\u4eba\\u5355\\u4f4d\\u81ea\\u7528\\u5de5\\u4e4b\\u65e5\\u8d776\\u4e2a\\u6708\\u672a\\u4e0e\\u52b3\\u52a8\\u8005\\u8ba2\\u7acb\\u4e66\\u9762\\u52b3\\u52a8\\u5408\\u540c\\u7684\\uff0c\\u81ea\\u7528\\u5de5\\u4e4b\\u65e5\\u8d77\\u6ee1\\u4e00\\u4e2a\\u6708\\u7684\\u6b21\\u65e5\\u8d77\\u4f9d\\u6cd5\\u5411\\u52b3\\u52a8\\u8005\\u6bcf\\u6708\\u652f\\u4ed82\\u500d\\u7684\\u5de5\\u8d44\\uff0c\\u4e14\\u4e0e\\u52b3\\u52a8\\u8005\\u8865\\u8ba2\\u5408\\u540c\",\"\\u7528\\u4eba\\u5355\\u4f4d\\u81ea\\u7528\\u5de5\\u4e4b\\u65e5\\u8d77\\u6ee11\\u5e74\\u672a\\u4e0e\\u52b3\\u52a8\\u8005\\u8ba2\\u7acb\\u4e66\\u9762\\u52b3\\u52a8\\u5408\\u540c\\u7684\\uff0c\\u5219\\u89c6\\u4e3a\\u81ea\\u7528\\u5de5\\u4e4b\\u65e5\\u8d77\\u6ee11\\u5e74\\u7684\\u5f53\\u65e5\\u5df2\\u7ecf\\u4e0e\\u52b3\\u52a8\\u8005\\u8ba2\\u7acb\\u65e0\\u56fa\\u5b9a\\u671f\\u9650\\u52b3\\u52a8\\u5408\\u540c\\uff0c\\u5e94\\u5f53\\u7acb\\u5373\\u4e0e\\u52b3\\u52a8\\u8005\\u8865\\u8ba2\\u4e66\\u9762\\u52b3\\u52a8\\u5408\\u540c\",\"\\u7528\\u4eba\\u5355\\u4f4d\\u81ea\\u7528\\u5de5\\u4e4b\\u65e5\\u8d77\\u8d85\\u8fc77\\u4e2a\\u6708\\u672a\\u4e0e\\u52b3\\u52a8\\u8005\\u8ba2\\u7acb\\u4e66\\u9762\\u52b3\\u52a8\\u5408\\u540c\\u7684\\uff0c\\u5411\\u52b3\\u52a8\\u8005\\u6bcf\\u6708\\u652f\\u4ed82\\u500d\\u5de5\\u8d44\\u7684\\u8d77\\u7b97\\u65f6\\u95f4\\u4e3a\\u7528\\u5de5\\u4e4b\\u65e5\\u8d77\\u6ee11\\u4e2a\\u6708\\u7684\\u6b21\\u65e5\"]', '2', '[\"\\u81ea\\u7528\\u5de5\\u4e4b\\u65e5\\u8d771\\u4e2a\\u6708\\u5185\\uff0c\\u7ecf\\u7528\\u4eba\\u5355\\u4f4d\\u4e66\\u9762\\u901a\\u77e5\\u540e\\uff0c\\u52b3\\u52a8\\u8005\\u4e0d\\u4e0e\\u7528\\u4eba\\u5355\\u4f4d\\u8ba2\\u7acb\\u4e66\\u9762\\u52b3\\u52a8\\u5408\\u540c\\uff0c\\u5219\\u7528\\u4eba\\u5355\\u4f4d\\u65e0\\u9700\\u5411\\u52b3\\u52a8\\u8005\\u652f\\u4ed8\\u7ecf\\u6d4e\\u8865\\u507f\",\"\\u7528\\u4eba\\u5355\\u4f4d\\u81ea\\u7528\\u5de5\\u4e4b\\u65e5\\u8d776\\u4e2a\\u6708\\u672a\\u4e0e\\u52b3\\u52a8\\u8005\\u8ba2\\u7acb\\u4e66\\u9762\\u52b3\\u52a8\\u5408\\u540c\\u7684\\', '4', '0', '24', '1490918815', '0', '2');
INSERT INTO `ae_check` VALUES ('146', '根据汇兑的规定，下列不属于汇入银行可以办理退汇的情形有（　　）。', '[\"\\u6c47\\u6b3e\\u5c1a\\u672a\\u6c47\\u51fa\",\"\\u6536\\u6b3e\\u4eba\\u62d2\\u7edd\\u63a5\\u53d7\\u7684\\u6c47\\u6b3e\",\"\\u7ecf\\u8fc71\\u4e2a\\u6708\\u65e0\\u6cd5\\u4ea4\\u4ed8\\u7684\\u6c47\\u6b3e\",\"\\u6c47\\u6b3e\\u4eba\\u4e0e\\u6536\\u6b3e\\u4eba\\u672a\\u8fbe\\u6210\\u4e00\\u81f4\\u9000\\u6c47\\u610f\\u89c1\"]', '2', '[\"\\u6c47\\u6b3e\\u5c1a\\u672a\\u6c47\\u51fa\",\"\\u7ecf\\u8fc71\\u4e2a\\u6708\\u65e0\\u6cd5\\u4ea4\\u4ed8\\u7684\\u6c47\\u6b3e\",\"\\u6c47\\u6b3e\\u4eba\\u4e0e\\u6536\\u6b3e\\u4eba\\u672a\\u8fbe\\u6210\\u4e00\\u81f4\\u9000\\u6c47\\u610f\\u89c1\"]', '4', '0', '25', '1490918815', '0', '2');
INSERT INTO `ae_check` VALUES ('147', '下列各项中，属于非基本当事人的有（　　）。', '[\"\\u8d34\\u73b0\\u4eba\",\"\\u80cc\\u4e66\\u4eba\",\"\\u88ab\\u80cc\\u4e66\\u4eba\",\"\\u4fdd\\u8bc1\\u4eba\"]', '2', '[\"\\u8d34\\u73b0\\u4eba\",\"\\u80cc\\u4e66\\u4eba\",\"\\u88ab\\u80cc\\u4e66\\u4eba\",\"\\u4fdd\\u8bc1\\u4eba\"]', '4', '0', '25', '1490918815', '0', '2');
INSERT INTO `ae_check` VALUES ('148', '根据票据法律制度的规定，下列各背书情形中，属于背书无效的有（　　）。', '[\"\\u5c06\\u6c47\\u7968\\u91d1\\u989d\\u5168\\u90e8\\u8f6c\\u8ba9\\u7ed9\\u7532\\u67d0\",\"\\u5c06\\u6c47\\u7968\\u91d1\\u989d\\u7684\\u4e00\\u534a\\u8f6c\\u8ba9\\u7ed9\\u7532\\u67d0\",\"\\u5c06\\u6c47\\u7968\\u91d1\\u989d\\u5206\\u522b\\u8f6c\\u8ba9\\u7ed9\\u7532\\u67d0\\u548c\\u4e59\\u67d0\",\"\\u5c06\\u6c47\\u7968\\u91d1\\u989d\\u8f6c\\u8ba9\\u7ed9\\u7532\\u67d0\\u4f46\\u8981\\u6c42\\u7532\\u67d0\\u4e0d\\u5f97\\u5bf9\\u80cc\\u4e66\\u4eba\\u884c\\u4f7f\\u8ffd\\u7d22\\u6743\"]', '2', '[\"\\u5c06\\u6c47\\u7968\\u91d1\\u989d\\u7684\\u4e00\\u534a\\u8f6c\\u8ba9\\u7ed9\\u7532\\u67d0\",\"\\u5c06\\u6c47\\u7968\\u91d1\\u989d\\u5206\\u522b\\u8f6c\\u8ba9\\u7ed9\\u7532\\u67d0\\u548c\\u4e59\\u67d0\"]', '4', '0', '25', '1490918815', '0', '2');
INSERT INTO `ae_check` VALUES ('149', '根据《支付结算办法》的规定，下列选项中属于托收承付中签发托收凭证必须记载的事项有（　　）。', '[\"\\u6536\\u6b3e\\u4eba\\u540d\\u79f0\\u53ca\\u8d26\\u53f7\",\"\\u4ed8\\u6b3e\\u4eba\\u5f00\\u6237\\u94f6\\u884c\\u540d\\u79f0\",\"\\u5408\\u540c\\u540d\\u79f0\\u3001\\u53f7\\u7801\",\"\\u786e\\u5b9a\\u7684\\u91d1\\u989d\"]', '2', '[\"\\u6536\\u6b3e\\u4eba\\u540d\\u79f0\\u53ca\\u8d26\\u53f7\",\"\\u4ed8\\u6b3e\\u4eba\\u5f00\\u6237\\u94f6\\u884c\\u540d\\u79f0\",\"\\u5408\\u540c\\u540d\\u79f0\\u3001\\u53f7\\u7801\",\"\\u786e\\u5b9a\\u7684\\u91d1\\u989d\"]', '4', '0', '25', '1490918815', '0', '2');
INSERT INTO `ae_check` VALUES ('150', '下列选项中关于预算单位零余额账户的说法中，正确的有（　　）。', '[\"\\u9884\\u7b97\\u5355\\u4f4d\\u96f6\\u4f59\\u989d\\u8d26\\u6237\\u53ef\\u4ee5\\u529e\\u652f\\u53d6\\u73b0\\u91d1\\u7684\\u7ed3\\u7b97\\u4e1a\\u52a1\",\"\\u53ef\\u4ee5\\u5411\\u672c\\u5355\\u4f4d\\u8d26\\u6237\\u5212\\u62e8\\u4f4f\\u623f\\u516c\\u79ef\\u91d1\",\"\\u53ef\\u4ee5\\u5411\\u4e0a\\u7ea7\\u4e3b\\u7ba1\\u90e8\\u95e8\\u8d26\\u6237\\u5212\\u62e8\\u8d44\\u91d1\",\"\\u53ef\\u4ee5\\u5411\\u4e0b\\u7ea7\\u5355\\u4f4d\\u8d26\\u6237\\u5212\\u62e8\\u8d44\\u91d1\"]', '2', '[\"\\u9884\\u7b97\\u5355\\u4f4d\\u96f6\\u4f59\\u989d\\u8d26\\u6237\\u53ef\\u4ee5\\u529e\\u652f\\u53d6\\u73b0\\u91d1\\u7684\\u7ed3\\u7b97\\u4e1a\\u52a1\",\"\\u53ef\\u4ee5\\u5411\\u672c\\u5355\\u4f4d\\u8d26\\u6237\\u5212\\u62e8\\u4f4f\\u623f\\u516c\\u79ef\\u91d1\"]', '4', '0', '25', '1490918815', '0', '2');
INSERT INTO `ae_check` VALUES ('151', '根据票据法律制度的规定，下列表述中，符合规定的有 （　　）。', '[\"\\u666e\\u901a\\u652f\\u7968\\u53ef\\u4ee5\\u7528\\u4e8e\\u652f\\u53d6\\u73b0\\u91d1\\uff0c\\u4e5f\\u53ef\\u7528\\u4e8e\\u8f6c\\u8d26\",\"\\u652f\\u7968\\u7684\\u91d1\\u989d\\u548c\\u6536\\u6b3e\\u4eba\\u540d\\u79f0\\uff0c\\u53ef\\u4ee5\\u7531\\u51fa\\u7968\\u4eba\\u6388\\u6743\\u8865\\u8bb0\",\"\\u7528\\u4e8e\\u652f\\u53d6\\u73b0\\u91d1\\u7684\\u652f\\u7968\\u53ef\\u4ee5\\u80cc\\u4e66\\u8f6c\\u8ba9\",\"\\u652f\\u7968\\u7684\\u51fa\\u7968\\u4eba\\u4e0d\\u5f97\\u7b7e\\u53d1\\u4e0e\\u5176\\u9884\\u7559\\u94f6\\u884c\\u7b7e\\u7ae0\\u4e0d\\u7b26\\u7684\\u652f\\u7968\"]', '2', '[\"\\u666e\\u901a\\u652f\\u7968\\u53ef\\u4ee5\\u7528\\u4e8e\\u652f\\u53d6\\u73b0\\u91d1\\uff0c\\u4e5f\\u53ef\\u7528\\u4e8e\\u8f6c\\u8d26\",\"\\u652f\\u7968\\u7684\\u91d1\\u989d\\u548c\\u6536\\u6b3e\\u4eba\\u540d\\u79f0\\uff0c\\u53ef\\u4ee5\\u7531\\u51fa\\u7968\\u4eba\\u6388\\u6743\\u8865\\u8bb0\",\"\\u652f\\u7968\\u7684\\u51fa\\u7968\\u4eba\\u4e0d\\u5f97\\u7b7e\\u53d1\\u4e0e\\u5176\\u9884\\u7559\\u94f6\\u884c\\u7b7e\\u7ae0\\u4e0d\\u7b26\\u7684\\u652f\\u7968\"]', '4', '0', '25', '1490918815', '0', '2');
INSERT INTO `ae_check` VALUES ('152', '下列专用存款账户中，不得支取现金的账户有（　　）。', '[\"\\u57fa\\u672c\\u5efa\\u8bbe\\u8d44\\u91d1\",\"\\u5355\\u4f4d\\u94f6\\u884c\\u5361\\u8d26\\u6237\",\"\\u8d22\\u653f\\u9884\\u7b97\\u5916\\u8d44\\u91d1\",\"\\u515a\\u3001\\u56e2\\u3001\\u5de5\\u4f1a\\u7ecf\\u8d39\\u4e13\\u7528\\u5b58\\u6b3e\"]', '2', '[\"\\u5355\\u4f4d\\u94f6\\u884c\\u5361\\u8d26\\u6237\",\"\\u8d22\\u653f\\u9884\\u7b97\\u5916\\u8d44\\u91d1\"]', '4', '0', '25', '1490918815', '0', '2');
INSERT INTO `ae_check` VALUES ('153', '根据规定，下列有关预付卡的表述中，正确的有（　　）。', '[\"\\u8bb0\\u540d\\u9884\\u4ed8\\u5361\\u53ef\\u6302\\u5931\\uff0c\\u53ef\\u8d4e\\u56de\\uff0c\\u4e0d\\u5f97\\u8bbe\\u7f6e\\u6709\\u6548\\u671f\",\"\\u4e00\\u6b21\\u6027\\u5145\\u503c\\u91d1\\u989d3000\\u5143\\u4ee5\\u4e0a\\u7684\\uff0c\\u4e0d\\u5f97\\u4f7f\\u7528\\u73b0\\u91d1\",\"\\u5355\\u4f4d\\u8d2d\\u4e70\\u7684\\u8bb0\\u540d\\u9884\\u4ed8\\u5361\\uff0c\\u53ea\\u80fd\\u7531\\u5355\\u4f4d\\u529e\\u7406\\u8d4e\\u56de\",\"\\u8d85\\u8fc7\\u6709\\u6548\\u671f\\u5c1a\\u6709\\u8d44\\u91d1\\u4f59\\u989d\\u7684\\u9884\\u4ed8\\u5361\\uff0c\\u53ef\\u901a\\u8fc7\\u5ef6\\u671f\\u3001\\u6fc0\\u6d3b\\u3001\\u6362\\u5361\\u7b49\\u65b9\\u5f0f\\u7ee7\\u7eed\\u4f7f\\u7528\"]', '2', '[\"\\u8bb0\\u540d\\u9884\\u4ed8\\u5361\\u53ef\\u6302\\u5931\\uff0c\\u53ef\\u8d4e\\u56de\\uff0c\\u4e0d\\u5f97\\u8bbe\\u7f6e\\u6709\\u6548\\u671f\",\"\\u5355\\u4f4d\\u8d2d\\u4e70\\u7684\\u8bb0\\u540d\\u9884\\u4ed8\\u5361\\uff0c\\u53ea\\u80fd\\u7531\\u5355\\u4f4d\\u529e\\u7406\\u8d4e\\u56de\",\"\\u8d85\\u8fc7\\u6709\\u6548\\u671f\\u5c1a\\u6709\\u8d44\\u91d1\\u4f59\\u989d\\u7684\\u9884\\u4ed8\\u5361\\uff0c\\u53ef\\u901a\\u8fc7\\u5ef6\\u671f\\u3001\\u6fc0\\u6d3b\\u3001\\u6362\\u5361\\u7b49\\u65b9\\u5f0f\\u7ee7\\u7eed\\u4f7f\\u7528\"]', '4', '0', '25', '1490918815', '0', '2');
INSERT INTO `ae_check` VALUES ('154', '下列关于银行卡收单的表述中，正确的有（　　）。', '[\"\\u7f51\\u7edc\\u7279\\u7ea6\\u5546\\u6237\\uff0c\\u662f\\u6307\\u57fa\\u4e8e\\u516c\\u5171\\u7f51\\u7edc\\u4fe1\\u606f\\u7cfb\\u7edf\\u63d0\\u4f9b\\u5546\\u54c1\\u6216\\u670d\\u52a1\\u7684\\u7279\\u7ea6\\u5546\\u6237\",\"\\u6536\\u5355\\u673a\\u6784\\u62d3\\u5c55\\u7279\\u7ea6\\u5546\\u6237\\uff0c\\u5bf9\\u7279\\u7ea6\\u5546\\u6237\\u4e0d\\u5b9e\\u884c\\u5b9e\\u540d\\u5236\\u7ba1\\u7406\",\"\\u7279\\u7ea6\\u5546\\u6237\\u4e3a\\u4e2a\\u4f53\\u5de5\\u5546\\u6237\\u548c\\u81ea\\u7136\\u4eba\\u7684\\uff0c\\u53ef\\u4f7f\\u7528\\u5176\\u540c\\u540d\\u4e2a\\u4eba\\u94f6\\u884c\\u7ed3\\u7b97\\u8d26\\u6237\\u4f5c\\u4e3a\\u6536\\u5355\\u94f6\\u884c\\u5361\\u7ed3\\u7b97\\u8d26\\u6237\",\"\\u7279\\u7ea6\\u5546\\u6237\\u4f7f\\u7528\\u5355\\u4f4d\\u94f6\\u884c\\u7ed3\\u7b97\\u8d26\\u6237\\u4f5c\\u4e3a\\u6536\\u5355\\u94f6\\u884c\\u5361\\u7ed3\\u7b97\\u8d26\\u6237\\u7684\\uff0c\\u6536\\u5355\\u673a\\u6784\\u8fd8\\u5e94\\u5f53\\u5ba1\\u6838\\u5176\\u5408\\u6cd5\\u62e5\\u6709\\u8be5\\u8d26\\u6237\\u7684\\u8bc1\\u660e\\u6587\\u4ef6\"]', '2', '[\"\\u7f51\\u7edc\\u7279\\u7ea6\\u5546\\u6237\\uff0c\\u662f\\u6307\\u57fa\\u4e8e\\u516c\\u5171\\u7f51\\u7edc\\u4fe1\\u606f\\u7cfb\\u7edf\\u63d0\\u4f9b\\u5546\\u54c1\\u6216\\u670d\\u52a1\\u7684\\u7279\\u7ea6\\u5546\\u6237\",\"\\u7279\\u7ea6\\u5546\\u6237\\u4e3a\\u4e2a\\u4f53\\u5de5\\u5546\\u6237\\u548c\\u81ea\\u7136\\u4eba\\u7684\\uff0c\\u53ef\\u4f7f\\u7528\\u5176\\u540c\\u540d\\u4e2a\\u4eba\\u94f6\\u884c\\u7ed3\\u7b97\\u8d26\\u6237\\u4f5c\\u4e3a\\u6536\\u5355\\u94f6\\u884c\\u5361\\u7ed3\\u7b97\\u8d26\\u6237\",\"\\u7279\\u7ea6\\u5546\\u6237\\u4f7f\\u7528\\u5355\\u4f4d\\u94f6\\u884c', '4', '0', '25', '1490918815', '0', '2');
INSERT INTO `ae_check` VALUES ('155', '根据支付结算法律制度的规定，下列情形中，可以申请开立异地银行结算账户的是（　　）。', '[\"\\u8425\\u4e1a\\u6267\\u7167\\u6ce8\\u518c\\u5730\\u4e0e\\u7ecf\\u8425\\u5730\\u4e0d\\u5728\\u540c\\u4e00\\u884c\\u653f\\u533a\\u57df\\u9700\\u8981\\u5f00\\u7acb\\u57fa\\u672c\\u5b58\\u6b3e\\u8d26\\u6237\\u7684\",\"\\u529e\\u7406\\u5f02\\u5730\\u501f\\u6b3e\\u9700\\u8981\\u5f00\\u7acb\\u4e00\\u822c\\u5b58\\u6b3e\\u8d26\\u6237\\u7684\",\"\\u5b58\\u6b3e\\u4eba\\u56e0\\u9644\\u5c5e\\u7684\\u975e\\u72ec\\u7acb\\u6838\\u7b97\\u5355\\u4f4d\\u53d1\\u751f\\u7684\\u6536\\u5165\\u6c47\\u7f34\\u6216\\u4e1a\\u52a1\\u652f\\u51fa\\u9700\\u8981\\u5f00\\u7acb\\u4e13\\u7528\\u5b58\\u6b3e\\u8d26\\u6237\\u7684\",\"\\u5f02\\u5730\\u4e34\\u65f6\\u7ecf\\u8425\\u6d3b\\u52a8\\u9700\\u8981\\u5f00\\u7acb\\u4e34\\u65f6\\u5b58\\u6b3e\\u8d26\\u6237\\u7684\"]', '2', '[\"\\u8425\\u4e1a\\u6267\\u7167\\u6ce8\\u518c\\u5730\\u4e0e\\u7ecf\\u8425\\u5730\\u4e0d\\u5728\\u540c\\u4e00\\u884c\\u653f\\u533a\\u57df\\u9700\\u8981\\u5f00\\u7acb\\u57fa\\u672c\\u5b58\\u6b3e\\u8d26\\u6237\\u7684\",\"\\u529e\\u7406\\u5f02\\u5730\\u501f\\u6b3e\\u9700\\u8981\\u5f00\\u7acb\\u4e00\\u822c\\u5b58\\u6b3e\\u8d26\\u6237\\u7684\",\"\\u5b58\\u6b3e\\u4eba\\u56e0\\u9644\\u5c5e\\u7684\\u975e\\u72ec\\u7acb\\u6838\\u7b97\\u5355\\u4f4d\\u53d1\\u751f\\u7684\\u6536\\u5165\\u6c47\\u7f34\\u6216\\u4e1a\\u52a1\\u652f\\u51fa\\u9700\\u8981\\u5f00\\u7acb\\u4e13\\u7528\\u5b58\\u6b3e\\u8d26', '4', '0', '25', '1490918815', '0', '2');
INSERT INTO `ae_check` VALUES ('156', '根据支付结算法律制度的规定，下列有关委托收款的表述中，正确的有（　　）。', '[\"\\u59d4\\u6258\\u6536\\u6b3e\\u662f\\u6536\\u6b3e\\u4eba\\u59d4\\u6258\\u94f6\\u884c\\u5411\\u4ed8\\u6b3e\\u4eba\\u6536\\u53d6\\u6b3e\\u9879\\u7684\\u7ed3\\u7b97\\u65b9\\u5f0f\",\"\\u59d4\\u6258\\u6536\\u6b3e\\u5728\\u540c\\u57ce\\u3001\\u5f02\\u5730\\u5747\\u53ef\\u4f7f\\u7528\",\"\\u94f6\\u884c\\u5728\\u529e\\u7406\\u5212\\u6b3e\\u65f6\\uff0c\\u53d1\\u73b0\\u4ed8\\u6b3e\\u4eba\\u5b58\\u6b3e\\u8d26\\u6237\\u4e0d\\u8db3\\u652f\\u4ed8\\u7684\\uff0c\\u5e94\\u901a\\u8fc7\\u88ab\\u59d4\\u6258\\u94f6\\u884c\\u5411\\u6536\\u6b3e\\u4eba\\u53d1\\u51fa\\u672a\\u4ed8\\u6b3e\\u901a\\u77e5\\u4e66\",\"\\u4ed8\\u6b3e\\u4eba\\u5e94\\u5f53\\u4e8e\\u63a5\\u5230\\u901a\\u77e5\\u7684\\u5f53\\u65e5\\u4e66\\u9762\\u901a\\u77e5\\u94f6\\u884c\\u4ed8\\u6b3e\\uff0c\\u5982\\u679c\\u4ed8\\u6b3e\\u4eba\\u672a\\u5728\\u53d1\\u51fa\\u901a\\u77e5\\u7684\\u6b21\\u65e5\\u8d773\\u65e5\\u5185\\u901a\\u77e5\\u94f6\\u884c\\u4ed8\\u6b3e\\u7684\\uff0c\\u89c6\\u4e3a\\u540c\\u610f\\u4ed8\\u6b3e\"]', '2', '[\"\\u59d4\\u6258\\u6536\\u6b3e\\u662f\\u6536\\u6b3e\\u4eba\\u59d4\\u6258\\u94f6\\u884c\\u5411\\u4ed8\\u6b3e\\u4eba\\u6536\\u53d6\\u6b3e\\u9879\\u7684\\u7ed3\\u7b97\\u65b9\\u5f0f\",\"\\u59d4\\u6258\\u6536\\u6b3e\\u5728\\u540c\\u57ce\\u3001\\u5f02\\u5730\\u5747\\u53ef\\u4f7f\\u7528\",\"\\u94f6\\u884c\\u5728\\u529e\\u7406\\u5212\\u6b3e\\u65f6\\uff0c\\u53d1\\u73b0\\u4ed8\\u6b3e\\u4eba\\u5b58\\u6b3e\\u8d26\\u6237\\u4e0d\\u8db3\\u652f\\u4ed8\\u7684\\uff0c\\u5e94\\u901a\\u8fc7\\u88ab\\u59d4\\u6258\\u94f6\\u884c\\u5411\\u6536\\u6b3e\\u4eba\\u53d1\\u51fa\\u672a\\u4ed8\\u6b3e\\u901a\\u77e5', '4', '0', '25', '1490918815', '0', '2');
INSERT INTO `ae_check` VALUES ('157', '下列各项中，关于商业汇票的付款期限表述正确的有（　　）。', '[\"\\u5b9a\\u65e5\\u4ed8\\u6b3e\\u7684\\u6c47\\u7968\\u4ed8\\u6b3e\\u671f\\u9650\\u81ea\\u51fa\\u7968\\u65e5\\u8d77\\u8ba1\\u7b97\\uff0c\\u5e76\\u5728\\u6c47\\u7968\\u4e0a\\u8bb0\\u8f7d\\u5177\\u4f53\\u7684\\u5230\\u671f\\u65e5\",\"\\u51fa\\u7968\\u540e\\u5b9a\\u671f\\u4ed8\\u6b3e\\u7684\\u6c47\\u7968\\u4ed8\\u6b3e\\u671f\\u9650\\u81ea\\u51fa\\u7968\\u65e5\\u8d77\\u6309\\u6708\\u8ba1\\u7b97\\uff0c\\u5e76\\u5728\\u6c47\\u7968\\u4e0a\\u8bb0\\u8f7d\",\"\\u5546\\u4e1a\\u6c47\\u7968\\u7684\\u63d0\\u793a\\u4ed8\\u6b3e\\u671f\\u9650\\uff0c\\u81ea\\u6c47\\u7968\\u5230\\u671f\\u65e5\\u8d776\\u4e2a\\u6708\",\"\\u89c1\\u7968\\u540e\\u5b9a\\u671f\\u4ed8\\u6b3e\\u7684\\u6c47\\u7968\\u4ed8\\u6b3e\\u671f\\u9650\\u81ea\\u627f\\u5151\\u6216\\u62d2\\u7edd\\u627f\\u5151\\u65e5\\u8d77\\u6309\\u6708\\u8ba1\\u7b97\\uff0c\\u5e76\\u5728\\u6c47\\u7968\\u4e0a\\u8bb0\\u8f7d\"]', '2', '[\"\\u5b9a\\u65e5\\u4ed8\\u6b3e\\u7684\\u6c47\\u7968\\u4ed8\\u6b3e\\u671f\\u9650\\u81ea\\u51fa\\u7968\\u65e5\\u8d77\\u8ba1\\u7b97\\uff0c\\u5e76\\u5728\\u6c47\\u7968\\u4e0a\\u8bb0\\u8f7d\\u5177\\u4f53\\u7684\\u5230\\u671f\\u65e5\",\"\\u51fa\\u7968\\u540e\\u5b9a\\u671f\\u4ed8\\u6b3e\\u7684\\u6c47\\u7968\\u4ed8\\u6b3e\\u671f\\u9650\\u81ea\\u51fa\\u7968\\u65e5\\u8d77\\u6309\\u6708\\u8ba1\\u7b97\\uff0c\\u5e76\\u5728\\u6c47\\u7968\\u4e0a\\u8bb0\\u8f7d\",\"\\u89c1\\u7968\\u540e\\u5b9a\\u671f\\u4ed8\\u6b3e\\u7684\\u6c47\\u7968\\u4ed8\\u6b3e\\u671f\\u9650\\u81ea\\u627f\\u5151\\u6216\\u62d2', '4', '0', '25', '1490918815', '0', '2');
INSERT INTO `ae_check` VALUES ('158', '根据《票据法》的规定，被追索人在向持票人支付有关金额及费用后，可以向其他汇票债务人行使再追索权。下列各项中，属于被追索人可请求其他汇票债务人清偿的款项有（　　）。', '[\"\\u88ab\\u8ffd\\u7d22\\u4eba\\u5df2\\u6e05\\u507f\\u7684\\u5168\\u90e8\\u91d1\\u989d\",\"\\u88ab\\u8ffd\\u7d22\\u4eba\\u53d1\\u51fa\\u8ffd\\u7d22\\u901a\\u77e5\\u4e66\\u7684\\u8d39\\u7528\",\"\\u88ab\\u8ffd\\u7d22\\u4eba\\u5df2\\u6e05\\u507f\\u7684\\u5168\\u90e8\\u5229\\u606f\",\"\\u6301\\u7968\\u4eba\\u56e0\\u7968\\u636e\\u91d1\\u989d\\u88ab\\u62d2\\u7edd\\u652f\\u4ed8\\u800c\\u5bfc\\u81f4\\u7684\\u5229\\u6da6\\u635f\\u5931\"]', '2', '[\"\\u88ab\\u8ffd\\u7d22\\u4eba\\u5df2\\u6e05\\u507f\\u7684\\u5168\\u90e8\\u91d1\\u989d\",\"\\u88ab\\u8ffd\\u7d22\\u4eba\\u53d1\\u51fa\\u8ffd\\u7d22\\u901a\\u77e5\\u4e66\\u7684\\u8d39\\u7528\",\"\\u88ab\\u8ffd\\u7d22\\u4eba\\u5df2\\u6e05\\u507f\\u7684\\u5168\\u90e8\\u5229\\u606f\"]', '4', '0', '25', '1490918815', '0', '2');
INSERT INTO `ae_check` VALUES ('159', '试点纳税人销售货物、加工修理修配劳务、服务、无形资产或者不动产适用不同税率或者征收率的，应当分别核算适用不同税率或者征收率的销售额，未分别核算销售额的，按照以下方法适用税率或者征收率（　　）。', '[\"\\u517c\\u6709\\u4e0d\\u540c\\u7a0e\\u7387\\u7684\\u9500\\u552e\\u8d27\\u7269\\u3001\\u52a0\\u5de5\\u4fee\\u7406\\u4fee\\u914d\\u52b3\\u52a1\\u3001\\u670d\\u52a1\\u3001\\u65e0\\u5f62\\u8d44\\u4ea7\\u6216\\u8005\\u4e0d\\u52a8\\u4ea7\\uff0c\\u4ece\\u9ad8\\u9002\\u7528\\u7a0e\\u7387\",\"\\u517c\\u6709\\u4e0d\\u540c\\u5f81\\u6536\\u7387\\u7684\\u9500\\u552e\\u8d27\\u7269\\u3001\\u52a0\\u5de5\\u4fee\\u7406\\u4fee\\u914d\\u52b3\\u52a1\\u3001\\u670d\\u52a1\\u3001\\u65e0\\u5f62\\u8d44\\u4ea7\\u6216\\u8005\\u4e0d\\u52a8\\u4ea7\\uff0c\\u4ece\\u4f4e\\u9002\\u7528\\u5f81\\u6536\\u7387\",\"\\u517c\\u6709\\u4e0d\\u540c\\u5f81\\u6536\\u7387\\u7684\\u9500\\u552e\\u8d27\\u7269\\u3001\\u52a0\\u5de5\\u4fee\\u7406\\u4fee\\u914d\\u52b3\\u52a1\\u3001\\u670d\\u52a1\\u3001\\u65e0\\u5f62\\u8d44\\u4ea7\\u6216\\u8005\\u4e0d\\u52a8\\u4ea7\\uff0c\\u4ece\\u9ad8\\u9002\\u7528\\u5f81\\u6536\\u7387\",\"\\u517c\\u6709\\u4e0d\\u540c\\u7a0e\\u7387\\u548c\\u5f81\\u6536\\u7387\\u7684\\u9500\\u552e\\u8d27\\u7269\\u3001\\u52a0\\u5de5\\u4fee\\u7406\\u4fee\\u914d\\u52b3\\u52a1\\u3001\\u670d\\u52a1\\u3001\\u65e0\\u5f62\\u8d44\\u4ea7\\u6216\\u8005\\u4e0d\\u52a8\\u4ea7\\uff0c\\u4ece\\u9ad8\\u9002\\u7528\\u7a0e\\u7387\"]', '2', '[\"\\u517c\\u6709\\u4e0d\\u540c\\u7a0e\\u7387\\u7684\\u9500\\u552e\\u8d27\\u7269\\u3001\\u52a0\\u5de5\\u4fee\\u7406\\u4fee\\u914d\\u52b3\\u52a1\\u3001\\u670d\\u52a1\\u3001\\u65e0\\u5f62\\u8d44\\u4ea7\\u6216\\u8005\\u4e0d\\u52a8\\u4ea7\\uff0c\\u4ece\\u9ad8\\u9002\\u7528\\u7a0e\\u7387\",\"\\u517c\\u6709\\u4e0d\\u540c\\u5f81\\u6536\\u7387\\u7684\\u9500\\u552e\\u8d27\\u7269\\u3001\\u52a0\\u5de5\\u4fee\\u7406\\u4fee\\u914d\\u52b3\\u52a1\\u3001\\u670d\\u52a1\\u3001\\u65e0\\u5f62\\u8d44\\u4ea7\\u6216\\u8005\\u4e0d\\u52a8\\u4ea7\\uff0c\\u4ece\\u9ad8\\u9002\\u7528\\u5f81\\u6536\\u7387\",\"', '4', '0', '26', '1490918815', '0', '2');
INSERT INTO `ae_check` VALUES ('160', '下列卷烟属于不分征税类别一律按照56%卷烟税率征税，并按照定额每标准箱150元计算征税的有（　　）。', '[\"\\u767d\\u5305\\u5377\\u70df\",\"\\u624b\\u5de5\\u5377\\u70df\",\"\\u4e59\\u7c7b\\u5377\\u70df\",\"\\u672a\\u7ecf\\u56fd\\u52a1\\u9662\\u6279\\u51c6\\u7eb3\\u5165\\u8ba1\\u5212\\u7684\\u4f01\\u4e1a\\u548c\\u4e2a\\u4eba\\u751f\\u4ea7\\u7684\\u5377\\u70df\"]', '2', '[\"\\u767d\\u5305\\u5377\\u70df\",\"\\u624b\\u5de5\\u5377\\u70df\",\"\\u672a\\u7ecf\\u56fd\\u52a1\\u9662\\u6279\\u51c6\\u7eb3\\u5165\\u8ba1\\u5212\\u7684\\u4f01\\u4e1a\\u548c\\u4e2a\\u4eba\\u751f\\u4ea7\\u7684\\u5377\\u70df\"]', '4', '0', '26', '1490918815', '0', '2');
INSERT INTO `ae_check` VALUES ('161', '根据消费税法律制度的规定，下列各项中，符合销售数量确定规定的有（　　）。', '[\"\\u9500\\u552e\\u5e94\\u7a0e\\u6d88\\u8d39\\u54c1\\u7684\\uff0c\\u4e3a\\u5e94\\u7a0e\\u6d88\\u8d39\\u54c1\\u7684\\u9500\\u552e\\u6570\\u91cf\",\"\\u81ea\\u4ea7\\u81ea\\u7528\\u5e94\\u7a0e\\u6d88\\u8d39\\u54c1\\u7684\\uff0c\\u4e3a\\u5b8c\\u5de5\\u540e\\u5e94\\u7a0e\\u6d88\\u8d39\\u54c1\\u6298\\u7b97\\u7684\\u8017\\u7528\\u6570\\u91cf\",\"\\u59d4\\u6258\\u52a0\\u5de5\\u5e94\\u7a0e\\u6d88\\u8d39\\u54c1\\u7684\\uff0c\\u4e3a\\u7eb3\\u7a0e\\u4eba\\u6536\\u56de\\u7684\\u5e94\\u7a0e\\u6d88\\u8d39\\u54c1\\u6570\\u91cf\",\"\\u8fdb\\u53e3\\u5e94\\u7a0e\\u6d88\\u8d39\\u54c1\\u7684\\uff0c\\u4e3a\\u7eb3\\u7a0e\\u4eba\\u7533\\u62a5\\u7684\\u5e94\\u7a0e\\u6d88\\u8d39\\u54c1\\u8fdb\\u53e3\\u6570\\u91cf\"]', '2', '[\"\\u9500\\u552e\\u5e94\\u7a0e\\u6d88\\u8d39\\u54c1\\u7684\\uff0c\\u4e3a\\u5e94\\u7a0e\\u6d88\\u8d39\\u54c1\\u7684\\u9500\\u552e\\u6570\\u91cf\",\"\\u59d4\\u6258\\u52a0\\u5de5\\u5e94\\u7a0e\\u6d88\\u8d39\\u54c1\\u7684\\uff0c\\u4e3a\\u7eb3\\u7a0e\\u4eba\\u6536\\u56de\\u7684\\u5e94\\u7a0e\\u6d88\\u8d39\\u54c1\\u6570\\u91cf\"]', '4', '0', '26', '1490918815', '0', '2');
INSERT INTO `ae_check` VALUES ('162', '根据消费税法律制度的规定，下列货物销售应征收消费税的有（　　）。', '[\"\\u6c7d\\u8f66\\u9500\\u552e\\u516c\\u53f8\\u4ee3\\u9500\\u5c0f\\u6c7d\\u8f66\",\"\\u6c7d\\u8f66\\u4fee\\u7406\\u5382\\u9500\\u552e\\u6c7d\\u8f66\\u8f6e\\u80ce\",\"\\u91d1\\u5e97\\u96f6\\u552e\\u91d1\\u94f6\\u9996\\u9970\",\"\\u624b\\u8868\\u5382\\u751f\\u4ea7\\u9500\\u552e\\u9ad8\\u6863\\u624b\\u8868\"]', '2', '[\"\\u91d1\\u5e97\\u96f6\\u552e\\u91d1\\u94f6\\u9996\\u9970\",\"\\u624b\\u8868\\u5382\\u751f\\u4ea7\\u9500\\u552e\\u9ad8\\u6863\\u624b\\u8868\"]', '4', '0', '26', '1490918815', '0', '2');
INSERT INTO `ae_check` VALUES ('163', '根据消费税法律制度的规定，下列各项中，属于委托加工收回的应税消费品已纳税款扣除范围的有（　　）。', '[\"\\u4ee5\\u59d4\\u6258\\u52a0\\u5de5\\u6536\\u56de\\u7684\\u5df2\\u7a0e\\u9ad8\\u6863\\u5316\\u5986\\u54c1\\u539f\\u6599\\u751f\\u4ea7\\u7684\\u9ad8\\u6863\\u5316\\u5986\\u54c1\",\"\\u4ee5\\u59d4\\u6258\\u52a0\\u5de5\\u6536\\u56de\\u7684\\u5df2\\u7a0e\\u97ad\\u70ae\\u3001\\u7130\\u706b\\u539f\\u6599\\u751f\\u4ea7\\u7684\\u97ad\\u70ae\\u3001\\u7130\\u706b\",\"\\u4ee5\\u59d4\\u6258\\u52a0\\u5de5\\u6536\\u56de\\u7684\\u5df2\\u7a0e\\u6469\\u6258\\u8f66\\u96f6\\u4ef6\\u751f\\u4ea7\\u7684\\u6469\\u6258\\u8f66\",\"\\u4ee5\\u59d4\\u6258\\u52a0\\u5de5\\u6536\\u56de\\u7684\\u5df2\\u7a0e\\u5b9e\\u6728\\u5730\\u677f\\u539f\\u6599\\u751f\\u4ea7\\u7684\\u5b9e\\u6728\\u5730\\u677f\"]', '2', '[\"\\u4ee5\\u59d4\\u6258\\u52a0\\u5de5\\u6536\\u56de\\u7684\\u5df2\\u7a0e\\u9ad8\\u6863\\u5316\\u5986\\u54c1\\u539f\\u6599\\u751f\\u4ea7\\u7684\\u9ad8\\u6863\\u5316\\u5986\\u54c1\",\"\\u4ee5\\u59d4\\u6258\\u52a0\\u5de5\\u6536\\u56de\\u7684\\u5df2\\u7a0e\\u97ad\\u70ae\\u3001\\u7130\\u706b\\u539f\\u6599\\u751f\\u4ea7\\u7684\\u97ad\\u70ae\\u3001\\u7130\\u706b\",\"\\u4ee5\\u59d4\\u6258\\u52a0\\u5de5\\u6536\\u56de\\u7684\\u5df2\\u7a0e\\u5b9e\\u6728\\u5730\\u677f\\u539f\\u6599\\u751f\\u4ea7\\u7684\\u5b9e\\u6728\\u5730\\u677f\"]', '4', '0', '26', '1490918815', '0', '2');
INSERT INTO `ae_check` VALUES ('164', '下列项目涉及的进项税额不得从销项税额中抵扣的有（　　）。', '[\"\\u7528\\u4e8e\\u9002\\u7528\\u7b80\\u6613\\u8ba1\\u7a0e\\u65b9\\u6cd5\\u8ba1\\u7a0e\\u9879\\u76ee\\u7684\\u5e94\\u7a0e\\u52b3\\u52a1\",\"\\u975e\\u6b63\\u5e38\\u635f\\u5931\\u7684\\u8d2d\\u8fdb\\u8d27\\u7269\\u53ca\\u76f8\\u5173\\u7684\\u4ea4\\u901a\\u8fd0\\u8f93\\u670d\\u52a1\",\"\\u63a5\\u53d7\\u7684\\u65c5\\u5ba2\\u8fd0\\u8f93\\u670d\\u52a1\",\"\\u8d2d\\u8fdb\\u81ea\\u7528\\u7684\\u5e94\\u5f81\\u6d88\\u8d39\\u7a0e\\u7684\\u6469\\u6258\\u8f66\\u3001\\u6c7d\\u8f66\\u3001\\u6e38\\u8247\"]', '2', '[\"\\u7528\\u4e8e\\u9002\\u7528\\u7b80\\u6613\\u8ba1\\u7a0e\\u65b9\\u6cd5\\u8ba1\\u7a0e\\u9879\\u76ee\\u7684\\u5e94\\u7a0e\\u52b3\\u52a1\",\"\\u975e\\u6b63\\u5e38\\u635f\\u5931\\u7684\\u8d2d\\u8fdb\\u8d27\\u7269\\u53ca\\u76f8\\u5173\\u7684\\u4ea4\\u901a\\u8fd0\\u8f93\\u670d\\u52a1\",\"\\u63a5\\u53d7\\u7684\\u65c5\\u5ba2\\u8fd0\\u8f93\\u670d\\u52a1\"]', '4', '0', '26', '1490918815', '0', '2');
INSERT INTO `ae_check` VALUES ('165', '某一般纳税人甲于2015年6月发生如下业务：向农业生产者购入免税农产品，农产品收购发票上的买价为100万元，由乙运输公司负责运输该批农产品，乙向甲开具货物运输业增值税专用发票，该专用发票上记载的增值税额为3万元。甲当月销售货物取得不含税销售收入200万元。根据上述信息，下列表述正确的有（　　）。', '[\"\\u7532\\u5f53\\u6708\\u53ef\\u4ee5\\u62b5\\u6263\\u7684\\u8fdb\\u9879\\u7a0e\\u989d\\u4e3a16\\u4e07\\u5143\",\"\\u7532\\u5f53\\u6708\\u53ef\\u4ee5\\u62b5\\u6263\\u7684\\u8fdb\\u9879\\u7a0e\\u989d\\u4e3a13.33\\u4e07\\u5143\",\"\\u7532\\u5f53\\u6708\\u5e94\\u7eb3\\u589e\\u503c\\u7a0e\\u4e3a20.67\\u4e07\\u5143\",\"\\u7532\\u5f53\\u6708\\u5e94\\u7eb3\\u589e\\u503c\\u7a0e\\u4e3a18\\u4e07\\u5143\"]', '2', '[\"\\u7532\\u5f53\\u6708\\u53ef\\u4ee5\\u62b5\\u6263\\u7684\\u8fdb\\u9879\\u7a0e\\u989d\\u4e3a16\\u4e07\\u5143\",\"\\u7532\\u5f53\\u6708\\u5e94\\u7eb3\\u589e\\u503c\\u7a0e\\u4e3a18\\u4e07\\u5143\"]', '4', '0', '26', '1490918815', '0', '2');
INSERT INTO `ae_check` VALUES ('166', '关于增值税专用发票最高开票限额的规定，下列说法正确的有（　　）。', '[\"\\u6700\\u9ad8\\u5f00\\u7968\\u9650\\u989d\\u7531\\u4e00\\u822c\\u7eb3\\u7a0e\\u4eba\\u7533\\u8bf7\\uff0c\\u7a0e\\u52a1\\u673a\\u5173\\u4f9d\\u6cd5\\u5ba1\\u6279\",\"\\u6700\\u9ad8\\u5f00\\u7968\\u9650\\u989d\\u4e3a10\\u4e07\\u5143\\u53ca\\u4ee5\\u4e0b\\u7684\\uff0c\\u7531\\u533a\\u53bf\\u7ea7\\u7a0e\\u52a1\\u673a\\u5173\\u5ba1\\u6279\",\"\\u6700\\u9ad8\\u5f00\\u7968\\u9650\\u989d\\u4e3a100\\u4e07\\u5143\\u7684\\uff0c\\u7531\\u5730\\u5e02\\u7ea7\\u7a0e\\u52a1\\u673a\\u5173\\u5ba1\\u6279\",\"\\u6700\\u9ad8\\u5f00\\u7968\\u9650\\u989d\\u4e3a1000\\u4e07\\u5143\\u53ca\\u4ee5\\u4e0a\\u7684\\uff0c\\u7531\\u7701\\u7ea7\\u7a0e\\u52a1\\u673a\\u5173\\u5ba1\\u6279\"]', '2', '[\"\\u6700\\u9ad8\\u5f00\\u7968\\u9650\\u989d\\u7531\\u4e00\\u822c\\u7eb3\\u7a0e\\u4eba\\u7533\\u8bf7\\uff0c\\u7a0e\\u52a1\\u673a\\u5173\\u4f9d\\u6cd5\\u5ba1\\u6279\",\"\\u6700\\u9ad8\\u5f00\\u7968\\u9650\\u989d\\u4e3a10\\u4e07\\u5143\\u53ca\\u4ee5\\u4e0b\\u7684\\uff0c\\u7531\\u533a\\u53bf\\u7ea7\\u7a0e\\u52a1\\u673a\\u5173\\u5ba1\\u6279\",\"\\u6700\\u9ad8\\u5f00\\u7968\\u9650\\u989d\\u4e3a100\\u4e07\\u5143\\u7684\\uff0c\\u7531\\u5730\\u5e02\\u7ea7\\u7a0e\\u52a1\\u673a\\u5173\\u5ba1\\u6279\",\"\\u6700\\u9ad8\\u5f00\\u7968\\u9650\\u989d\\u4e3a1000\\u4e07\\u5143\\u53ca\\u4ee5\\u4e0a', '4', '0', '26', '1490918815', '0', '2');
INSERT INTO `ae_check` VALUES ('167', '根据增值税法律制度的规定，下列业务中，应当征收增值税的有（　　）。', '[\"\\u94f6\\u884c\\u9500\\u552e\\u91d1\\u94f6\\u7684\\u4e1a\\u52a1\",\"\\u6709\\u5f62\\u52a8\\u4ea7\\u79df\\u8d41\\u4e1a\\u52a1\",\"\\u9274\\u8bc1\\u54a8\\u8be2\\u670d\\u52a1\",\"\\u63d0\\u4f9b\\u7f1d\\u7eab\\u52b3\\u52a1\"]', '2', '[\"\\u94f6\\u884c\\u9500\\u552e\\u91d1\\u94f6\\u7684\\u4e1a\\u52a1\",\"\\u6709\\u5f62\\u52a8\\u4ea7\\u79df\\u8d41\\u4e1a\\u52a1\",\"\\u9274\\u8bc1\\u54a8\\u8be2\\u670d\\u52a1\",\"\\u63d0\\u4f9b\\u7f1d\\u7eab\\u52b3\\u52a1\"]', '4', '0', '26', '1490918815', '0', '2');
INSERT INTO `ae_check` VALUES ('168', '根据营改增相关规定，下列各项中属于非营业活动的有（　　）。', '[\"\\u975e\\u4f01\\u4e1a\\u6027\\u5355\\u4f4d\\u6309\\u7167\\u6cd5\\u5f8b\\u548c\\u884c\\u653f\\u6cd5\\u89c4\\u7684\\u89c4\\u5b9a\\uff0c\\u4e3a\\u5c65\\u884c\\u56fd\\u5bb6\\u884c\\u653f\\u7ba1\\u7406\\u548c\\u516c\\u5171\\u670d\\u52a1\\u804c\\u80fd\\u6536\\u53d6\\u653f\\u5e9c\\u6027\\u57fa\\u91d1\\u6216\\u8005\\u884c\\u653f\\u4e8b\\u4e1a\\u6027\\u6536\\u8d39\\u7684\\u6d3b\\u52a8\",\"\\u5355\\u4f4d\\u8058\\u7528\\u7684\\u5458\\u5de5\\u4e3a\\u672c\\u5355\\u4f4d\\u63d0\\u4f9b\\u5e94\\u7a0e\\u670d\\u52a1\",\"\\u4e2a\\u4f53\\u5de5\\u5546\\u6237\\u8058\\u7528\\u7684\\u5458\\u5de5\\u4e3a\\u96c7\\u4e3b\\u63d0\\u4f9b\\u5e94\\u7a0e\\u670d\\u52a1\",\"\\u5355\\u4f4d\\u6216\\u8005\\u4e2a\\u4f53\\u5de5\\u5546\\u6237\\u4e3a\\u5458\\u5de5\\u63d0\\u4f9b\\u5e94\\u7a0e\\u670d\\u52a1\"]', '2', '[\"\\u975e\\u4f01\\u4e1a\\u6027\\u5355\\u4f4d\\u6309\\u7167\\u6cd5\\u5f8b\\u548c\\u884c\\u653f\\u6cd5\\u89c4\\u7684\\u89c4\\u5b9a\\uff0c\\u4e3a\\u5c65\\u884c\\u56fd\\u5bb6\\u884c\\u653f\\u7ba1\\u7406\\u548c\\u516c\\u5171\\u670d\\u52a1\\u804c\\u80fd\\u6536\\u53d6\\u653f\\u5e9c\\u6027\\u57fa\\u91d1\\u6216\\u8005\\u884c\\u653f\\u4e8b\\u4e1a\\u6027\\u6536\\u8d39\\u7684\\u6d3b\\u52a8\",\"\\u5355\\u4f4d\\u8058\\u7528\\u7684\\u5458\\u5de5\\u4e3a\\u672c\\u5355\\u4f4d\\u63d0\\u4f9b\\u5e94\\u7a0e\\u670d\\u52a1\",\"\\u4e2a\\u4f53\\u5de5\\u5546\\u6237\\u8058\\u7528\\u7684\\u5458\\u5de5\\u4e3a', '4', '0', '26', '1490918815', '0', '2');
INSERT INTO `ae_check` VALUES ('169', '下列关于纳税人销售应税消费品的消费税纳税义务发生时间表述中，正确的有（　　）。', '[\"\\u7eb3\\u7a0e\\u4eba\\u91c7\\u53d6\\u8d4a\\u9500\\u548c\\u5206\\u671f\\u6536\\u6b3e\\u7ed3\\u7b97\\u65b9\\u5f0f\\u7684\\uff0c\\u4e3a\\u4e66\\u9762\\u5408\\u540c\\u7ea6\\u5b9a\\u7684\\u6536\\u6b3e\\u65e5\\u671f\\u7684\\u5f53\\u5929\",\"\\u7eb3\\u7a0e\\u4eba\\u91c7\\u53d6\\u9884\\u6536\\u8d27\\u6b3e\\u7ed3\\u7b97\\u65b9\\u5f0f\\u7684\\uff0c\\u4e3a\\u53d1\\u51fa\\u5e94\\u7a0e\\u6d88\\u8d39\\u54c1\\u7684\\u5f53\\u5929\",\"\\u7eb3\\u7a0e\\u4eba\\u91c7\\u53d6\\u6258\\u6536\\u627f\\u4ed8\\u548c\\u59d4\\u6258\\u94f6\\u884c\\u6536\\u6b3e\\u65b9\\u5f0f\\u7684\\uff0c\\u4e3a\\u53d1\\u51fa\\u5e94\\u7a0e\\u6d88\\u8d39\\u54c1\\u5e76\\u529e\\u59a5\\u6258\\u6536\\u624b\\u7eed\\u7684\\u5f53\\u5929\",\"\\u7eb3\\u7a0e\\u4eba\\u91c7\\u53d6\\u5176\\u4ed6\\u7ed3\\u7b97\\u65b9\\u5f0f\\u7684\\uff0c\\u4e3a\\u6536\\u8bab\\u9500\\u552e\\u6b3e\\u6216\\u8005\\u53d6\\u5f97\\u7d22\\u53d6\\u9500\\u552e\\u6b3e\\u51ed\\u636e\\u7684\\u5f53\\u5929\"]', '2', '[\"\\u7eb3\\u7a0e\\u4eba\\u91c7\\u53d6\\u8d4a\\u9500\\u548c\\u5206\\u671f\\u6536\\u6b3e\\u7ed3\\u7b97\\u65b9\\u5f0f\\u7684\\uff0c\\u4e3a\\u4e66\\u9762\\u5408\\u540c\\u7ea6\\u5b9a\\u7684\\u6536\\u6b3e\\u65e5\\u671f\\u7684\\u5f53\\u5929\",\"\\u7eb3\\u7a0e\\u4eba\\u91c7\\u53d6\\u9884\\u6536\\u8d27\\u6b3e\\u7ed3\\u7b97\\u65b9\\u5f0f\\u7684\\uff0c\\u4e3a\\u53d1\\u51fa\\u5e94\\u7a0e\\u6d88\\u8d39\\u54c1\\u7684\\u5f53\\u5929\",\"\\u7eb3\\u7a0e\\u4eba\\u91c7\\u53d6\\u6258\\u6536\\u627f\\u4ed8\\u548c\\u59d4\\u6258\\u94f6\\u884c\\u6536\\u6b3e\\u65b9\\u5f0f\\u7684\\uff0c\\u4e3a\\u53d1\\u51fa', '4', '0', '26', '1490918815', '0', '2');
INSERT INTO `ae_check` VALUES ('170', '根据企业所得税法的规定，下列支出应作为长期待摊费用的有（　　）。', '[\"\\u81ea\\u884c\\u5f00\\u53d1\\u65e0\\u5f62\\u8d44\\u4ea7\\uff0c\\u5f00\\u53d1\\u8fc7\\u7a0b\\u4e2d\\u7684\\u76f8\\u5173\\u652f\\u51fa\",\"\\u79df\\u5165\\u56fa\\u5b9a\\u8d44\\u4ea7\\u7684\\u6539\\u5efa\\u652f\\u51fa\",\"\\u56fa\\u5b9a\\u8d44\\u4ea7\\u7684\\u5927\\u4fee\\u7406\\u652f\\u51fa\",\"\\u5df2\\u8db3\\u989d\\u63d0\\u53d6\\u6298\\u65e7\\u7684\\u56fa\\u5b9a\\u8d44\\u4ea7\\u7684\\u6539\\u5efa\\u652f\\u51fa\"]', '2', '[\"\\u79df\\u5165\\u56fa\\u5b9a\\u8d44\\u4ea7\\u7684\\u6539\\u5efa\\u652f\\u51fa\",\"\\u56fa\\u5b9a\\u8d44\\u4ea7\\u7684\\u5927\\u4fee\\u7406\\u652f\\u51fa\",\"\\u5df2\\u8db3\\u989d\\u63d0\\u53d6\\u6298\\u65e7\\u7684\\u56fa\\u5b9a\\u8d44\\u4ea7\\u7684\\u6539\\u5efa\\u652f\\u51fa\"]', '4', '0', '27', '1490918815', '0', '2');
INSERT INTO `ae_check` VALUES ('171', '根据企业所得税法律制度的规定，下列项目中，不得从应纳税所得额中扣除的有（　　）。', '[\"\\u4f01\\u4e1a\\u652f\\u4ed8\\u7684\\u8fdd\\u7ea6\\u91d1\",\"\\u4f01\\u4e1a\\u4e4b\\u95f4\\u652f\\u4ed8\\u7684\\u7ba1\\u7406\\u8d39\",\"\\u4f01\\u4e1a\\u5185\\u8425\\u4e1a\\u673a\\u6784\\u4e4b\\u95f4\\u652f\\u4ed8\\u7684\\u79df\\u91d1\",\"\\u975e\\u94f6\\u884c\\u4f01\\u4e1a\\u5185\\u8425\\u4e1a\\u673a\\u6784\\u4e4b\\u95f4\\u652f\\u4ed8\\u7684\\u5229\\u606f\"]', '2', '[\"\\u4f01\\u4e1a\\u4e4b\\u95f4\\u652f\\u4ed8\\u7684\\u7ba1\\u7406\\u8d39\",\"\\u4f01\\u4e1a\\u5185\\u8425\\u4e1a\\u673a\\u6784\\u4e4b\\u95f4\\u652f\\u4ed8\\u7684\\u79df\\u91d1\",\"\\u975e\\u94f6\\u884c\\u4f01\\u4e1a\\u5185\\u8425\\u4e1a\\u673a\\u6784\\u4e4b\\u95f4\\u652f\\u4ed8\\u7684\\u5229\\u606f\"]', '4', '0', '27', '1490918815', '0', '2');
INSERT INTO `ae_check` VALUES ('172', '根据企业所得税法律制度的规定，下列关于非居民企业所得税扣缴义务人的表述中，正确的有（　　）。', '[\"\\u975e\\u5c45\\u6c11\\u4f01\\u4e1a\\u5728\\u4e2d\\u56fd\\u5883\\u5185\\u8bbe\\u7acb\\u673a\\u6784\\u3001\\u573a\\u6240\\u7684\\uff0c\\u53d6\\u5f97\\u7684\\u4e0e\\u6240\\u8bbe\\u673a\\u6784\\u3001\\u573a\\u6240\\u6709\\u5b9e\\u9645\\u8054\\u7cfb\\u7684\\u5883\\u5185\\u6240\\u5f97\\uff0c\\u4ee5\\u652f\\u4ed8\\u4eba\\u4e3a\\u6263\\u7f34\\u4e49\\u52a1\\u4eba\",\"\\u975e\\u5c45\\u6c11\\u4f01\\u4e1a\\u5728\\u4e2d\\u56fd\\u5883\\u5185\\u53d6\\u5f97\\u5de5\\u7a0b\\u4f5c\\u4e1a\\u6240\\u5f97\\uff0c\\u672a\\u6309\\u7167\\u89c4\\u5b9a\\u671f\\u9650\\u529e\\u7406\\u4f01\\u4e1a\\u6240\\u5f97\\u7a0e\\u7533\\u62a5\\u6216\\u8005\\u9884\\u7f34\\u7533\\u62a5\\u7684\\uff0c\\u53ef\\u7531\\u7a0e\\u52a1\\u673a\\u5173\\u6307\\u5b9a\\u6263\\u7f34\\u4e49\\u52a1\\u4eba\",\"\\u975e\\u5c45\\u6c11\\u4f01\\u4e1a\\u5728\\u4e2d\\u56fd\\u5883\\u5185\\u53d6\\u5f97\\u52b3\\u52a1\\u6240\\u5f97\\uff0c\\u63d0\\u4f9b\\u52b3\\u52a1\\u9650\\u671f\\u4e0d\\u8db3\\u4e00\\u4e2a\\u7eb3\\u7a0e\\u5e74\\u5ea6\\uff0c\\u4e14\\u6709\\u8bc1\\u636e\\u8868\\u660e\\u4e0d\\u5c65\\u884c\\u7eb3\\u7a0e\\u4e49\\u52a1\\u7684\\uff0c\\u53ef\\u7531\\u7a0e\\u52a1\\u673a\\u5173\\u6307\\u5b9a\\u6263\\u7f34\\u4e49\\u52a1\\u4eba\",\"\\u975e\\u5c45\\u6c11\\u4f01\\u4e1a\\u5728\\u4e2d\\u56fd\\u5883\\u5185\\u53d6\\u5f97\\u5de5\\u7a0b\\u4f5c\\u4e1a\\u6240\\u5f97\\uff0c\\u6ca1\\u6709\\u529e\\u7406\\u7a0e\\u52a1\\u767b\\u8bb0\\u4e14\\u672a\\u59d4\\u6258\\u4e2d\\u56fd\\u5883\\u5185\\u7684\\u4ee3\\u7406\\u4eba\\u5c65\\u884c\\u7eb3\\u7a0e\\u4e49\\u52a1\\u7684\\uff0c\\u53ef\\u7531\\u7a0e\\u52a1\\u673a\\u5173\\u6307\\u5b9a\\u6263\\u7f34\\u4e49\\u52a1\\u4eba\"]', '2', '[\"\\u975e\\u5c45\\u6c11\\u4f01\\u4e1a\\u5728\\u4e2d\\u56fd\\u5883\\u5185\\u53d6\\u5f97\\u5de5\\u7a0b\\u4f5c\\u4e1a\\u6240\\u5f97\\uff0c\\u672a\\u6309\\u7167\\u89c4\\u5b9a\\u671f\\u9650\\u529e\\u7406\\u4f01\\u4e1a\\u6240\\u5f97\\u7a0e\\u7533\\u62a5\\u6216\\u8005\\u9884\\u7f34\\u7533\\u62a5\\u7684\\uff0c\\u53ef\\u7531\\u7a0e\\u52a1\\u673a\\u5173\\u6307\\u5b9a\\u6263\\u7f34\\u4e49\\u52a1\\u4eba\",\"\\u975e\\u5c45\\u6c11\\u4f01\\u4e1a\\u5728\\u4e2d\\u56fd\\u5883\\u5185\\u53d6\\u5f97\\u52b3\\u52a1\\u6240\\u5f97\\uff0c\\u63d0\\u4f9b\\u52b3\\u52a1\\u9650\\u671f\\u4e0d\\u8db3\\u4e00\\u4', '4', '0', '27', '1490918815', '0', '2');
INSERT INTO `ae_check` VALUES ('173', '根据企业所得税法法律制度的规定，关于企业所得税的纳税地点，下列表述正确的有（　　）。', '[\"\\u975e\\u5c45\\u6c11\\u4f01\\u4e1a\\u5728\\u4e2d\\u56fd\\u8bbe\\u7acb\\u673a\\u6784\\u3001\\u573a\\u6240\\u7684\\uff0c\\u5747\\u4ee5\\u673a\\u6784\\u3001\\u573a\\u6240\\u6240\\u5728\\u5730\\u4e3a\\u7eb3\\u7a0e\\u5730\\u70b9\",\"\\u5c45\\u6c11\\u4f01\\u4e1a\\u767b\\u8bb0\\u6ce8\\u518c\\u5730\\u5728\\u5883\\u5916\\u7684\\uff0c\\u4ee5\\u5b9e\\u9645\\u7ba1\\u7406\\u673a\\u6784\\u6240\\u5728\\u5730\\u4e3a\\u7eb3\\u7a0e\\u5730\\u70b9\",\"\\u975e\\u5c45\\u6c11\\u4f01\\u4e1a\\u5728\\u4e2d\\u56fd\\u5883\\u5185\\u8bbe\\u7acb\\u4e24\\u4e2a\\u673a\\u6784\\u3001\\u573a\\u6240\\u7684\\uff0c\\u5206\\u522b\\u7f34\\u7eb3\\u4f01\\u4e1a\\u6240\\u5f97\\u7a0e\",\"\\u975e\\u5c45\\u6c11\\u4f01\\u4e1a\\u5728\\u4e2d\\u56fd\\u672a\\u8bbe\\u7acb\\u673a\\u6784\\u3001\\u573a\\u6240\\u7684\\uff0c\\u4ee5\\u6263\\u7f34\\u4e49\\u52a1\\u4eba\\u6240\\u5728\\u5730\\u4e3a\\u7eb3\\u7a0e\\u5730\\u70b9\"]', '2', '[\"\\u5c45\\u6c11\\u4f01\\u4e1a\\u767b\\u8bb0\\u6ce8\\u518c\\u5730\\u5728\\u5883\\u5916\\u7684\\uff0c\\u4ee5\\u5b9e\\u9645\\u7ba1\\u7406\\u673a\\u6784\\u6240\\u5728\\u5730\\u4e3a\\u7eb3\\u7a0e\\u5730\\u70b9\",\"\\u975e\\u5c45\\u6c11\\u4f01\\u4e1a\\u5728\\u4e2d\\u56fd\\u672a\\u8bbe\\u7acb\\u673a\\u6784\\u3001\\u573a\\u6240\\u7684\\uff0c\\u4ee5\\u6263\\u7f34\\u4e49\\u52a1\\u4eba\\u6240\\u5728\\u5730\\u4e3a\\u7eb3\\u7a0e\\u5730\\u70b9\"]', '4', '0', '27', '1490918815', '0', '2');
INSERT INTO `ae_check` VALUES ('174', '下列选项中，属于企业不征税收入的有（　　）。', '[\"\\u4f9d\\u6cd5\\u6536\\u53d6\\u5e76\\u7eb3\\u5165\\u8d22\\u653f\\u7ba1\\u7406\\u7684\\u884c\\u653f\\u4e8b\\u4e1a\\u6027\\u6536\\u8d39\\u3001\\u653f\\u5e9c\\u6027\\u57fa\\u91d1\",\"\\u8d22\\u653f\\u62e8\\u6b3e\",\"\\u7b26\\u5408\\u6761\\u4ef6\\u7684\\u975e\\u8425\\u5229\\u7ec4\\u7ec7\\u7684\\u6536\\u5165\",\"\\u5728\\u4e2d\\u56fd\\u5883\\u5185\\u8bbe\\u7acb\\u673a\\u6784\\u3001\\u573a\\u6240\\u7684\\u975e\\u5c45\\u6c11\\u4f01\\u4e1a\\u4ece\\u5c45\\u6c11\\u4f01\\u4e1a\\u53d6\\u5f97\\u4e0e\\u8be5\\u673a\\u6784\\u3001\\u573a\\u6240\\u6709\\u5b9e\\u9645\\u8054\\u7cfb\\u7684\\u80a1\\u606f\\u3001\\u7ea2\\u5229\\u7b49\\u6743\\u76ca\\u6027\\u6295\\u8d44\\u6536\\u76ca\\u3002\"]', '2', '[\"\\u4f9d\\u6cd5\\u6536\\u53d6\\u5e76\\u7eb3\\u5165\\u8d22\\u653f\\u7ba1\\u7406\\u7684\\u884c\\u653f\\u4e8b\\u4e1a\\u6027\\u6536\\u8d39\\u3001\\u653f\\u5e9c\\u6027\\u57fa\\u91d1\",\"\\u8d22\\u653f\\u62e8\\u6b3e\"]', '4', '0', '27', '1490918815', '0', '2');
INSERT INTO `ae_check` VALUES ('175', '根据个人所得税法律制度的规定，下列各项中，免征个人所得税的有（　　）。', '[\"\\u9648\\u67d0\\u83b7\\u5f97\\u7684\\u4fdd\\u9669\\u8d54\\u6b3e\",\"\\u94b1\\u67d0\\u51fa\\u79df\\u623f\\u5c4b\\u6240\\u5f97\",\"\\u80e1\\u67d0\\u9886\\u53d6\\u7684\\u6309\\u7167\\u56fd\\u5bb6\\u7edf\\u4e00\\u89c4\\u5b9a\\u53d1\\u7ed9\\u7684\\u8865\\u8d34\",\"\\u674e\\u67d0\\u9886\\u53d6\\u7684\\u6309\\u7167\\u56fd\\u5bb6\\u7edf\\u4e00\\u89c4\\u5b9a\\u53d1\\u7ed9\\u7684\\u9000\\u4f11\\u5de5\\u8d44\"]', '2', '[\"\\u9648\\u67d0\\u83b7\\u5f97\\u7684\\u4fdd\\u9669\\u8d54\\u6b3e\",\"\\u80e1\\u67d0\\u9886\\u53d6\\u7684\\u6309\\u7167\\u56fd\\u5bb6\\u7edf\\u4e00\\u89c4\\u5b9a\\u53d1\\u7ed9\\u7684\\u8865\\u8d34\",\"\\u674e\\u67d0\\u9886\\u53d6\\u7684\\u6309\\u7167\\u56fd\\u5bb6\\u7edf\\u4e00\\u89c4\\u5b9a\\u53d1\\u7ed9\\u7684\\u9000\\u4f11\\u5de5\\u8d44\"]', '4', '0', '27', '1490918815', '0', '2');
INSERT INTO `ae_check` VALUES ('176', '根据《个人所得税法》的规定，下列所得中，适用比例税率的有（　　）。', '[\"\\u8d22\\u4ea7\\u79df\\u8d41\\u6240\\u5f97\",\"\\u7279\\u8bb8\\u6743\\u4f7f\\u7528\\u8d39\\u6240\\u5f97\",\"\\u5de5\\u8d44\\u3001\\u85aa\\u91d1\\u6240\\u5f97\",\"\\u627f\\u5305\\u7ecf\\u8425\\u6240\\u5f97\"]', '2', '[\"\\u8d22\\u4ea7\\u79df\\u8d41\\u6240\\u5f97\",\"\\u7279\\u8bb8\\u6743\\u4f7f\\u7528\\u8d39\\u6240\\u5f97\"]', '4', '0', '27', '1490918815', '0', '2');
INSERT INTO `ae_check` VALUES ('177', '根据车船税法律制度的规定，下列车船中，免征车船税的有（　　）。', '[\"\\u8b66\\u7528\\u8f66\\u8239\",\"\\u517b\\u6b96\\u6e14\\u8239\",\"\\u8f7d\\u8d27\\u6c7d\\u8f66\",\"\\u8f7d\\u5ba2\\u6c7d\\u8f66\"]', '2', '[\"\\u8b66\\u7528\\u8f66\\u8239\",\"\\u517b\\u6b96\\u6e14\\u8239\"]', '4', '0', '28', '1490918815', '0', '2');
INSERT INTO `ae_check` VALUES ('178', '下列各项中，属于关税纳税人的有（　　）。', '[\"\\u5de5\\u8d38\\u6216\\u519c\\u8d38\\u7ed3\\u5408\\u7684\\u8fdb\\u51fa\\u53e3\\u516c\\u53f8\",\"\\u5916\\u8d38\\u8fdb\\u51fa\\u53e3\\u516c\\u53f8\",\"\\u9988\\u8d60\\u7269\\u54c1\\u4ee5\\u53ca\\u5176\\u4ed6\\u65b9\\u5f0f\\u5165\\u5883\\u4e2a\\u4eba\\u7269\\u54c1\\u7684\\u6240\\u6709\\u4eba\",\"\\u4e2a\\u4eba\\u90ae\\u9012\\u7269\\u54c1\\u7684\\u7684\\u6536\\u4ef6\\u4eba\"]', '2', '[\"\\u5de5\\u8d38\\u6216\\u519c\\u8d38\\u7ed3\\u5408\\u7684\\u8fdb\\u51fa\\u53e3\\u516c\\u53f8\",\"\\u5916\\u8d38\\u8fdb\\u51fa\\u53e3\\u516c\\u53f8\",\"\\u9988\\u8d60\\u7269\\u54c1\\u4ee5\\u53ca\\u5176\\u4ed6\\u65b9\\u5f0f\\u5165\\u5883\\u4e2a\\u4eba\\u7269\\u54c1\\u7684\\u6240\\u6709\\u4eba\",\"\\u4e2a\\u4eba\\u90ae\\u9012\\u7269\\u54c1\\u7684\\u7684\\u6536\\u4ef6\\u4eba\"]', '4', '0', '28', '1490918815', '0', '2');
INSERT INTO `ae_check` VALUES ('179', '下列各项中，免征或不征契税的有（　　）。', '[\"\\u627f\\u53d7\\u51fa\\u8ba9\\u7684\\u56fd\\u6709\\u571f\\u5730\\u4f7f\\u7528\\u6743\",\"\\u53d7\\u8d60\\u4eba\\u63a5\\u53d7\\u4ed6\\u4eba\\u8d60\\u4e0e\\u7684\\u623f\\u5c4b\",\"\\u6cd5\\u5b9a\\u7ee7\\u627f\\u4eba\\u7ee7\\u627f\\u571f\\u5730\\u3001\\u623f\\u5c4b\\u6743\\u5c5e\",\"\\u627f\\u53d7\\u8352\\u5c71\\u571f\\u5730\\u4f7f\\u7528\\u6743\\u7528\\u4e8e\\u6797\\u4e1a\\u751f\\u4ea7\"]', '2', '[\"\\u6cd5\\u5b9a\\u7ee7\\u627f\\u4eba\\u7ee7\\u627f\\u571f\\u5730\\u3001\\u623f\\u5c4b\\u6743\\u5c5e\",\"\\u627f\\u53d7\\u8352\\u5c71\\u571f\\u5730\\u4f7f\\u7528\\u6743\\u7528\\u4e8e\\u6797\\u4e1a\\u751f\\u4ea7\"]', '4', '0', '28', '1490918815', '0', '2');
INSERT INTO `ae_check` VALUES ('180', '下列各项中，主管税务机关可要求纳税人进行土地增值税清算的有（　　）。', '[\"\\u53d6\\u5f97\\u9500\\u552e\\uff08\\u9884\\u552e\\uff09\\u8bb8\\u53ef\\u8bc1\\u6ee13\\u5e74\\u4ecd\\u672a\\u9500\\u552e\\u5b8c\\u6bd5\\u7684\",\"\\u7eb3\\u7a0e\\u4eba\\u7533\\u8bf7\\u6ce8\\u9500\\u7a0e\\u52a1\\u767b\\u8bb0\\u4f46\\u672a\\u529e\\u7406\\u571f\\u5730\\u589e\\u503c\\u7a0e\\u6e05\\u7b97\\u624b\\u7eed\\u7684\",\"\\u5df2\\u7ae3\\u5de5\\u9a8c\\u6536\\u7684\\u623f\\u5730\\u4ea7\\u5f00\\u53d1\\u9879\\u76ee\\uff0c\\u5df2\\u8f6c\\u8ba9\\u7684\\u623f\\u5730\\u4ea7\\u5efa\\u7b51\\u9762\\u79ef\\u5360\\u6574\\u4e2a\\u9879\\u76ee\\u53ef\\u552e\\u5efa\\u7b51\\u9762\\u79ef\\u7684\\u6bd4\\u4f8b\\u572885%\\u4ee5\\u4e0a\\uff0c\\u6216\\u8be5\\u6bd4\\u4f8b\\u867d\\u672a\\u8d85\\u8fc785%\\uff0c\\u4f46\\u5269\\u4f59\\u7684\\u53ef\\u552e\\u5efa\\u7b51\\u9762\\u79ef\\u5df2\\u7ecf\\u51fa\\u79df\\u6216\\u81ea\\u7528\\u7684\",\"\\u76f4\\u63a5\\u8f6c\\u8ba9\\u571f\\u5730\\u4f7f\\u7528\\u6743\\u7684\"]', '2', '[\"\\u53d6\\u5f97\\u9500\\u552e\\uff08\\u9884\\u552e\\uff09\\u8bb8\\u53ef\\u8bc1\\u6ee13\\u5e74\\u4ecd\\u672a\\u9500\\u552e\\u5b8c\\u6bd5\\u7684\",\"\\u7eb3\\u7a0e\\u4eba\\u7533\\u8bf7\\u6ce8\\u9500\\u7a0e\\u52a1\\u767b\\u8bb0\\u4f46\\u672a\\u529e\\u7406\\u571f\\u5730\\u589e\\u503c\\u7a0e\\u6e05\\u7b97\\u624b\\u7eed\\u7684\",\"\\u5df2\\u7ae3\\u5de5\\u9a8c\\u6536\\u7684\\u623f\\u5730\\u4ea7\\u5f00\\u53d1\\u9879\\u76ee\\uff0c\\u5df2\\u8f6c\\u8ba9\\u7684\\u623f\\u5730\\u4ea7\\u5efa\\u7b51\\u9762\\u79ef\\u5360\\u6574\\u4e2a\\u9879\\u76ee\\u53ef\\u552e\\u5efa\\u7b51\\u9762\\u79ef\\u768', '4', '0', '28', '1490918815', '0', '2');
INSERT INTO `ae_check` VALUES ('181', '烟叶税的征税范围包括（　　）。', '[\"\\u91c7\\u6458\\u70df\\u53f6\",\"\\u667e\\u6652\\u70df\\u53f6\",\"\\u70e4\\u70df\\u53f6\",\"\\u70df\\u4e1d\"]', '2', '[\"\\u667e\\u6652\\u70df\\u53f6\",\"\\u70e4\\u70df\\u53f6\"]', '4', '0', '28', '1490918815', '0', '2');
INSERT INTO `ae_check` VALUES ('182', '下列凭证中，不应缴纳（贴）印花税的有（　　）。', '[\"\\u536b\\u751f\\u8bb8\\u53ef\\u8bc1\",\"\\u571f\\u5730\\u4f7f\\u7528\\u8bc1\",\"\\u5916\\u6c47\\u8bb8\\u53ef\\u8bc1\",\"\\u7a0e\\u52a1\\u767b\\u8bb0\\u8bc1\"]', '2', '[\"\\u536b\\u751f\\u8bb8\\u53ef\\u8bc1\",\"\\u5916\\u6c47\\u8bb8\\u53ef\\u8bc1\",\"\\u7a0e\\u52a1\\u767b\\u8bb0\\u8bc1\"]', '4', '0', '28', '1490918815', '0', '2');
INSERT INTO `ae_check` VALUES ('183', '根据规定，以下所列的印花税的计税依据正确的有（　　）。', '[\"\\u8425\\u4e1a\\u8d26\\u7c3f\\u4e2d\\u8bb0\\u8f7d\\u8d44\\u91d1\\u7684\\u8d26\\u7c3f\\u4ee5\\u201c\\u5b9e\\u6536\\u8d44\\u672c\\u201d\\u548c\\u201c\\u8d44\\u672c\\u516c\\u79ef\\u201d\\u4e24\\u9879\\u7684\\u5408\\u8ba1\\u91d1\\u989d\\u4f5c\\u4e3a\\u8ba1\\u7a0e\\u4f9d\\u636e\",\"\\u623f\\u5c4b\\u4ea7\\u6743\\u8bc1\\u6309\\u4ef6\\u8d34\\u82b1\",\"\\u540c\\u4e00\\u51ed\\u8bc1\\u4e0a\\u8bb0\\u8f7d\\u6709\\u4e24\\u4e2a\\u4e0d\\u540c\\u7a0e\\u76ee\\u7a0e\\u7387\\u7684\\u7ecf\\u6d4e\\u4e8b\\u9879\\uff0c\\u672a\\u5206\\u522b\\u8bb0\\u8f7d\\u91d1\\u989d\\u7684\\uff0c\\u6309\\u7167\\u8f83\\u4f4e\\u7684\\u7a0e\\u7387\\u8d34\\u82b1\",\"\\u5404\\u79cd\\u660e\\u7ec6\\u5206\\u7c7b\\u8d26\\u7c3f\\u6309\\u7167\\u51ed\\u8bc1\\u4ef6\\u6570\\u4f5c\\u4e3a\\u8ba1\\u7a0e\\u4f9d\\u636e\"]', '2', '[\"\\u8425\\u4e1a\\u8d26\\u7c3f\\u4e2d\\u8bb0\\u8f7d\\u8d44\\u91d1\\u7684\\u8d26\\u7c3f\\u4ee5\\u201c\\u5b9e\\u6536\\u8d44\\u672c\\u201d\\u548c\\u201c\\u8d44\\u672c\\u516c\\u79ef\\u201d\\u4e24\\u9879\\u7684\\u5408\\u8ba1\\u91d1\\u989d\\u4f5c\\u4e3a\\u8ba1\\u7a0e\\u4f9d\\u636e\",\"\\u623f\\u5c4b\\u4ea7\\u6743\\u8bc1\\u6309\\u4ef6\\u8d34\\u82b1\",\"\\u5404\\u79cd\\u660e\\u7ec6\\u5206\\u7c7b\\u8d26\\u7c3f\\u6309\\u7167\\u51ed\\u8bc1\\u4ef6\\u6570\\u4f5c\\u4e3a\\u8ba1\\u7a0e\\u4f9d\\u636e\"]', '4', '0', '28', '1490918815', '0', '2');
INSERT INTO `ae_check` VALUES ('184', '根据土地增值税法律制度的规定，下列各项中，可以免征土地增值税的有（　　）。', '[\"\\u56fd\\u5bb6\\u673a\\u5173\\u8f6c\\u8ba9\\u81ea\\u7528\\u623f\\u4ea7\",\"\\u5de5\\u4e1a\\u4f01\\u4e1a\\u4e4b\\u95f4\\u5728\\u6539\\u5236\\u91cd\\u7ec4\\u65f6\\u4ee5\\u4e0d\\u52a8\\u4ea7\\u4f5c\\u4ef7\\u5165\\u80a1\\u8fdb\\u884c\\u6295\\u8d44\",\"\\u623f\\u5730\\u4ea7\\u5f00\\u53d1\\u516c\\u53f8\\u5728\\u6539\\u5236\\u91cd\\u7ec4\\u65f6\\u4ee5\\u4e0d\\u52a8\\u4ea7\\u4f5c\\u4ef7\\u5165\\u80a1\\u8fdb\\u884c\\u6295\\u8d44\",\"\\u67d0\\u5546\\u573a\\u56e0\\u57ce\\u5e02\\u5b9e\\u65bd\\u89c4\\u5219\\u3001\\u56fd\\u5bb6\\u5efa\\u8bbe\\u7684\\u9700\\u8981\\u800c\\u81ea\\u884c\\u8f6c\\u8ba9\\u539f\\u623f\\u4ea7\"]', '2', '[\"\\u5de5\\u4e1a\\u4f01\\u4e1a\\u4e4b\\u95f4\\u5728\\u6539\\u5236\\u91cd\\u7ec4\\u65f6\\u4ee5\\u4e0d\\u52a8\\u4ea7\\u4f5c\\u4ef7\\u5165\\u80a1\\u8fdb\\u884c\\u6295\\u8d44\",\"\\u67d0\\u5546\\u573a\\u56e0\\u57ce\\u5e02\\u5b9e\\u65bd\\u89c4\\u5219\\u3001\\u56fd\\u5bb6\\u5efa\\u8bbe\\u7684\\u9700\\u8981\\u800c\\u81ea\\u884c\\u8f6c\\u8ba9\\u539f\\u623f\\u4ea7\"]', '4', '0', '28', '1490918815', '0', '2');
INSERT INTO `ae_check` VALUES ('185', '下列关于进口货物关税税率的表述，正确的有（　　）。', '[\"\\u6309\\u7167\\u7279\\u5b9a\\u51cf\\u514d\\u7a0e\\u529e\\u6cd5\\u6279\\u51c6\\u4e88\\u4ee5\\u51cf\\u514d\\u7a0e\\u7684\\u8fdb\\u53e3\\u8d27\\u7269\\uff0c\\u540e\\u56e0\\u60c5\\u51b5\\u6539\\u53d8\\u9700\\u4e88\\u8865\\u7a0e\\u7684\\uff0c\\u5e94\\u6309\\u5176\\u539f\\u8fdb\\u53e3\\u4e4b\\u65e5\\u5b9e\\u65bd\\u7684\\u7a0e\\u7387\\u5f81\\u7a0e\",\"\\u5c5e\\u4e8e\\u4fdd\\u7a0e\\u6027\\u8d28\\u7684\\u8fdb\\u53e3\\u8d27\\u7269\\uff0c\\u5982\\u672a\\u7ecf\\u6279\\u51c6\\u64c5\\u81ea\\u8f6c\\u4e3a\\u5185\\u9500\\u7684\\uff0c\\u5219\\u6309\\u6d77\\u5173\\u67e5\\u83b7\\u65e5\\u671f\\u6240\\u65bd\\u884c\\u7684\\u7a0e\\u7387\\u5f81\\u7a0e\",\"\\u6682\\u65f6\\u8fdb\\u53e3\\u8d27\\u7269\\u8f6c\\u4e3a\\u6b63\\u5f0f\\u8fdb\\u53e3\\u9700\\u4e88\\u8865\\u7a0e\\u65f6\\uff0c\\u5e94\\u6309\\u5176\\u7533\\u62a5\\u6682\\u65f6\\u8fdb\\u53e3\\u4e4b\\u65e5\\u5b9e\\u65bd\\u7684\\u7a0e\\u7387\\u5f81\\u7a0e\",\"\\u6ea2\\u5378\\u3001\\u8bef\\u5378\\u8d27\\u7269\\u4e8b\\u540e\\u786e\\u5b9a\\u9700\\u5f81\\u7a0e\\u65f6\\uff0c\\u5982\\u539f\\u8fdb\\u53e3\\u65e5\\u671f\\u65e0\\u6cd5\\u67e5\\u660e\\u7684\\uff0c\\u53ef\\u6309\\u786e\\u5b9a\\u8865\\u7a0e\\u5f53\\u5929\\u5b9e\\u65bd\\u7684\\u7a0e\\u7387\\u5f81\\u7a0e\"]', '2', '[\"\\u6309\\u7167\\u7279\\u5b9a\\u51cf\\u514d\\u7a0e\\u529e\\u6cd5\\u6279\\u51c6\\u4e88\\u4ee5\\u51cf\\u514d\\u7a0e\\u7684\\u8fdb\\u53e3\\u8d27\\u7269\\uff0c\\u540e\\u56e0\\u60c5\\u51b5\\u6539\\u53d8\\u9700\\u4e88\\u8865\\u7a0e\\u7684\\uff0c\\u5e94\\u6309\\u5176\\u539f\\u8fdb\\u53e3\\u4e4b\\u65e5\\u5b9e\\u65bd\\u7684\\u7a0e\\u7387\\u5f81\\u7a0e\",\"\\u5c5e\\u4e8e\\u4fdd\\u7a0e\\u6027\\u8d28\\u7684\\u8fdb\\u53e3\\u8d27\\u7269\\uff0c\\u5982\\u672a\\u7ecf\\u6279\\u51c6\\u64c5\\u81ea\\u8f6c\\u4e3a\\u5185\\u9500\\u7684\\uff0c\\u5219\\u6309\\u6d77\\u5173\\u67e5\\u83b7\\u65e5\\u671f\\u6', '4', '0', '28', '1490918815', '0', '2');
INSERT INTO `ae_check` VALUES ('186', '下列各项中，免于征收房产税的有（　　）。', '[\"\\u4f01\\u4e1a\\u5185\\u884c\\u653f\\u7ba1\\u7406\\u90e8\\u95e8\\u529e\\u516c\\u7528\\u623f\\u4ea7\",\"\\u4e2a\\u4eba\\u6240\\u6709\\u975e\\u8425\\u4e1a\\u7528\\u7684\\u623f\\u4ea7\",\"\\u65bd\\u5de5\\u671f\\u95f4\\u65bd\\u5de5\\u4f01\\u4e1a\\u5728\\u57fa\\u5efa\\u5de5\\u5730\\u642d\\u5efa\\u7684\\u4e34\\u65f6\\u529e\\u516c\\u7528\\u623f\\u5c4b\",\"\\u56e0\\u505c\\u5de5\\u5927\\u4fee\\u5bfc\\u81f4\\u8fde\\u7eed\\u505c\\u7528\\u534a\\u5e74\\u4ee5\\u4e0a\\u7684\\uff0c\\u623f\\u5c4b\\u5904\\u4e8e\\u5927\\u4fee\\u671f\\u95f4\"]', '2', '[\"\\u4e2a\\u4eba\\u6240\\u6709\\u975e\\u8425\\u4e1a\\u7528\\u7684\\u623f\\u4ea7\",\"\\u65bd\\u5de5\\u671f\\u95f4\\u65bd\\u5de5\\u4f01\\u4e1a\\u5728\\u57fa\\u5efa\\u5de5\\u5730\\u642d\\u5efa\\u7684\\u4e34\\u65f6\\u529e\\u516c\\u7528\\u623f\\u5c4b\",\"\\u56e0\\u505c\\u5de5\\u5927\\u4fee\\u5bfc\\u81f4\\u8fde\\u7eed\\u505c\\u7528\\u534a\\u5e74\\u4ee5\\u4e0a\\u7684\\uff0c\\u623f\\u5c4b\\u5904\\u4e8e\\u5927\\u4fee\\u671f\\u95f4\"]', '4', '0', '28', '1490918815', '0', '2');
INSERT INTO `ae_check` VALUES ('187', '根据城建税的有关规定，下列各项中，属于城建税的计税依据的有（　　）。', '[\"\\u7eb3\\u7a0e\\u4eba\\u5f53\\u671f\\u5b9e\\u9645\\u7f34\\u7eb3\\u7684\\u589e\\u503c\\u7a0e\\u7a0e\\u989d\",\"\\u7eb3\\u7a0e\\u4eba\\u5f53\\u671f\\u5b9e\\u9645\\u7f34\\u7eb3\\u7684\\u6d88\\u8d39\\u7a0e\\u7a0e\\u989d\",\"\\u7eb3\\u7a0e\\u4eba\\u88ab\\u5904\\u7f5a\\u7684\\u589e\\u503c\\u7a0e\\u3001\\u6d88\\u8d39\\u7a0e\\u7f5a\\u6b3e\",\"\\u7eb3\\u7a0e\\u4eba\\u56e0\\u6b20\\u7f34\\u6d88\\u8d39\\u7a0e\\u800c\\u52a0\\u6536\\u7684\\u6ede\\u7eb3\\u91d1\"]', '2', '[\"\\u7eb3\\u7a0e\\u4eba\\u5f53\\u671f\\u5b9e\\u9645\\u7f34\\u7eb3\\u7684\\u589e\\u503c\\u7a0e\\u7a0e\\u989d\",\"\\u7eb3\\u7a0e\\u4eba\\u5f53\\u671f\\u5b9e\\u9645\\u7f34\\u7eb3\\u7684\\u6d88\\u8d39\\u7a0e\\u7a0e\\u989d\"]', '4', '0', '28', '1490918815', '0', '2');
INSERT INTO `ae_check` VALUES ('188', '根据《车辆购置税暂行条例》的规定，属于车辆购置税征税范围的有（　　）。', '[\"\\u8d2d\\u4e70\\u4f7f\\u7528\\u56fd\\u4ea7\\u5e94\\u7a0e\\u8f66\\u8f86\",\"\\u8d2d\\u4e70\\u4f7f\\u7528\\u8fdb\\u53e3\\u5e94\\u7a0e\\u8f66\\u8f86\",\"\\u76f4\\u63a5\\u8fdb\\u53e3\\u4f7f\\u7528\\u5e94\\u7a0e\\u8f66\\u8f86\",\"\\u53d7\\u8d60\\u4f7f\\u7528\\u884c\\u4e3a\"]', '2', '[\"\\u8d2d\\u4e70\\u4f7f\\u7528\\u56fd\\u4ea7\\u5e94\\u7a0e\\u8f66\\u8f86\",\"\\u8d2d\\u4e70\\u4f7f\\u7528\\u8fdb\\u53e3\\u5e94\\u7a0e\\u8f66\\u8f86\",\"\\u76f4\\u63a5\\u8fdb\\u53e3\\u4f7f\\u7528\\u5e94\\u7a0e\\u8f66\\u8f86\",\"\\u53d7\\u8d60\\u4f7f\\u7528\\u884c\\u4e3a\"]', '4', '0', '28', '1490918815', '0', '2');
INSERT INTO `ae_check` VALUES ('189', '根据车船税法律制度的规定，下列各项中，符合车船税有关规定的有（　　）。', '[\"\\u6469\\u6258\\u8f66\\uff0c\\u4ee5\\u201c\\u8f86\\u6570\\u201d\\u4e3a\\u8ba1\\u7a0e\\u4f9d\\u636e\",\"\\u6e38\\u8247\\uff0c\\u4ee5\\u201c\\u51c0\\u5428\\u4f4d\\u6570\\u201d\\u4e3a\\u8ba1\\u7a0e\\u4f9d\\u636e\",\"\\u8f7d\\u8d27\\u6c7d\\u8f66\\uff0c\\u4ee5\\u201c\\u6574\\u5907\\u8d28\\u91cf\\u5428\\u4f4d\\u6570\\u201d\\u4e3a\\u8ba1\\u7a0e\\u4f9d\\u636e\",\"\\u8239\\u8236\\uff0c\\u4ee5\\u201c\\u51c0\\u5428\\u4f4d\\u6570\\u201d\\u4e3a\\u8ba1\\u7a0e\\u4f9d\\u636e\"]', '2', '[\"\\u6469\\u6258\\u8f66\\uff0c\\u4ee5\\u201c\\u8f86\\u6570\\u201d\\u4e3a\\u8ba1\\u7a0e\\u4f9d\\u636e\",\"\\u8f7d\\u8d27\\u6c7d\\u8f66\\uff0c\\u4ee5\\u201c\\u6574\\u5907\\u8d28\\u91cf\\u5428\\u4f4d\\u6570\\u201d\\u4e3a\\u8ba1\\u7a0e\\u4f9d\\u636e\",\"\\u8239\\u8236\\uff0c\\u4ee5\\u201c\\u51c0\\u5428\\u4f4d\\u6570\\u201d\\u4e3a\\u8ba1\\u7a0e\\u4f9d\\u636e\"]', '4', '0', '28', '1490918815', '0', '2');
INSERT INTO `ae_check` VALUES ('190', '下列有关房产税的计税依据说法正确的有（　　）。', '[\"\\u878d\\u8d44\\u79df\\u8d41\\u623f\\u5c4b\\u7684\\uff0c\\u4ee5\\u623f\\u4ea7\\u539f\\u503c\\u8ba1\\u7a0e\",\"\\u8054\\u8425\\u6295\\u8d44\\u623f\\u4ea7\\uff0c\\u5171\\u62c5\\u6295\\u8d44\\u98ce\\u9669\\u7684\\uff0c\\u4ee5\\u623f\\u4ea7\\u4f59\\u503c\\u8ba1\\u7a0e\",\"\\u51fa\\u79df\\u623f\\u4ea7\\u7684\\uff0c\\u51fa\\u79df\\u4eba\\u4ee5\\u79df\\u91d1\\u8ba1\\u7a0e\",\"\\u79df\\u5165\\u623f\\u4ea7\\u7684\\uff0c\\u627f\\u79df\\u4eba\\u4ee5\\u79df\\u91d1\\u8ba1\\u7a0e\"]', '2', '[\"\\u8054\\u8425\\u6295\\u8d44\\u623f\\u4ea7\\uff0c\\u5171\\u62c5\\u6295\\u8d44\\u98ce\\u9669\\u7684\\uff0c\\u4ee5\\u623f\\u4ea7\\u4f59\\u503c\\u8ba1\\u7a0e\",\"\\u51fa\\u79df\\u623f\\u4ea7\\u7684\\uff0c\\u51fa\\u79df\\u4eba\\u4ee5\\u79df\\u91d1\\u8ba1\\u7a0e\"]', '4', '0', '28', '1490918815', '0', '2');
INSERT INTO `ae_check` VALUES ('191', '根据税收征收管理法律制度的规定，下列各项中，属于专业发票的有（　　）。', '[\"\\u56fd\\u6709\\u94f6\\u884c\\u6c47\\u5151\\u51ed\\u8bc1\",\"\\u67d0\\u7701\\u5730\\u65b9\\u7a0e\\u52a1\\u5c40\\u901a\\u7528\\u673a\\u6253\\u53d1\\u7968\",\"\\u56fd\\u6709\\u94c1\\u8def\\u5ba2\\u7968\",\"\\u67d0\\u7701\\u56fd\\u5bb6\\u7a0e\\u52a1\\u5c40\\u901a\\u7528\\u673a\\u6253\\u53d1\\u7968\"]', '2', '[\"\\u56fd\\u6709\\u94f6\\u884c\\u6c47\\u5151\\u51ed\\u8bc1\",\"\\u56fd\\u6709\\u94c1\\u8def\\u5ba2\\u7968\"]', '4', '0', '29', '1490918815', '0', '2');
INSERT INTO `ae_check` VALUES ('192', '根据税收征收管理法律制度的规定，下列情形中，税务机关有权责令纳税人提供纳税担保的有（　　）。', '[\"\\u6b20\\u7f34\\u7a0e\\u6b3e\\u3001\\u6ede\\u7eb3\\u91d1\\u7684\\u7eb3\\u7a0e\\u4eba\\u6216\\u8005\\u5176\\u6cd5\\u5b9a\\u4ee3\\u8868\\u4eba\\u9700\\u8981\\u51fa\\u5883\\u7684\",\"\\u7eb3\\u7a0e\\u4eba\\u540c\\u7a0e\\u52a1\\u673a\\u5173\\u5728\\u7eb3\\u7a0e\\u4e0a\\u53d1\\u751f\\u4e89\\u8bae\\u800c\\u672a\\u7f34\\u6e05\\u7a0e\\u6b3e\\uff0c\\u9700\\u8981\\u7533\\u8bf7\\u884c\\u653f\\u590d\\u8bae\\u7684\",\"\\u7a0e\\u52a1\\u673a\\u5173\\u6709\\u6839\\u636e\\u8ba4\\u4e3a\\u7eb3\\u7a0e\\u4eba\\u6709\\u9003\\u907f\\u7eb3\\u7a0e\\u4e49\\u52a1\\u884c\\u4e3a\\u7684\",\"\\u672a\\u6309\\u7167\\u89c4\\u5b9a\\u7684\\u671f\\u9650\\u529e\\u7406\\u7eb3\\u7a0e\\u7533\\u62a5\\uff0c\\u7ecf\\u7a0e\\u52a1\\u673a\\u5173\\u8d23\\u4ee4\\u9650\\u671f\\u7533\\u62a5\\uff0c\\u903e\\u671f\\u4ecd\\u4e0d\\u7533\\u62a5\\u7684\"]', '2', '[\"\\u6b20\\u7f34\\u7a0e\\u6b3e\\u3001\\u6ede\\u7eb3\\u91d1\\u7684\\u7eb3\\u7a0e\\u4eba\\u6216\\u8005\\u5176\\u6cd5\\u5b9a\\u4ee3\\u8868\\u4eba\\u9700\\u8981\\u51fa\\u5883\\u7684\",\"\\u7eb3\\u7a0e\\u4eba\\u540c\\u7a0e\\u52a1\\u673a\\u5173\\u5728\\u7eb3\\u7a0e\\u4e0a\\u53d1\\u751f\\u4e89\\u8bae\\u800c\\u672a\\u7f34\\u6e05\\u7a0e\\u6b3e\\uff0c\\u9700\\u8981\\u7533\\u8bf7\\u884c\\u653f\\u590d\\u8bae\\u7684\"]', '4', '0', '29', '1490918815', '0', '2');
INSERT INTO `ae_check` VALUES ('193', '根据税收征收管理法律制度的规定，下列关于税款征收方式的表述中，正确的有（　　）。', '[\"\\u7a0e\\u6b3e\\u5f81\\u6536\\u662f\\u7a0e\\u6536\\u5f81\\u6536\\u7ba1\\u7406\\u5de5\\u4f5c\\u7684\\u4e2d\\u5fc3\\u73af\\u8282\",\"\\u8d22\\u52a1\\u5065\\u5168\\u7684\\u7eb3\\u7a0e\\u4eba\\u9002\\u7528\\u67e5\\u8d26\\u5f81\\u6536\",\"\\u751f\\u4ea7\\u7ecf\\u8425\\u89c4\\u6a21\\u8f83\\u5c0f\\u3001\\u4ea7\\u54c1\\u96f6\\u661f\\u3001\\u7a0e\\u6e90\\u5206\\u6563\\u3001\\u4f1a\\u8ba1\\u8d26\\u518c\\u4e0d\\u5065\\u5168\\uff0c\\u4f46\\u80fd\\u63a7\\u5236\\u539f\\u6750\\u6599\\u6216\\u8fdb\\u9500\\u8d27\\u7684\\u5c0f\\u578b\\u5382\\u77ff\\u9002\\u7528\\u67e5\\u5b9a\\u5f81\\u6536\",\"\\u8d26\\u52a1\\u4e0d\\u5168\\u4f46\\u80fd\\u63a7\\u5236\\u539f\\u6750\\u6599\\u6216\\u8fdb\\u9500\\u8d27\\u7684\\u4f5c\\u574a\\u9002\\u7528\\u67e5\\u9a8c\\u5f81\\u6536\"]', '2', '[\"\\u7a0e\\u6b3e\\u5f81\\u6536\\u662f\\u7a0e\\u6536\\u5f81\\u6536\\u7ba1\\u7406\\u5de5\\u4f5c\\u7684\\u4e2d\\u5fc3\\u73af\\u8282\",\"\\u8d22\\u52a1\\u5065\\u5168\\u7684\\u7eb3\\u7a0e\\u4eba\\u9002\\u7528\\u67e5\\u8d26\\u5f81\\u6536\",\"\\u751f\\u4ea7\\u7ecf\\u8425\\u89c4\\u6a21\\u8f83\\u5c0f\\u3001\\u4ea7\\u54c1\\u96f6\\u661f\\u3001\\u7a0e\\u6e90\\u5206\\u6563\\u3001\\u4f1a\\u8ba1\\u8d26\\u518c\\u4e0d\\u5065\\u5168\\uff0c\\u4f46\\u80fd\\u63a7\\u5236\\u539f\\u6750\\u6599\\u6216\\u8fdb\\u9500\\u8d27\\u7684\\u5c0f\\u578b\\u5382\\u77ff\\u9002\\u7528\\u67e5\\u5b9a\\u5f81\\u6536\"]', '4', '0', '29', '1490918815', '0', '2');
INSERT INTO `ae_check` VALUES ('194', '根据税收征收管理法律制度的规定，下列可以不办理纳税登记的有（　　）。', '[\"\\u53bf\\u6559\\u80b2\\u5c40\",\"\\u793e\\u533a\\u8bca\\u6240\",\"\\u4eba\\u6c11\\u6cd5\\u9662\",\"\\u4e0b\\u5c97\\u804c\\u5de5\\u5f00\\u7684\\u9910\\u996e\\u5e97\"]', '2', '[\"\\u53bf\\u6559\\u80b2\\u5c40\",\"\\u4eba\\u6c11\\u6cd5\\u9662\"]', '4', '0', '29', '1490918815', '0', '2');
INSERT INTO `ae_check` VALUES ('195', '根据税收征收管理法律制度的规定，税务机关作出的下列行政行为中，纳税人不服时可以选择申请税务行政复议或者直接提起行政诉讼的有（　　）。', '[\"\\u52a0\\u6536\\u6ede\\u7eb3\\u91d1\",\"\\u7f5a\\u6b3e\",\"\\u4e0d\\u4e88\\u9881\\u53d1\\u7a0e\\u52a1\\u767b\\u8bb0\\u8bc1\",\"\\u5f81\\u6536\\u7a0e\\u6b3e\"]', '2', '[\"\\u7f5a\\u6b3e\",\"\\u4e0d\\u4e88\\u9881\\u53d1\\u7a0e\\u52a1\\u767b\\u8bb0\\u8bc1\"]', '4', '0', '29', '1490918815', '0', '2');
INSERT INTO `ae_check` VALUES ('196', '根据《税收征收管理法》的规定，下列情形中，税务机关有权核定纳税人应纳税额的有（　　）。', '[\"\\u7eb3\\u7a0e\\u4eba\\u7533\\u62a5\\u7684\\u8ba1\\u7a0e\\u4f9d\\u636e\\u660e\\u663e\\u504f\\u4f4e\\uff0c\\u53c8\\u65e0\\u6b63\\u5f53\\u7406\\u7531\\u7684\",\"\\u62d2\\u4e0d\\u63d0\\u4f9b\\u7eb3\\u7a0e\\u8d44\\u6599\\u7684\",\"\\u6309\\u89c4\\u5b9a\\u5e94\\u8bbe\\u7f6e\\u8d26\\u7c3f\\u800c\\u672a\\u8bbe\\u7f6e\\u7684\",\"\\u867d\\u8bbe\\u7f6e\\u8d26\\u7c3f\\uff0c\\u4f46\\u8d26\\u76ee\\u6df7\\u4e71\\uff0c\\u96be\\u4ee5\\u67e5\\u8d26\\u7684\"]', '2', '[\"\\u7eb3\\u7a0e\\u4eba\\u7533\\u62a5\\u7684\\u8ba1\\u7a0e\\u4f9d\\u636e\\u660e\\u663e\\u504f\\u4f4e\\uff0c\\u53c8\\u65e0\\u6b63\\u5f53\\u7406\\u7531\\u7684\",\"\\u62d2\\u4e0d\\u63d0\\u4f9b\\u7eb3\\u7a0e\\u8d44\\u6599\\u7684\",\"\\u6309\\u89c4\\u5b9a\\u5e94\\u8bbe\\u7f6e\\u8d26\\u7c3f\\u800c\\u672a\\u8bbe\\u7f6e\\u7684\",\"\\u867d\\u8bbe\\u7f6e\\u8d26\\u7c3f\\uff0c\\u4f46\\u8d26\\u76ee\\u6df7\\u4e71\\uff0c\\u96be\\u4ee5\\u67e5\\u8d26\\u7684\"]', '4', '0', '29', '1490918815', '0', '2');
INSERT INTO `ae_check` VALUES ('197', '下列各项中，属于税务检查权的有（　　）。', '[\"\\u8d26\\u7c3f\\u548c\\u51ed\\u8bc1\\u7ba1\\u7406\",\"\\u67e5\\u8d26\\u6743\",\"\\u8be2\\u95ee\\u6743\",\"\\u573a\\u5730\\u68c0\\u67e5\\u6743\"]', '2', '[\"\\u67e5\\u8d26\\u6743\",\"\\u8be2\\u95ee\\u6743\",\"\\u573a\\u5730\\u68c0\\u67e5\\u6743\"]', '4', '0', '29', '1490918815', '0', '2');
INSERT INTO `ae_check` VALUES ('198', '根据《税收征收管理法》的规定，下列各项中，属于适用拍卖、变卖的情形包括（　　）。', '[\"\\u8bbe\\u7f6e\\u7eb3\\u7a0e\\u62c5\\u4fdd\\u540e\\uff0c\\u9650\\u671f\\u671f\\u6ee1\\u4ecd\\u672a\\u7f34\\u7eb3\\u6240\\u62c5\\u4fdd\\u7684\\u7a0e\\u6b3e\\u7684\",\"\\u903e\\u671f\\u4e0d\\u6309\\u89c4\\u5b9a\\u5c65\\u884c\\u590d\\u8bae\\u51b3\\u5b9a\\u7684\",\"\\u903e\\u671f\\u4e0d\\u6309\\u89c4\\u5b9a\\u5c65\\u884c\\u7a0e\\u52a1\\u5904\\u7406\\u51b3\\u5b9a\\u7684\",\"\\u91c7\\u53d6\\u7a0e\\u6536\\u4fdd\\u5168\\u63aa\\u65bd\\u540e\\uff0c\\u9650\\u671f\\u671f\\u6ee1\\u4ecd\\u672a\\u7f34\\u7eb3\\u7a0e\\u6b3e\\u7684\"]', '2', '[\"\\u8bbe\\u7f6e\\u7eb3\\u7a0e\\u62c5\\u4fdd\\u540e\\uff0c\\u9650\\u671f\\u671f\\u6ee1\\u4ecd\\u672a\\u7f34\\u7eb3\\u6240\\u62c5\\u4fdd\\u7684\\u7a0e\\u6b3e\\u7684\",\"\\u903e\\u671f\\u4e0d\\u6309\\u89c4\\u5b9a\\u5c65\\u884c\\u590d\\u8bae\\u51b3\\u5b9a\\u7684\",\"\\u903e\\u671f\\u4e0d\\u6309\\u89c4\\u5b9a\\u5c65\\u884c\\u7a0e\\u52a1\\u5904\\u7406\\u51b3\\u5b9a\\u7684\",\"\\u91c7\\u53d6\\u7a0e\\u6536\\u4fdd\\u5168\\u63aa\\u65bd\\u540e\\uff0c\\u9650\\u671f\\u671f\\u6ee1\\u4ecd\\u672a\\u7f34\\u7eb3\\u7a0e\\u6b3e\\u7684\"]', '4', '0', '29', '1490918815', '0', '2');
INSERT INTO `ae_check` VALUES ('199', '下列各项中，属于偷税行为的有（　　）。', '[\"\\u9690\\u533f\\u8d26\\u7c3f\\u3001\\u51ed\\u8bc1\\uff0c\\u5c11\\u7f34\\u5e94\\u7eb3\\u7a0e\\u6b3e\",\"\\u8fdb\\u884c\\u865a\\u5047\\u7eb3\\u7a0e\\u7533\\u62a5\\uff0c\\u5c11\\u7f34\\u5e94\\u7eb3\\u7a0e\\u6b3e\",\"\\u4ee5\\u66b4\\u529b\\u3001\\u5a01\\u80c1\\u65b9\\u6cd5\\u62d2\\u4e0d\\u7f34\\u7eb3\\u7a0e\\u6b3e\\u7684\\u884c\\u4e3a\",\"\\u4ee5\\u5047\\u62a5\\u51fa\\u53e3\\u6216\\u8005\\u5176\\u4ed6\\u6b3a\\u9a97\\u624b\\u6bb5\\uff0c\\u9a97\\u53d6\\u56fd\\u5bb6\\u51fa\\u53e3\\u9000\\u7a0e\\u6b3e\"]', '2', '[\"\\u9690\\u533f\\u8d26\\u7c3f\\u3001\\u51ed\\u8bc1\\uff0c\\u5c11\\u7f34\\u5e94\\u7eb3\\u7a0e\\u6b3e\",\"\\u8fdb\\u884c\\u865a\\u5047\\u7eb3\\u7a0e\\u7533\\u62a5\\uff0c\\u5c11\\u7f34\\u5e94\\u7eb3\\u7a0e\\u6b3e\"]', '4', '0', '29', '1490918815', '0', '2');
INSERT INTO `ae_check` VALUES ('200', '根据税收征收管理法律制度的规定，纳税人、扣缴义务人发生的下列行为中，税务机关责令改正，可以处1万元以下罚款；情节严重的，处1万元以上5万元以下罚款的有（　　）。', '[\"\\u63d0\\u4f9b\\u865a\\u5047\\u8d44\\u6599\\uff0c\\u4e0d\\u5982\\u5b9e\\u53cd\\u6620\\u60c5\\u51b5\\uff0c\\u6216\\u8005\\u62d2\\u7edd\\u63d0\\u4f9b\\u6709\\u5173\\u8d44\\u6599\\u7684\",\"\\u5728\\u68c0\\u67e5\\u671f\\u95f4\\uff0c\\u7eb3\\u7a0e\\u4eba\\u3001\\u6263\\u7f34\\u4e49\\u52a1\\u4eba\\u8f6c\\u79fb\\u3001\\u9690\\u533f\\u3001\\u9500\\u6bc1\\u6709\\u5173\\u8d44\\u6599\\u7684\",\"\\u62d2\\u7edd\\u6216\\u8005\\u963b\\u6b62\\u7a0e\\u52a1\\u673a\\u5173\\u8bb0\\u5f55\\u3001\\u5f55\\u97f3\\u3001\\u5f55\\u50cf\\u3001\\u7167\\u76f8\\u548c\\u590d\\u5370\\u4e0e\\u6848\\u4ef6\\u6709\\u5173\\u7684\\u60c5\\u51b5\\u548c\\u8d44\\u6599\\u7684\",\"\\u6709\\u4e0d\\u4f9d\\u6cd5\\u63a5\\u53d7\\u7a0e\\u52a1\\u68c0\\u67e5\\u7684\\u5176\\u4ed6\\u60c5\\u5f62\\u7684\"]', '2', '[\"\\u63d0\\u4f9b\\u865a\\u5047\\u8d44\\u6599\\uff0c\\u4e0d\\u5982\\u5b9e\\u53cd\\u6620\\u60c5\\u51b5\\uff0c\\u6216\\u8005\\u62d2\\u7edd\\u63d0\\u4f9b\\u6709\\u5173\\u8d44\\u6599\\u7684\",\"\\u5728\\u68c0\\u67e5\\u671f\\u95f4\\uff0c\\u7eb3\\u7a0e\\u4eba\\u3001\\u6263\\u7f34\\u4e49\\u52a1\\u4eba\\u8f6c\\u79fb\\u3001\\u9690\\u533f\\u3001\\u9500\\u6bc1\\u6709\\u5173\\u8d44\\u6599\\u7684\",\"\\u62d2\\u7edd\\u6216\\u8005\\u963b\\u6b62\\u7a0e\\u52a1\\u673a\\u5173\\u8bb0\\u5f55\\u3001\\u5f55\\u97f3\\u3001\\u5f55\\u50cf\\u3001\\u7167\\u76f8\\u548c\\u590d\\u5370\\u4e0e\\u6848\\u4ef6\\u6709', '4', '0', '29', '1490918815', '0', '2');
INSERT INTO `ae_check` VALUES ('201', '根据发票管理法律制度的规定，下列关于发票开具和保管的表述中，符合法律规定的有（　　）。', '[\"\\u4e0d\\u5f97\\u4e3a\\u4ed6\\u4eba\\u5f00\\u5177\\u4e0e\\u5b9e\\u9645\\u7ecf\\u8425\\u4e1a\\u52a1\\u4e0d\\u7b26\\u7684\\u53d1\\u7968\",\"\\u5df2\\u7ecf\\u5f00\\u5177\\u7684\\u53d1\\u7968\\u5b58\\u6839\\u8054\\u548c\\u53d1\\u7968\\u767b\\u8bb0\\u7c3f\\u5e94\\u5f53\\u4fdd\\u5b583\\u5e74\",\"\\u53d6\\u5f97\\u53d1\\u7968\\u65f6\\uff0c\\u4e0d\\u5f97\\u8981\\u6c42\\u53d8\\u66f4\\u54c1\\u540d\\u548c\\u91d1\\u989d\",\"\\u5f00\\u5177\\u53d1\\u7968\\u7684\\u5355\\u4f4d\\u548c\\u4e2a\\u4eba\\u5e94\\u5f53\\u5efa\\u7acb\\u53d1\\u7968\\u4f7f\\u7528\\u767b\\u8bb0\\u5236\\u5ea6\\uff0c\\u8bbe\\u7f6e\\u53d1\\u7968\\u767b\\u8bb0\\u7c3f\"]', '2', '[\"\\u4e0d\\u5f97\\u4e3a\\u4ed6\\u4eba\\u5f00\\u5177\\u4e0e\\u5b9e\\u9645\\u7ecf\\u8425\\u4e1a\\u52a1\\u4e0d\\u7b26\\u7684\\u53d1\\u7968\",\"\\u53d6\\u5f97\\u53d1\\u7968\\u65f6\\uff0c\\u4e0d\\u5f97\\u8981\\u6c42\\u53d8\\u66f4\\u54c1\\u540d\\u548c\\u91d1\\u989d\",\"\\u5f00\\u5177\\u53d1\\u7968\\u7684\\u5355\\u4f4d\\u548c\\u4e2a\\u4eba\\u5e94\\u5f53\\u5efa\\u7acb\\u53d1\\u7968\\u4f7f\\u7528\\u767b\\u8bb0\\u5236\\u5ea6\\uff0c\\u8bbe\\u7f6e\\u53d1\\u7968\\u767b\\u8bb0\\u7c3f\"]', '4', '0', '29', '1490918815', '0', '2');
INSERT INTO `ae_check` VALUES ('202', '下列证件中，属于“五证合一”的有（　　）。', '[\"\\u7ec4\\u7ec7\\u673a\\u6784\\u4ee3\\u7801\",\"\\u7a0e\\u52a1\\u767b\\u8bb0\\u8bc1\",\"\\u5de5\\u5546\\u8425\\u4e1a\\u6267\\u7167\",\"\\u7eb3\\u7a0e\\u6e05\\u7f34\\u51ed\\u8bc1\"]', '2', '[\"\\u7ec4\\u7ec7\\u673a\\u6784\\u4ee3\\u7801\",\"\\u7a0e\\u52a1\\u767b\\u8bb0\\u8bc1\",\"\\u5de5\\u5546\\u8425\\u4e1a\\u6267\\u7167\"]', '4', '0', '29', '1490918815', '0', '2');

-- ----------------------------
-- Table structure for ae_course_purchase
-- ----------------------------
DROP TABLE IF EXISTS `ae_course_purchase`;
CREATE TABLE `ae_course_purchase` (
  `course_purchase_id` int(11) unsigned NOT NULL AUTO_INCREMENT,
  `course_purchase_type_id` int(10) unsigned NOT NULL COMMENT '课程选购类id',
  `exam_cat_id` int(10) unsigned NOT NULL COMMENT '考试类别(顶级)id',
  `acc_cat_id` int(10) unsigned NOT NULL COMMENT '科目id，也就是顶级的下一级',
  `ori_price` int(10) unsigned NOT NULL DEFAULT '0' COMMENT '原来价格',
  `cur_price` int(10) unsigned NOT NULL DEFAULT '0' COMMENT '现价格（也就是要付款的价格）',
  `desc` varchar(1000) NOT NULL COMMENT '简介',
  `contain` varchar(255) NOT NULL COMMENT '包含的内容',
  `is_del` tinyint(1) NOT NULL,
  `create_time` int(11) unsigned NOT NULL DEFAULT '0' COMMENT '创建时间',
  PRIMARY KEY (`course_purchase_id`)
) ENGINE=InnoDB AUTO_INCREMENT=17 DEFAULT CHARSET=utf8 COMMENT='设置课程，课程选购设置列表';

-- ----------------------------
-- Records of ae_course_purchase
-- ----------------------------
INSERT INTO `ae_course_purchase` VALUES ('1', '1', '1', '2', '1', '2', '3', '', '1', '1491473071');
INSERT INTO `ae_course_purchase` VALUES ('2', '3', '2', '4', '3', '4', '2', '', '0', '1491473105');
INSERT INTO `ae_course_purchase` VALUES ('3', '4', '2', '5', '4', '15', 'ds', '14,17', '1', '1491479783');
INSERT INTO `ae_course_purchase` VALUES ('4', '4', '2', '4', '4', '3', '3', '13', '0', '1491480108');
INSERT INTO `ae_course_purchase` VALUES ('5', '1', '1', '2', '5', '5', '3', '', '1', '1491480879');
INSERT INTO `ae_course_purchase` VALUES ('6', '1', '1', '2', '3', '2', '2', '', '1', '1491480915');
INSERT INTO `ae_course_purchase` VALUES ('7', '1', '1', '2', '55', '4', '3', '', '1', '1491480961');
INSERT INTO `ae_course_purchase` VALUES ('8', '1', '1', '2', '55', '4', '3', '', '0', '1491481000');
INSERT INTO `ae_course_purchase` VALUES ('9', '2', '1', '2', '4', '3', '34', '', '0', '1491481749');
INSERT INTO `ae_course_purchase` VALUES ('10', '4', '1', '2', '4', '3', '4', '15', '0', '1491482602');
INSERT INTO `ae_course_purchase` VALUES ('11', '1', '2', '5', '33', '22', '中国人，测试基础课程简介！！', '', '0', '1491483600');
INSERT INTO `ae_course_purchase` VALUES ('12', '2', '2', '5', '78', '32', '测试考点精析简介', '', '0', '1491483639');
INSERT INTO `ae_course_purchase` VALUES ('13', '3', '2', '5', '94', '34', '章节练习简介', '', '0', '1491483670');
INSERT INTO `ae_course_purchase` VALUES ('14', '4', '2', '5', '4', '15', 'ds', '14,17,18', '1', '1491483677');
INSERT INTO `ae_course_purchase` VALUES ('15', '4', '2', '5', '4', '15', 'ds', '14,18', '1', '1491483684');
INSERT INTO `ae_course_purchase` VALUES ('16', '4', '2', '5', '4', '15', '考前冲刺简介', '14,18', '0', '1491484041');

-- ----------------------------
-- Table structure for ae_course_purchase_type
-- ----------------------------
DROP TABLE IF EXISTS `ae_course_purchase_type`;
CREATE TABLE `ae_course_purchase_type` (
  `course_purchase_type_id` int(10) unsigned NOT NULL AUTO_INCREMENT,
  `course_purchase_type_name` varchar(30) NOT NULL,
  `is_del` tinyint(1) NOT NULL DEFAULT '0' COMMENT '是否删除 0否 1是',
  PRIMARY KEY (`course_purchase_type_id`)
) ENGINE=InnoDB AUTO_INCREMENT=5 DEFAULT CHARSET=utf8 COMMENT='课程选购分类';

-- ----------------------------
-- Records of ae_course_purchase_type
-- ----------------------------
INSERT INTO `ae_course_purchase_type` VALUES ('1', '基础课程', '0');
INSERT INTO `ae_course_purchase_type` VALUES ('2', '考点精析', '0');
INSERT INTO `ae_course_purchase_type` VALUES ('3', '章节练习', '0');
INSERT INTO `ae_course_purchase_type` VALUES ('4', '考前冲刺', '0');

-- ----------------------------
-- Table structure for ae_exam
-- ----------------------------
DROP TABLE IF EXISTS `ae_exam`;
CREATE TABLE `ae_exam` (
  `exam_id` int(10) unsigned NOT NULL AUTO_INCREMENT,
  `member_id` int(10) unsigned NOT NULL DEFAULT '0' COMMENT '会员id',
  `exam_cat_id` int(11) NOT NULL COMMENT '顶级（考试类）id',
  `acc_cat_id` int(11) NOT NULL COMMENT '考试科目类id',
  `papers_id` int(10) unsigned NOT NULL DEFAULT '0' COMMENT '科目id',
  `que_type_id` tinyint(2) NOT NULL DEFAULT '0' COMMENT '试题类型',
  `que_id` int(10) unsigned NOT NULL DEFAULT '0' COMMENT '试题id',
  `member_answer` varchar(2000) NOT NULL COMMENT '答案',
  `is_correct` tinyint(1) unsigned NOT NULL DEFAULT '0' COMMENT '是否正确 0否 1是',
  `score` tinyint(3) unsigned NOT NULL DEFAULT '0' COMMENT '得分',
  `create_time` int(11) NOT NULL COMMENT '创建时间',
  PRIMARY KEY (`exam_id`)
) ENGINE=InnoDB AUTO_INCREMENT=87 DEFAULT CHARSET=utf8 COMMENT='会计--会员考试记录';

-- ----------------------------
-- Records of ae_exam
-- ----------------------------

-- ----------------------------
-- Table structure for ae_exam_cat
-- ----------------------------
DROP TABLE IF EXISTS `ae_exam_cat`;
CREATE TABLE `ae_exam_cat` (
  `exam_cat_id` int(10) unsigned NOT NULL AUTO_INCREMENT,
  `exam_cat_name` varchar(100) NOT NULL COMMENT '考试类别名称',
  `keywords` varchar(200) NOT NULL COMMENT '关键词',
  `desc` varchar(255) NOT NULL COMMENT '介绍',
  `description` varchar(1000) NOT NULL COMMENT '描述',
  `is_del` tinyint(1) unsigned NOT NULL DEFAULT '0' COMMENT '是否删除 0否 1是',
  `create_time` int(11) unsigned NOT NULL DEFAULT '0' COMMENT '创建时间',
  PRIMARY KEY (`exam_cat_id`)
) ENGINE=InnoDB AUTO_INCREMENT=14 DEFAULT CHARSET=utf8 COMMENT='会计--考试类别(顶级)';

-- ----------------------------
-- Records of ae_exam_cat
-- ----------------------------
INSERT INTO `ae_exam_cat` VALUES ('1', '会计从业考试', '会计从业--', '有工作经验，想尽快提高工作能力和业务水平的会计人员. ', '会计从业--', '0', '1486539057');
INSERT INTO `ae_exam_cat` VALUES ('2', '初级会计职称', '初级会计职称--关键词', '有工作经验，想尽快提高工作能力和业务水平的会计人员. ', '初级会计职称--描述', '0', '1486539057');
INSERT INTO `ae_exam_cat` VALUES ('3', '中级会计职称', '中级会计职称--关键词', 'sadsadsad', '中级会计职称--描述', '0', '1486539057');
INSERT INTO `ae_exam_cat` VALUES ('4', '注册会计师', '注册会计师--关键词', '而沃尔沃', '注册会计师--描述', '0', '1486539057');
INSERT INTO `ae_exam_cat` VALUES ('5', '银行职业资格', '银行职业资格--关键词', '的说法都是', '银行职业资格--描述', '0', '1486539057');
INSERT INTO `ae_exam_cat` VALUES ('6', '税务师', '税务师--关键词', '水电费第三方', '税务师--描述', '0', '1486539057');

-- ----------------------------
-- Table structure for ae_exam_list
-- ----------------------------
DROP TABLE IF EXISTS `ae_exam_list`;
CREATE TABLE `ae_exam_list` (
  `exam_list_id` int(10) unsigned NOT NULL AUTO_INCREMENT,
  `member_id` int(11) DEFAULT NULL,
  `exam_cat_id` int(11) NOT NULL COMMENT '顶级（考试类）id',
  `acc_cat_id` int(11) NOT NULL COMMENT '考试科目类id',
  `subject_id` int(10) unsigned NOT NULL DEFAULT '0' COMMENT '科目id',
  `total_score` int(11) NOT NULL DEFAULT '0' COMMENT '总分',
  PRIMARY KEY (`exam_list_id`)
) ENGINE=InnoDB AUTO_INCREMENT=2 DEFAULT CHARSET=utf8 COMMENT='会计--考试（提交试卷）列表';

-- ----------------------------
-- Records of ae_exam_list
-- ----------------------------
INSERT INTO `ae_exam_list` VALUES ('1', '1', '1', '3', '3', '90');

-- ----------------------------
-- Table structure for ae_judgment
-- ----------------------------
DROP TABLE IF EXISTS `ae_judgment`;
CREATE TABLE `ae_judgment` (
  `judgment_id` int(11) unsigned NOT NULL AUTO_INCREMENT,
  `judgment_topic` varchar(1000) NOT NULL COMMENT '单选标题',
  `exam_cat_id` int(10) unsigned NOT NULL,
  `judgment_answer` tinyint(1) NOT NULL DEFAULT '0' COMMENT '判断答案 0 不正确  1 正确',
  `acc_cat_id` int(11) unsigned DEFAULT NULL,
  `admin_id` smallint(5) unsigned NOT NULL DEFAULT '0' COMMENT '管理员id',
  `subject_id` int(10) unsigned NOT NULL DEFAULT '0' COMMENT '科目id',
  `create_time` int(11) unsigned NOT NULL DEFAULT '0' COMMENT '创建时间',
  `is_del` tinyint(1) NOT NULL DEFAULT '0' COMMENT '是否删除 0否 1是',
  `score` smallint(3) NOT NULL DEFAULT '0' COMMENT '分值',
  PRIMARY KEY (`judgment_id`)
) ENGINE=InnoDB AUTO_INCREMENT=190 DEFAULT CHARSET=utf8 COMMENT='会计--判断题';

-- ----------------------------
-- Records of ae_judgment
-- ----------------------------
INSERT INTO `ae_judgment` VALUES ('1', '企业进行在建工程预付的工程价款，应在“预付账款”科目核算。（　） ', '2', '1', '5', '0', '13', '1487674348', '0', '1');
INSERT INTO `ae_judgment` VALUES ('2', '企业无法可靠区分研究阶段和开发阶段支出的，应将其所发生的研发支出全部资本化计入无形资产成本。（　） ', '2', '0', '5', '0', '13', '1487674348', '0', '1');
INSERT INTO `ae_judgment` VALUES ('3', '企业将某项房地产部分用于出租、部分自用，且出租部分能单独计量和出售，企业应将该项房地产整体确认为投资性房地产。（　） ', '2', '0', '5', '0', '13', '1487674348', '0', '1');
INSERT INTO `ae_judgment` VALUES ('4', '投资性房地产从成本计量模式转为公允价值计量模式的，应当作为会计政策变更处理，将计量模式变更时公允价值与账面价值之间的差额，调整当期损益。（　） ', '2', '0', '5', '0', '13', '1487674348', '0', '1');
INSERT INTO `ae_judgment` VALUES ('5', '长期股权投资采用权益法核算的，在持股比例不变的情况下，被投资单位发生的除净损益、其他综合收益及利润分配以外的所有者权益的其他变动，企业按照持股比例应享有的份额，借记或贷记“资本公积——资本溢价（股本溢价）”。（　） ', '2', '0', '5', '0', '13', '1487674348', '0', '1');
INSERT INTO `ae_judgment` VALUES ('6', '权益法下，被投资单位所持有的可供出售金融资产公允价值发生变动，投资方不做处理。（　） ', '2', '0', '5', '0', '13', '1487674348', '0', '1');
INSERT INTO `ae_judgment` VALUES ('7', '企业取得可供出售金融资产支付的价款中包含已宣告但尚未发放的现金股利或已到付息期但尚未领取的债券利息，应当单独确认为应收项目，不构成可供出售金融资产的初始入账金额。（　） ', '2', '1', '5', '0', '13', '1487674348', '0', '1');
INSERT INTO `ae_judgment` VALUES ('8', '处置可供出售金融资产时，应将取得的价款与该金融资产账面价值之间的差额，计入投资损益；原直接计入所有者权益的公允价值变动累计额不需要进行会计处理。（　） ', '2', '0', '5', '0', '13', '1487674348', '0', '1');
INSERT INTO `ae_judgment` VALUES ('9', '与固定资产有关的经济利益预期实现方式有重大改变的，应当改变固定资产折旧方法，并作为会计估计变更进行会计处理。（　） ', '2', '1', '5', '0', '13', '1487674348', '0', '1');
INSERT INTO `ae_judgment` VALUES ('10', '已达到预定可使用状态但尚未办理竣工决算的固定资产不应计提折旧。（　） ', '2', '0', '5', '0', '13', '1487674348', '0', '1');
INSERT INTO `ae_judgment` VALUES ('11', '企业购入不需要安装的生产设备，购买价款超过正常信用条件延期支付，实质具有融资性质的，应当以购买价款的现值为基础确定其成本。（ ） ', '2', '1', '5', '0', '13', '1487674348', '0', '1');
INSERT INTO `ae_judgment` VALUES ('12', '企业取得长期股权投资，实际支付的价款中包含已宣告但尚未发放的现金股利或利润，应该计入长期股权投资的成本。（　） ', '2', '0', '5', '0', '13', '1487674348', '0', '1');
INSERT INTO `ae_judgment` VALUES ('13', '企业以经营租赁方式租入的固定资产发生的改良支出，应记入“管理费用”科目。（　） ', '2', '0', '5', '0', '13', '1487674348', '0', '1');
INSERT INTO `ae_judgment` VALUES ('14', '企业采用计划成本进行材料日常核算时，月末分摊材料成本差异时，超支差异计入“材料成本差异”科目的借方，节约差异计入“材料成本差异”的贷方。（　） ', '2', '0', '5', '0', '13', '1487674348', '0', '1');
INSERT INTO `ae_judgment` VALUES ('15', '专门用于生产某产品的无形资产，其所包含的经济利益通过所生产的产品实现的，该无形资产的摊销额应计入产品成本。（　） ', '2', '1', '5', '0', '13', '1487674348', '0', '1');
INSERT INTO `ae_judgment` VALUES ('16', '企业转让采用公允价值模式计量的投资性房地产时，如果存在原转换日计入其他综合收益的金额，也一并结转，贷记“其他业务收入”科目。（　） ', '2', '0', '5', '0', '13', '1487674348', '0', '1');
INSERT INTO `ae_judgment` VALUES ('17', '企业持有的可供出售金融资产如果发生减值，以后价值回升，之前计提的减值不能转回。（　） ', '2', '0', '5', '0', '13', '1487674348', '0', '1');
INSERT INTO `ae_judgment` VALUES ('18', '交易性金融资产处置时，只需要将公允价值变动损益当期的发生额转入投资收益科目即可。（　） ', '2', '0', '5', '0', '13', '1487674348', '0', '1');
INSERT INTO `ae_judgment` VALUES ('19', '采用月末一次加权平均法的只在月末一次计算加权平均单价，比较简单，有利于简化成本计算工作。（　） ', '2', '1', '5', '0', '13', '1487674348', '0', '1');
INSERT INTO `ae_judgment` VALUES ('20', '商品流通企业在采购商品过程中发生的运杂费等进货费用，应当计入存货采购成本。进货费用数额较小的，也可以在发生时直接计入当期费用。（　） ', '2', '1', '5', '0', '13', '1487674348', '0', '1');
INSERT INTO `ae_judgment` VALUES ('21', '处置长期股权投资时，不同时结转已计提的长期股权投资减值准备，待期末一并调整。（　） ', '2', '0', '5', '0', '13', '1487674348', '0', '1');
INSERT INTO `ae_judgment` VALUES ('22', '企业对包装物采用计划成本核算，对于随同商品出售而不单独计价的包装物，企业应在发出该包装物时，按计划成本计入销售费用。（　） ', '2', '0', '5', '0', '13', '1487674348', '0', '1');
INSERT INTO `ae_judgment` VALUES ('23', '预收账款不多的企业，可以不设置“预收账款”科目。企业预收客户货款时，直接将其记入“应收账款”科目的借方。（　）', '2', '0', '5', '0', '14', '1489834404', '0', '1');
INSERT INTO `ae_judgment` VALUES ('24', '经股东大会批准，企业对外宣告分配现金股利时，应确认一项负债。（　）', '2', '1', '5', '0', '14', '1489834404', '0', '1');
INSERT INTO `ae_judgment` VALUES ('25', '暂收个人的款项和经营租入固定资产的未付租金应通过“其他应付款”科目核算。（　）', '2', '1', '5', '0', '14', '1489834404', '0', '1');
INSERT INTO `ae_judgment` VALUES ('26', '企业购进的货物发生非常损失，以及将购进货物改变用途的（如用于非应税项目、集体福利或个人消费等），其进项税额应通过“应交税费—应交增值税（进项税额转出）”科目核算。（　）', '2', '1', '5', '0', '14', '1489834404', '0', '1');
INSERT INTO `ae_judgment` VALUES ('27', '企业进口应税物资在进口环节应交的消费税，应计入“应交税费——应交消费税”科目中。（　）', '2', '0', '5', '0', '14', '1489834404', '0', '1');
INSERT INTO `ae_judgment` VALUES ('28', '企业按规定计算的代扣代缴的职工个人所得税，借记“管理费用”等科目，贷记“其他应付款”科目。（　）', '2', '0', '5', '0', '14', '1489834404', '0', '1');
INSERT INTO `ae_judgment` VALUES ('29', '企业按面值发行债券时，借记“银行存款”科目，贷记“应付债券——面值”科目，存在差额的，应记入“投资收益”科目。（　）', '2', '0', '5', '0', '14', '1489834404', '0', '1');
INSERT INTO `ae_judgment` VALUES ('30', '增值税小规模纳税人购进货物支付的增值税直接计入有关货物的成本。（ ）', '2', '1', '5', '0', '14', '1489834404', '0', '1');
INSERT INTO `ae_judgment` VALUES ('31', '企业购入货物验收入库后，若货款尚未支付，发票账单尚未收到，应在月末按照估计的金额确认一笔负债，反映在资产负债表有关负债项目中。（　）', '2', '1', '5', '0', '14', '1489834404', '0', '1');
INSERT INTO `ae_judgment` VALUES ('32', '企业的出口产品按照规定退税的，按照应收的退税额计入企业的“营业外收入”科目中。（　）', '2', '0', '5', '0', '14', '1489834404', '0', '1');
INSERT INTO `ae_judgment` VALUES ('33', '企业发行股票支付的手续费，如果是溢价发行股票的，应从溢价中抵扣，冲减资本公积（股本溢价），无溢价或溢价金额不足以抵扣的，应将不足抵扣的部分冲减盈余公积和未分配利润。（　）', '2', '1', '5', '0', '15', '1490176428', '0', '1');
INSERT INTO `ae_judgment` VALUES ('34', '企业清算时应先返还所有者的所有者权益，再清偿企业的负债。（　）', '2', '0', '5', '0', '15', '1490176428', '0', '1');
INSERT INTO `ae_judgment` VALUES ('35', '收入能够导致企业所有者权益增加，但导致所有者权益增加的不一定都是收入。（　）', '2', '1', '5', '0', '15', '1490176428', '0', '1');
INSERT INTO `ae_judgment` VALUES ('36', '企业减少实收资本应按法定程序报经批准，股份有限公司采用收购本公司股票方式减资的，按股票面值和注销股数计算的股票面值总额冲减股本，按注销库存股的账面余额与所冲减股本差额冲减盈余公积。（　）', '2', '0', '5', '0', '15', '1490176428', '0', '1');
INSERT INTO `ae_judgment` VALUES ('37', '无论是以税前利润还是以税后利润弥补亏损，在会计上都无需做专门的会计分录，所不同的只是两者计算交纳所得税时的处理不同而已。（　）', '2', '1', '5', '0', '15', '1490176428', '0', '1');
INSERT INTO `ae_judgment` VALUES ('38', '不管企业期初是否存在未弥补的亏损，当期计提法定盈余公积的基数都是当期实现的净利润。（　）', '2', '0', '5', '0', '15', '1490176428', '0', '1');
INSERT INTO `ae_judgment` VALUES ('39', '企业计提法定盈余公积的基数是当年实现的净利润和企业年初未分配利润之和。（　）', '2', '0', '5', '0', '15', '1490176428', '0', '1');
INSERT INTO `ae_judgment` VALUES ('40', '实收资本的构成比例或股东的股份比例，是确定所有者在企业所有者权益中份额的基础，但不是企业进行利润或股利分配的依据。（　）', '2', '0', '5', '0', '15', '1490176428', '0', '1');
INSERT INTO `ae_judgment` VALUES ('41', '留存收益包括资本公积和未分配利润。（　）', '2', '0', '5', '0', '15', '1490176428', '0', '1');
INSERT INTO `ae_judgment` VALUES ('42', '企业以盈余公积向投资者分配现金股利，不会引起留存收益总额的变动。（　）', '2', '0', '5', '0', '15', '1490176428', '0', '1');
INSERT INTO `ae_judgment` VALUES ('43', '企业发生的销售退回，均应在发生时冲减发生当期的销售商品收入，同时冲减当期销售商品成本以及税金。（　）', '2', '0', '5', '0', '16', '1490235098', '0', '1');
INSERT INTO `ae_judgment` VALUES ('44', '企业对外提供劳务，所实现的收入通过其他业务收入核算，结转的相关成本通过其他业务成本核算。（　）', '2', '0', '5', '0', '16', '1490235098', '0', '1');
INSERT INTO `ae_judgment` VALUES ('45', '企业对于在同一会计期间内能够一次完成的劳务，应分期采用完工百分比法确认收入和结转成本。（　）', '2', '0', '5', '0', '16', '1490235098', '0', '1');
INSERT INTO `ae_judgment` VALUES ('46', '企业购买商品附有商业折扣的，如果商业折扣实际发生了，则应按扣除商业折扣后的含税金额作为应付账款的入账价值。（　）', '2', '1', '5', '0', '16', '1490235098', '0', '1');
INSERT INTO `ae_judgment` VALUES ('47', '发出的商品不符合收入确认条件，但如果销售该商品的纳税义务已经发生，企业应当确认应交的增值税销项税额，借记“应收账款”，贷记“应交税费——应交增值税（销项税额）”。（　）', '2', '1', '5', '0', '16', '1490235098', '0', '1');
INSERT INTO `ae_judgment` VALUES ('48', '企业采用支付手续费方式委托代销商品，委托方确认商品销售收入的时间是发出商品时。（　）', '2', '0', '5', '0', '16', '1490235098', '0', '1');
INSERT INTO `ae_judgment` VALUES ('49', '预收款销售方式下，销售方直到收到最后一笔款项时才将商品交付给购货方，在此之前按照预收的货款确认相等金额的收入。（　）', '2', '0', '5', '0', '16', '1490235098', '0', '1');
INSERT INTO `ae_judgment` VALUES ('50', '企业销售商品确认收入后，对于客户实际享受的现金折扣应当确认为当期财务费用。（　）', '2', '1', '5', '0', '16', '1490235098', '0', '1');
INSERT INTO `ae_judgment` VALUES ('51', '企业的收入包括主营业务收入、其他业务收入和营业外收入。（　）', '2', '0', '5', '0', '16', '1490235098', '0', '1');
INSERT INTO `ae_judgment` VALUES ('52', '企业出售原材料取得的款项扣除其成本及相关费用后的净额，应当记入“营业外收入”或“营业外支出”。（　）', '2', '0', '5', '0', '16', '1490235098', '0', '1');
INSERT INTO `ae_judgment` VALUES ('53', '以销售商品、提供劳务为主营业务的企业，销售单独计价的包装物实现的收入通过“主营业务收入”科目进行核算。（　）', '2', '0', '5', '0', '16', '1490235098', '0', '1');
INSERT INTO `ae_judgment` VALUES ('54', '甲企业2011年12月向乙企业提供某专利的使用权。合同规定：使用期10年，一次性收取使用费360 000元，不提供后续服务，款项已经收到。则甲企业当年应确认的使用费收入为360 000元。（　）', '2', '1', '5', '0', '16', '1490235098', '0', '1');
INSERT INTO `ae_judgment` VALUES ('55', '应当在确认销售商品收入、提供劳务收入等时，将已销售商品、已提供劳务的成本等计入当期损益。（　）', '2', '1', '5', '0', '17', '1490237340', '0', '1');
INSERT INTO `ae_judgment` VALUES ('56', '收回出租包装物因不能使用而报废的残料价值，应通过“销售费用”科目核算。（　）', '2', '0', '5', '0', '17', '1490237340', '0', '1');
INSERT INTO `ae_judgment` VALUES ('57', '工业企业利润表中“营业税金及附加”项目不包括增值税和土地增值税。（　）', '2', '1', '5', '0', '17', '1490237340', '0', '1');
INSERT INTO `ae_judgment` VALUES ('58', '企业出售固定资产应交的营业税，应列入利润表的“营业税金及附加”项目。（　）', '2', '0', '5', '0', '17', '1490237340', '0', '1');
INSERT INTO `ae_judgment` VALUES ('59', '某企业2014年年初有上年形成的亏损25万元，当年实现利润总额15万元，所得税税率为25％。假设以前年度没有亏损，则企业2014年不需要交纳企业所得税。（　）', '2', '1', '5', '0', '17', '1490237340', '0', '1');
INSERT INTO `ae_judgment` VALUES ('60', '“营业税金及附加”科目核算的内容不包括印花税、契税、增值税和城市维护建设税。（　）', '2', '0', '5', '0', '17', '1490237340', '0', '1');
INSERT INTO `ae_judgment` VALUES ('61', '企业筹建期间的借款费用、资本化的借款利息支出、销售商品发生的商业折扣和支付的银行承兑汇票手续费都通过财务费用科目核算。（　）', '2', '0', '5', '0', '17', '1490237340', '0', '1');
INSERT INTO `ae_judgment` VALUES ('62', '企业向银行或其他金融机构借入的各种款项，所发生的利息均应计入“财务费用”。（　）', '2', '0', '5', '0', '17', '1490237340', '0', '1');
INSERT INTO `ae_judgment` VALUES ('63', '企业生产经营期间的长期借款利息支出应该全部计入财务费用中。（　）', '2', '0', '5', '0', '17', '1490237340', '0', '1');
INSERT INTO `ae_judgment` VALUES ('64', '管理费用、资产减值损失、营业税金及附加和营业外收入都会影响企业的营业利润。（　）', '2', '0', '5', '0', '18', '1490254218', '0', '1');
INSERT INTO `ae_judgment` VALUES ('65', '甲企业本期主营业务收入为500万元，主营业务成本为300万元，其他业务收入为200万元，其他业务成本为100万元，销售费用为15万元，资产减值损失为45万元，公允价值变动收益为60万元，投资收益为20万元，营业外收入为50万元，所得税费用为95万元，假定不考虑其他因素，该企业本期利润总额为370万元。（　）', '2', '1', '5', '0', '18', '1490254218', '0', '1');
INSERT INTO `ae_judgment` VALUES ('66', '某企业完成政府下达技能培训任务，收到财政补助资金150万元，所以该企业应当确认的递延收益为150万元。（　）', '2', '0', '5', '0', '18', '1490254218', '0', '1');
INSERT INTO `ae_judgment` VALUES ('67', '企业接受非现金资产捐赠，应该计入实收资本中。（　）', '2', '0', '5', '0', '18', '1490254218', '0', '1');
INSERT INTO `ae_judgment` VALUES ('68', '企业获得的捐赠利得应该计入营业外收入中，影响利润总额。（　）', '2', '1', '5', '0', '18', '1490254218', '0', '1');
INSERT INTO `ae_judgment` VALUES ('69', '某企业年初有上年形成的亏损50万元，当年实现利润总额40万元。假设企业本期无纳税调整事项，则企业当年还应交纳一定的企业所得税。（　）', '2', '0', '5', '0', '18', '1490254218', '0', '1');
INSERT INTO `ae_judgment` VALUES ('70', '某企业年初有上年形成的亏损25万元，当年实现利润总额30万元。假设企业本期无纳税调整事项，则企业当年还应缴纳一定的企业所得税。（　）', '2', '1', '5', '0', '18', '1490254218', '0', '1');
INSERT INTO `ae_judgment` VALUES ('71', '表结法在各月均可通过“本年利润”科目提供当月及本年累计的利润（或亏损）额，但增加了转账环节和工作量。（　）', '2', '0', '5', '0', '18', '1490254218', '0', '1');
INSERT INTO `ae_judgment` VALUES ('72', '账结法下，企业的营业外收入科目在期末可以有余额。（　）', '2', '0', '5', '0', '18', '1490254218', '0', '1');
INSERT INTO `ae_judgment` VALUES ('73', '年度终了，企业应将“本年利润”科目的本年累计余额转入“利润分配——未分配利润”科目，此时本年利润科目的本年累计余额即为净利润的金额。（　）', '2', '0', '5', '0', '18', '1490254218', '0', '1');
INSERT INTO `ae_judgment` VALUES ('74', '年度终了，只有在企业盈利的情况下，才将“本年利润”科目的本年累计余额转入“利润分配——未分配利润”科目。（　）', '2', '0', '5', '0', '18', '1490254218', '0', '1');
INSERT INTO `ae_judgment` VALUES ('75', '年度终了，应将“本年利润”科目的本年累计余额转入“利润分配——未分配利润”科目。（　）', '2', '1', '5', '0', '18', '1490254218', '0', '1');
INSERT INTO `ae_judgment` VALUES ('76', '企业采用计划成本法核算原材料时，如果当期的材料成本差异率为负数，那么反映在资产负债表中的原材料的实际成本大于计划成本。（　）', '2', '0', '5', '0', '19', '1490261931', '0', '1');
INSERT INTO `ae_judgment` VALUES ('77', '企业在编制现金流量表时，对企业为职工支付的住房公积金、为职工缴纳的商业保险金、社会保障基金等，应按照职工的工作性质和服务对象分别在经营活动和投资活动产生的现金流量有关项目中反映。（　）', '2', '1', '5', '0', '19', '1490261931', '0', '1');
INSERT INTO `ae_judgment` VALUES ('78', '直接法，一般是以利润表中的营业收入为起算点，调节与经营活动有关的增减变动，然后计算出经营活动产生的现金流量。（　）', '2', '1', '5', '0', '19', '1490261931', '0', '1');
INSERT INTO `ae_judgment` VALUES ('79', '利润表是反映企业在一定会计期间财务状况的报表。（　）', '2', '0', '5', '0', '19', '1490261931', '0', '1');
INSERT INTO `ae_judgment` VALUES ('80', '“利润分配”总账的年末余额不一定与相应的资产负债表中“未分配利润”项目的数额一致。（　）', '2', '0', '5', '0', '19', '1490261931', '0', '1');
INSERT INTO `ae_judgment` VALUES ('81', '资产负债表中的“无形资产”项目是根据“研发支出”科目中所属的资本化支出明细科目的期末余额填列的。（　）', '2', '0', '5', '0', '19', '1490261931', '0', '1');
INSERT INTO `ae_judgment` VALUES ('82', '“长期股权投资”项目应根据“长期股权投资”科目的期末余额，减去“长期股权投资减值准备”科目的期末余额后的金额填列。（　）', '2', '1', '5', '0', '19', '1490261931', '0', '1');
INSERT INTO `ae_judgment` VALUES ('83', '企业编制财务报表的时候如果没有需要可以不编制报表附注。（　）', '2', '0', '5', '0', '19', '1490261931', '0', '1');
INSERT INTO `ae_judgment` VALUES ('84', '所有者权益，是指企业资产扣除负债后的剩余权益，反映企业某一会计期间股东（投资者）拥有的净资产的总额。（　）', '2', '0', '5', '0', '19', '1490261931', '0', '1');
INSERT INTO `ae_judgment` VALUES ('85', '支付的在建工程人员薪酬属于企业现金流量表“经营活动产生的现金流量”项目。（　）', '2', '0', '5', '0', '19', '1490261931', '0', '1');
INSERT INTO `ae_judgment` VALUES ('86', '企业经营租赁支付的租金、支付的差旅费、业务招待费、保险费、罚款支出等其他的与经营活动有关的现金流出，应填列在“支付其他与经营活动有关的现金”。（　）', '2', '1', '5', '0', '19', '1490261931', '0', '1');
INSERT INTO `ae_judgment` VALUES ('87', '现金流量表中“销售商品、提供劳务收到的现金”项目，反映本企业自营销售商品或提供劳务收到的现金，不包括委托代销商品收到的现金。（　）', '2', '0', '5', '0', '19', '1490261931', '0', '1');
INSERT INTO `ae_judgment` VALUES ('88', '处置固定资产产生现金流入，应该属于经营活动的现金流量。（　）', '2', '0', '5', '0', '19', '1490261931', '0', '1');
INSERT INTO `ae_judgment` VALUES ('89', '所有者权益变动表中的上年金额栏应该根据上年度所有者权益变动表“本年金额”栏内所列数字进行填列，上年项目的名称和内容与本年不一致的，应按照上年的名称和数字对本年进行调整。（　）', '2', '0', '5', '0', '19', '1490261931', '0', '1');
INSERT INTO `ae_judgment` VALUES ('90', '“利润分配”总账的年末余额不一定与相应的资产负债表中未分配利润项目的数额一致。（　）', '2', '0', '5', '0', '19', '1490261931', '0', '1');
INSERT INTO `ae_judgment` VALUES ('91', '某企业2013年1月利润总额100万元，确认了所得税费用25万元，则在表结法下本年利润账户的月末余额为75万元。（　）', '2', '0', '5', '0', '19', '1490261931', '0', '1');
INSERT INTO `ae_judgment` VALUES ('92', '企业出售无形资产形成的净损失，应列入利润表的“营业外支出”项目，使得企业的营业利润增加。（　）', '2', '0', '5', '0', '19', '1490261931', '0', '1');
INSERT INTO `ae_judgment` VALUES ('93', '“应付债券”项目应该根据“应付债券”总账科目余额填列。（　）', '2', '0', '5', '0', '19', '1490261931', '0', '1');
INSERT INTO `ae_judgment` VALUES ('94', '“开发支出”项目应当根据“研发支出”科目中所属的“资本化支出”明细科目期末余额填列。（　）', '2', '1', '5', '0', '19', '1490261931', '0', '1');
INSERT INTO `ae_judgment` VALUES ('95', '财务报表提供的信息仅供外部的投资者和债权人使用。（　）', '2', '0', '5', '0', '19', '1490261931', '0', '1');
INSERT INTO `ae_judgment` VALUES ('96', '应计入产品成本，但不能分清应由何种产品负担的费用，应计入生产成本。（　）', '2', '0', '5', '0', '20', '1490320015', '0', '1');
INSERT INTO `ae_judgment` VALUES ('97', '采用直接分配法分配辅助生产费用时，应考虑各辅助生产车间相互提供产品或劳务的情况。（　）', '2', '0', '5', '0', '20', '1490320015', '0', '1');
INSERT INTO `ae_judgment` VALUES ('98', '辅助生产内部相互提供产品和劳务不多、不进行费用的交互分配、对辅助生产成本和企业产品成本影响不大的情况下，分配辅助生产费用时，适合采用计划成本法。（　）', '2', '0', '5', '0', '20', '1490320015', '0', '1');
INSERT INTO `ae_judgment` VALUES ('99', '当期末在产品数量很少时，对生产成本在完工产品和在产品之间进行分配时，仍然要考虑期末在产品应负担的生产成本。（　）', '2', '0', '5', '0', '20', '1490320015', '0', '1');
INSERT INTO `ae_judgment` VALUES ('100', '采用约当产量比例法核算时，计算分配原材料费用与分配加工费用所用的分配率都是一致的。（　）', '2', '0', '5', '0', '20', '1490320015', '0', '1');
INSERT INTO `ae_judgment` VALUES ('101', '采用定额比例法分配产品的生产成本，直接人工等加工成本，可以按各定额成本的比例分配，也可按定额工时比例分配。（　）', '2', '1', '5', '0', '20', '1490320015', '0', '1');
INSERT INTO `ae_judgment` VALUES ('102', '联产品，是指使用同种原料，经过同一生产过程，在生产主产品的同时附带生产出的非主要产品。（　）', '2', '0', '5', '0', '20', '1490320015', '0', '1');
INSERT INTO `ae_judgment` VALUES ('103', '副产品，是指在同一生产过程中，使用同种原料，在生产主产品的同时附带生产出来的非主要产品。（　）', '2', '1', '5', '0', '20', '1490320015', '0', '1');
INSERT INTO `ae_judgment` VALUES ('104', '可修复废品损失返修以前发生的生产费用，也属于废品损失，需要计算废品损失的成本。（　）', '2', '0', '5', '0', '20', '1490320015', '0', '1');
INSERT INTO `ae_judgment` VALUES ('105', '不可修复废品损失的生产成本，可按废品所耗实际费用计算，也可按废品所耗定额费用计算。（　）', '2', '1', '5', '0', '20', '1490320015', '0', '1');
INSERT INTO `ae_judgment` VALUES ('106', '“基本生产成本”科目的月末余额，表示基本生产车间在产品的成本。（　）', '2', '1', '5', '0', '20', '1490320015', '0', '1');
INSERT INTO `ae_judgment` VALUES ('107', '辅助生产成本是为基本生产服务而进行的产品生产和劳务供应。该科目按辅助生产车间和提供的产品、劳务分为辅助生产成本明细账，按辅助生产的成本项目分设专栏。期末，对共同负担的费用按照一定的分配标准分配给各受益对象。（　）', '2', '1', '5', '0', '20', '1490320015', '0', '1');
INSERT INTO `ae_judgment` VALUES ('108', '在产品有广义和狭义之分，狭义的在产品是指最终没有完成最终步骤的产品；广义在产品只包括该车间或该生产步骤加工中的产品。（　）', '2', '0', '5', '0', '20', '1490320015', '0', '1');
INSERT INTO `ae_judgment` VALUES ('109', '产品成本是由费用构成的，因此企业发生的费用就是产品成本。（　）', '2', '0', '5', '0', '20', '1490320015', '0', '1');
INSERT INTO `ae_judgment` VALUES ('110', '成本一般以生产过程中取得的各种原始凭证为计算依据。（　）', '2', '0', '5', '0', '20', '1490320015', '0', '1');
INSERT INTO `ae_judgment` VALUES ('111', '简化的分批法下，各项累计间接费用分配率，既是在各批完工产品之间分配费用的依据，也是在完工批别与月末在产品批别之间，以及某批产品的完工产品与月末在产品之间分配该费用的依据。（　）', '2', '1', '5', '0', '21', '1490325225', '0', '1');
INSERT INTO `ae_judgment` VALUES ('112', '采用平行结转分步法，每一生产步骤的生产成本要在最终完工产品与本步骤尚未加工完成的在产品之间进行分配。（　）', '2', '0', '5', '0', '21', '1490325225', '0', '1');
INSERT INTO `ae_judgment` VALUES ('113', '产品单位成本变动会使可比产品成本降低额变动。（　）', '2', '1', '5', '0', '21', '1490325225', '0', '1');
INSERT INTO `ae_judgment` VALUES ('114', '在产品品种比重和产品单位成本不变的情况下，产量增减会使成本降低额和降低率同时发生变动。（　）', '2', '0', '5', '0', '21', '1490325225', '0', '1');
INSERT INTO `ae_judgment` VALUES ('115', '成本计算对象的确定，是正确计算产品成本的前提，也是区别各种成本计算方法的主要标志。（　）', '2', '1', '5', '0', '21', '1490325225', '0', '1');
INSERT INTO `ae_judgment` VALUES ('116', '品种法下计算产品成本一般是不定期的，可以是月末，也可以是年末。（　）', '2', '0', '5', '0', '21', '1490325225', '0', '1');
INSERT INTO `ae_judgment` VALUES ('117', '采用分批法计算产品成本时，成本计算期与产品生产周期、财务报告期基本一致。（　）', '2', '0', '5', '0', '21', '1490325225', '0', '1');
INSERT INTO `ae_judgment` VALUES ('118', '产品生产成本表是反映企业在报告期内生产的全部产品的总成本的报表。该表一般分为两种，一种按成本项目反映，另一种按产品种类反映。（　）', '2', '1', '5', '0', '21', '1490325225', '0', '1');
INSERT INTO `ae_judgment` VALUES ('119', '对制造费用进行分析，由于制造费用的项目很多，分析时应选择超支或节约数额较大或者成本比重较大的项目有重点地进行。（　）', '2', '1', '5', '0', '21', '1490325225', '0', '1');
INSERT INTO `ae_judgment` VALUES ('120', '同一车间不同的产品可以同时采用不同的成本计算方法，甚至同一产品的不同步骤也可以采用不同的成本计算方法。（　）', '2', '1', '5', '0', '21', '1490325225', '0', '1');
INSERT INTO `ae_judgment` VALUES ('121', '根据《行政复议法》的规定，因不可抗力或者其他正当理由耽误行政复议法定申请期限的，申请期限自障碍消除之日起继续计算。（　　）', '2', '1', '4', '0', '23', '1490925813', '0', '1');
INSERT INTO `ae_judgment` VALUES ('122', '当事人对仲裁协议的效力有异议的，一方请求人民法院作出裁定，另一方请求仲裁委员会作出决定的，由人民法院裁定。（　　）', '2', '1', '4', '0', '23', '1490925813', '0', '1');
INSERT INTO `ae_judgment` VALUES ('123', '企业与税务机关就税收担保财产发生的纠纷，因为是属于财产权益的纠纷，因此是可以提请仲裁的。（　　）', '2', '0', '4', '0', '23', '1490925813', '0', '1');
INSERT INTO `ae_judgment` VALUES ('124', '行政复议机关责令被申请人重新作出具体行政行为的，被申请人不得以同一的事实和理由作出与原具体行政行为相同或者基本相同的具体行政行为。（　　）', '2', '1', '4', '0', '23', '1490925813', '0', '1');
INSERT INTO `ae_judgment` VALUES ('125', '行政法调整的是行政机关与行政管理的相对人之间因民事活动而发生的法律关系。（　　）', '2', '0', '4', '0', '23', '1490925813', '0', '1');
INSERT INTO `ae_judgment` VALUES ('126', '法院审理民事或行政案件，全部应当公开进行。（　　）', '2', '0', '4', '0', '23', '1490925813', '0', '1');
INSERT INTO `ae_judgment` VALUES ('127', '诉讼采取的是两审终审制度，二审法院的判决、裁定是终审的判决、裁定。（　　）', '2', '1', '4', '0', '23', '1490925813', '0', '1');
INSERT INTO `ae_judgment` VALUES ('128', '对于发生法律效力的判决、裁定，由第一审法院执行；对于调解书、仲裁机构的生效裁决、公证机关依法赋予强制执行效力的债权文书等，则由被执行人住所地或者被执行的财产所在地法院执行。（　　）', '2', '1', '4', '0', '23', '1490925813', '0', '1');
INSERT INTO `ae_judgment` VALUES ('129', '平等民事主体的当事人之间发生的经济纠纷，可以同时选择仲裁和民事诉讼。（　　）', '2', '0', '4', '0', '23', '1490925813', '0', '1');
INSERT INTO `ae_judgment` VALUES ('130', '拘役，是对违反治安管理的人，依法在短期内限制其人身自由的处罚。（　　）', '2', '0', '4', '0', '23', '1490925813', '0', '1');
INSERT INTO `ae_judgment` VALUES ('131', '全国人民代表大会及其常务委员会有权就有关问题作出规范性决议或决定，它们与法律具有同等地位和效力。（　　）', '2', '1', '4', '0', '23', '1490925813', '0', '1');
INSERT INTO `ae_judgment` VALUES ('132', '竞业限制条款适用范围仅限于用人单位的高级管理人员、高级技术人员，对其他人没有约束力。（　　）', '2', '0', '4', '0', '24', '1490925813', '0', '1');
INSERT INTO `ae_judgment` VALUES ('133', '根据规定，当事人申请劳动争议调解必须提出书面申请。（　　）', '2', '0', '4', '0', '24', '1490925813', '0', '1');
INSERT INTO `ae_judgment` VALUES ('134', '劳动合同既涉及财产关系，也涉及人身关系，而一般的合同仅涉及财产关系。（　　）', '2', '1', '4', '0', '24', '1490925813', '0', '1');
INSERT INTO `ae_judgment` VALUES ('135', '甲公司招用王某时，要求其缴纳600元的工作服押金，甲公司的做法不符合法律规定。（　　）', '2', '1', '4', '0', '24', '1490925813', '0', '1');
INSERT INTO `ae_judgment` VALUES ('136', '根据劳动合同法律制度的规定，劳动者在本单位连续工作满10年，且距法定退休年龄不足10年的，用人单位不得解除劳动合同。（　　）', '2', '0', '4', '0', '24', '1490925813', '0', '1');
INSERT INTO `ae_judgment` VALUES ('137', '根据规定，劳动仲裁申请人必须提交书面仲裁申请，并按照被申请人人数提交副本。（　　）', '2', '0', '4', '0', '24', '1490925813', '0', '1');
INSERT INTO `ae_judgment` VALUES ('138', '根据劳动合同法律制度的规定，医疗期是职工工作遭受事故伤害或者患职业病需要暂停工作、接受工伤医疗的期间。（　　）', '2', '0', '4', '0', '24', '1490925813', '0', '1');
INSERT INTO `ae_judgment` VALUES ('139', '对劳动合同的无效有争议的，只能由劳动争议仲裁机构进行确认。（　　）', '2', '0', '4', '0', '24', '1490925813', '0', '1');
INSERT INTO `ae_judgment` VALUES ('140', '根据劳动合同法律制度的规定，服务期与劳动合同一般期限在时间长度上不一致，前者一般短于后者。（　　）', '2', '0', '4', '0', '24', '1490925813', '0', '1');
INSERT INTO `ae_judgment` VALUES ('141', '劳动合同部分无效的，该劳动合同从订立时起就没有法律约束力。（　　）', '2', '0', '4', '0', '24', '1490925813', '0', '1');
INSERT INTO `ae_judgment` VALUES ('142', '集体合同订立后，应当报送劳动行政部门，劳动行政部门自收到集体合同文本之日起15日内审查同意，集体合同生效。（　　）', '2', '0', '4', '0', '24', '1490925813', '0', '1');
INSERT INTO `ae_judgment` VALUES ('143', '事业单位与实行聘用制的工作人员订立、履行、变更、解除或者终止劳动合同，依照劳动合同法有关规定执行。（　　）', '2', '0', '4', '0', '24', '1490925813', '0', '1');
INSERT INTO `ae_judgment` VALUES ('144', '票据是“金钱债权证券”，即票据上体现的权利性质是财产权而不是其他权利，财产权的内容是请求支付一定的金钱和物品。（　　）', '2', '0', '4', '0', '25', '1490925813', '0', '1');
INSERT INTO `ae_judgment` VALUES ('145', '网银中心根据签约柜台核实后的邮件（传真件），进行申请的初审和复审。（　　）', '2', '1', '4', '0', '25', '1490925813', '0', '1');
INSERT INTO `ae_judgment` VALUES ('146', '存款人因向银行借款而需要开立一般存款账户的，除常规的证明文件外，还应向银行出具借款合同。（　　）', '2', '1', '4', '0', '25', '1490925813', '0', '1');
INSERT INTO `ae_judgment` VALUES ('147', '银行本票可以用于转账，注明“现金”字样的银行本票可以用于支取现金。（　　）', '2', '1', '4', '0', '25', '1490925813', '0', '1');
INSERT INTO `ae_judgment` VALUES ('148', '银行汇票是银行签发、银行承兑、银行付款的票据。（　　）', '2', '0', '4', '0', '25', '1490925813', '0', '1');
INSERT INTO `ae_judgment` VALUES ('149', '单位人民币卡账户的资金一律从其基本存款账户转账存入，不得存取现金，不得将销货收入存入单位卡账户。（　　）', '2', '1', '4', '0', '25', '1490925813', '0', '1');
INSERT INTO `ae_judgment` VALUES ('150', '特约商户，是指与收单机构签订银行卡受理协议、按约定受理银行卡并委托收单机构为其完成交易资金结算的企事业单位、个体工商户或其他组织，以及按照囯家工商管理机关有关规定，开展网络商品交易等经营活动的企业法人。（　　）', '2', '0', '4', '0', '25', '1490925813', '0', '1');
INSERT INTO `ae_judgment` VALUES ('151', '中国银联股份有限公司，由中国工商银行、中国人民银行、中国建设银行、中国农业银行和交通银行等银行卡发卡金融机构共同发起成立。（　　）', '2', '0', '4', '0', '25', '1490925813', '0', '1');
INSERT INTO `ae_judgment` VALUES ('152', '某公司成立时注册验资的临时存款账户转为基本存款账户的，应在正式转换账户之日起3个工作日后，方可使用基本存款账户办理付款业务。（　　）', '2', '0', '4', '0', '25', '1490925813', '0', '1');
INSERT INTO `ae_judgment` VALUES ('153', '互联网支付企业仅能够在线支付，不具有供担保功能。（　　）', '2', '0', '4', '0', '25', '1490925813', '0', '1');
INSERT INTO `ae_judgment` VALUES ('154', '保证人未在票据或者粘单上记载“保证”字样，而另行签订保证合同或者保证条款的，也属于票据保证。（　　）', '2', '0', '4', '0', '25', '1490925813', '0', '1');
INSERT INTO `ae_judgment` VALUES ('155', '临时存款账户既可用于办理临时机构以及存款人临时经营活动发生的资金收付，也可用于办理其日常经营活动发生的资金收付。（　　）', '2', '0', '4', '0', '25', '1490925813', '0', '1');
INSERT INTO `ae_judgment` VALUES ('156', '在使用信用证结算中，申请人交存的保证金和其存款账户余额不足支付的，开证行可以暂停支付款项。（　　）', '2', '0', '4', '0', '25', '1490925813', '0', '1');
INSERT INTO `ae_judgment` VALUES ('157', '根据规定，单位和个人签发空头支票或者签发与其预留的签章不符的支票，不以骗取财物为目的，由中国人民银行处以票面金额5%但不低于2000元的罚款；持票人有权要求出票人赔偿支票金额2%的赔偿金。（　　）', '2', '0', '4', '0', '25', '1490925813', '0', '1');
INSERT INTO `ae_judgment` VALUES ('158', '根据规定，一般贸易下进口货物的关税完税价格以海关审定的成交价格为基础的到岸价格作为完税价格。（　　）', '2', '1', '4', '0', '26', '1490925813', '0', '1');
INSERT INTO `ae_judgment` VALUES ('159', '纳税人用于换取生产资料和消费资料、投资入股和抵偿债务等方面的应税消费品，应当以纳税人同类应税消费品的平均销售价格作为计税依据计算消费税。（　　）', '2', '0', '4', '0', '26', '1490925813', '0', '1');
INSERT INTO `ae_judgment` VALUES ('160', '纳税人取得符合规定的发票，应自开具之日起90天内到税务机关办理认证，并于认证通过的次月申报期内抵扣。（　）', '2', '0', '4', '0', '26', '1490925813', '0', '1');
INSERT INTO `ae_judgment` VALUES ('161', '小规模纳税人实行简易征税办法，并且一般不使用增值税专用发票，但可以到税务机关代开增值税专用发票。（　　）', '2', '1', '4', '0', '26', '1490925813', '0', '1');
INSERT INTO `ae_judgment` VALUES ('162', '纳税人出口货物，适用零税率，但是，国务院另有规定的除外。（　　）', '2', '1', '4', '0', '26', '1490925813', '0', '1');
INSERT INTO `ae_judgment` VALUES ('163', '残疾人个人提供营改增应税服务免征增值税。（　　）', '2', '1', '4', '0', '26', '1490925813', '0', '1');
INSERT INTO `ae_judgment` VALUES ('164', '购进中型商务客车改装生产的汽车不征收消费税。（　）', '2', '0', '4', '0', '26', '1490925813', '0', '1');
INSERT INTO `ae_judgment` VALUES ('165', '自2015年5月10日起，将卷烟批发环节从价税税率由5%提高至11%，并按0.003元/支加征从量税。（　　）', '2', '0', '4', '0', '26', '1490925813', '0', '1');
INSERT INTO `ae_judgment` VALUES ('166', '企业所得税纳税人用于公益性捐赠支出的扣除比例，不得超过年度应纳税所得额的12%。（　　）', '2', '0', '4', '0', '27', '1490925813', '0', '1');
INSERT INTO `ae_judgment` VALUES ('167', '企业开发新技术、新产品、新工艺发生的研究开发费用，可以在计算应纳税所得额时除按照实际发生额据实扣除外，还可以按照规定比例加计扣除。（　　）', '2', '1', '4', '0', '27', '1490925813', '0', '1');
INSERT INTO `ae_judgment` VALUES ('168', '在外国成立且实际管理机构不在中国境内的企业，不是企业所得税的纳税义务人。（　　）', '2', '0', '4', '0', '27', '1490925813', '0', '1');
INSERT INTO `ae_judgment` VALUES ('169', '企业在汇总计算缴纳企业所得税时，其境外营业机构的亏损可以抵减境内营业机构的盈利。（　　）', '2', '0', '4', '0', '27', '1490925813', '0', '1');
INSERT INTO `ae_judgment` VALUES ('170', '对商品营销活动中，企业和单位对营销成绩突出的雇员以培训班、研讨会、工作考察等名义组织旅游活动，通过免收差旅费、旅游费对个人实行的营销业绩奖励，应根据所发生的费用作为劳务收入，按照“劳务报酬”项目征收个人所得税。（　　）', '2', '0', '4', '0', '27', '1490925813', '0', '1');
INSERT INTO `ae_judgment` VALUES ('171', '企业与其关联方之间的业务往来，不符合独立交易原则，或者企业实施其他不具有合理商业目的安排的，税务机关有权在该业务发生的纳税年度起5年内，进行纳税调整。（　　）', '2', '0', '4', '0', '27', '1490925813', '0', '1');
INSERT INTO `ae_judgment` VALUES ('172', '符合《国务院关于工人退休、退职的暂行办法》规定的退职条件并按该办法规定的退职费标准所领取的退职费，应在取得的当月按工资、薪金所得计算缴纳个人所得税。（　　）', '2', '0', '4', '0', '27', '1490925813', '0', '1');
INSERT INTO `ae_judgment` VALUES ('173', '个人通过非营利性的社会团体和国家机关向红十字事业的捐赠，在计算缴纳个人所得税时，准予按应纳税所得额的30%在税前扣除。（　　）', '2', '0', '4', '0', '27', '1490925813', '0', '1');
INSERT INTO `ae_judgment` VALUES ('174', '非居民企业在中国境内未设立机构、场所的，境外所得需在境内缴纳企业所得税。（　　）', '2', '0', '4', '0', '27', '1490925813', '0', '1');
INSERT INTO `ae_judgment` VALUES ('175', '非居民企业转让财产所得，以收入全额减除财产净值后的余额为应纳税所得额。（　　）', '2', '1', '4', '0', '27', '1490925813', '0', '1');
INSERT INTO `ae_judgment` VALUES ('176', '个人退职后6个月内又再次任职的，对个人已经缴纳个人所得税的退职费收入，不再与再次任职取得的工资薪金所得合并计算补缴个人所得税。（　　）', '2', '1', '4', '0', '27', '1490925813', '0', '1');
INSERT INTO `ae_judgment` VALUES ('177', '对于以房屋作为载体，不可以随意移动的附属设备和配套设施，无论在会计核算中是否单独记账与核算，都是无需要缴纳房产税的。（　　）', '2', '0', '4', '0', '28', '1490925813', '0', '1');
INSERT INTO `ae_judgment` VALUES ('178', '耕地占用税的纳税人为在我国境内占用耕地建房或者从事非农业建设的单位，不包括个人。（　　）', '2', '0', '4', '0', '28', '1490925813', '0', '1');
INSERT INTO `ae_judgment` VALUES ('179', '一票货物关税税额、进口环节增值税或者消费税税额在人民币100元以下的，可以免征关税。（　　）', '2', '0', '4', '0', '28', '1490925813', '0', '1');
INSERT INTO `ae_judgment` VALUES ('180', '房屋交换，交换价格不相等的，由收取货币、实物、无形资产或其他经济利益的一方缴纳契税；交换价格相等的，免征契税。（　　）', '2', '0', '4', '0', '28', '1490925813', '0', '1');
INSERT INTO `ae_judgment` VALUES ('181', '土地增值税纳税人转让房地产的，只有取得了货币收入，才需要缴纳土地增值税。（　　）', '2', '0', '4', '0', '28', '1490925813', '0', '1');
INSERT INTO `ae_judgment` VALUES ('182', '对于用单据代替合同的，如果此项业务既书立合同，又开立单据的，合同与单据须同时贴花计税。（　　）', '2', '0', '4', '0', '28', '1490925813', '0', '1');
INSERT INTO `ae_judgment` VALUES ('183', '扣缴义务人代扣代缴的资源税，应当向其机构所在地主管税务机关缴纳。（　　）', '2', '0', '4', '0', '28', '1490925813', '0', '1');
INSERT INTO `ae_judgment` VALUES ('184', '纳税人建造普通标准住宅出售，增值额未超过扣除项目金额20％的，予以免税；超过20％的，应按超过部分增值额缴纳土地增值税。（　　）', '2', '0', '4', '0', '28', '1490925813', '0', '1');
INSERT INTO `ae_judgment` VALUES ('185', '纳税人新征用的非耕地，自批准征用当月起缴纳城镇土地使用税。（　　）', '2', '0', '4', '0', '28', '1490925813', '0', '1');
INSERT INTO `ae_judgment` VALUES ('186', '税务机关采取税收保全措施的期限一般不得超过6个月；重大案件需要延长的，应当报国家税务总局批准。（　　）', '2', '1', '4', '0', '29', '1490925813', '0', '1');
INSERT INTO `ae_judgment` VALUES ('187', '对纳税人采取税收保全措施，必须经税务机关向人民法院提出申请后，由人民法院执行。（　　）', '2', '0', '4', '0', '29', '1490925813', '0', '1');
INSERT INTO `ae_judgment` VALUES ('188', '纳税人以假报出口或者其他欺骗手段，骗取国家出口退税款的行为属于偷税行为。（　　）', '2', '0', '4', '0', '29', '1490925813', '0', '1');
INSERT INTO `ae_judgment` VALUES ('189', '根据《发票管理办法》的规定，填开发票的单位和个人应在发生经营业务确认营业收入时开具发票。未发生经营业务一律不准开具发票。（　　）', '2', '1', '4', '0', '29', '1490925813', '0', '1');

-- ----------------------------
-- Table structure for ae_member
-- ----------------------------
DROP TABLE IF EXISTS `ae_member`;
CREATE TABLE `ae_member` (
  `member_id` int(10) unsigned NOT NULL AUTO_INCREMENT,
  `member_name` varchar(100) NOT NULL COMMENT '会员头像',
  `thumb` varchar(255) DEFAULT NULL,
  `member_nick` varchar(100) NOT NULL COMMENT '会员昵称',
  `member_pwd` char(32) NOT NULL COMMENT '会员密码',
  `phone` varchar(30) NOT NULL COMMENT '电话',
  `email` varchar(100) NOT NULL COMMENT 'email',
  `sex` tinyint(1) unsigned NOT NULL DEFAULT '1' COMMENT '性别 1男 2女',
  `age` tinyint(3) unsigned NOT NULL DEFAULT '0' COMMENT '年龄',
  `registration_time` int(11) unsigned NOT NULL DEFAULT '0' COMMENT '注册时间',
  `is_del` tinyint(1) NOT NULL DEFAULT '0' COMMENT '是否删除 0否 1是',
  PRIMARY KEY (`member_id`)
) ENGINE=InnoDB AUTO_INCREMENT=12 DEFAULT CHARSET=utf8 COMMENT='会计--会员表';

-- ----------------------------
-- Records of ae_member
-- ----------------------------
INSERT INTO `ae_member` VALUES ('4', '飒飒大', 'http://kuaiji.rscne.com/Public/upload/images/goods/2017-02-16/58a574dcb03b9.jpg', '路人甲', '0b4e7a0e5fe84ad35fb5f95b9ceeac79', '112345678998', '765682204@qq.com', '0', '45', '1487238364', '0');
INSERT INTO `ae_member` VALUES ('6', '小超', 'http://kuaiji.rscne.com/Public/upload/images/goods/2017-02-26/58b24c5f929d4.jpg', '专属小超', 'e10adc3949ba59abbe56e057f20f883e', '15801046988', '', '1', '0', '1488079967', '0');
INSERT INTO `ae_member` VALUES ('7', 'shenweishuai', 'http://kuaiji.rscne.com/Public/upload/images/goods/2017-03-08/58bfc2e6a2d52.jpg', 'shuai', 'e10adc3949ba59abbe56e057f20f883e', '15101135735', '', '1', '0', '1488962278', '0');
INSERT INTO `ae_member` VALUES ('9', 'lizhurui', null, '', 'df10ef8509dc176d733d59549e7dbfaf', '18722095376', '', '1', '0', '1490934528', '0');
INSERT INTO `ae_member` VALUES ('10', 'ditser', null, '', '4d2629b2a2ce1e3160d9d505a9815c4c', '17710190977', '', '1', '0', '1490937753', '0');
INSERT INTO `ae_member` VALUES ('11', 'ditser1', null, '', 'efb1744175426b47458b7e3c95373cba', '13810164866', '', '1', '0', '1491195800', '0');

-- ----------------------------
-- Table structure for ae_news
-- ----------------------------
DROP TABLE IF EXISTS `ae_news`;
CREATE TABLE `ae_news` (
  `news_id` int(20) NOT NULL AUTO_INCREMENT,
  `exam_cat_id` int(20) NOT NULL COMMENT '顶级分类 ID',
  `title` varchar(255) COLLATE utf8_bin NOT NULL COMMENT '新闻标题',
  `description` varchar(255) COLLATE utf8_bin NOT NULL COMMENT '描述',
  `keywords` varchar(255) COLLATE utf8_bin NOT NULL COMMENT '新闻关键词',
  `news_desc` varchar(512) COLLATE utf8_bin NOT NULL COMMENT '新闻简介',
  `news_info` text COLLATE utf8_bin NOT NULL COMMENT '新闻内容',
  `is_del` tinyint(1) NOT NULL DEFAULT '0' COMMENT '是否删除 0否1是',
  `thumb` varchar(255) COLLATE utf8_bin NOT NULL COMMENT '缩略图',
  `is_link` int(1) NOT NULL DEFAULT '0' COMMENT '新闻类型0否1是，1时link才有效',
  `create_time` int(11) NOT NULL COMMENT '创建时间',
  `link` varchar(255) COLLATE utf8_bin NOT NULL COMMENT '新闻地址(链接地址主要是外部连接，要是有此连接用此连接优先级1)',
  `auth` varchar(255) COLLATE utf8_bin NOT NULL COMMENT '作者',
  PRIMARY KEY (`news_id`)
) ENGINE=InnoDB AUTO_INCREMENT=7 DEFAULT CHARSET=utf8 COLLATE=utf8_bin COMMENT='会计--新闻';

-- ----------------------------
-- Records of ae_news
-- ----------------------------
INSERT INTO `ae_news` VALUES ('6', '1', '2017年会计从业课程考试时间', 'aasas', 'asa', 'hahhaha', 0x3C703E686168616868613C2F703E, '0', '', '1', '1491464655', 'http://www.baidu.com', '');

-- ----------------------------
-- Table structure for ae_order
-- ----------------------------
DROP TABLE IF EXISTS `ae_order`;
CREATE TABLE `ae_order` (
  `id` int(20) unsigned NOT NULL AUTO_INCREMENT,
  `order_id` varchar(255) NOT NULL DEFAULT '0' COMMENT '生成的订单id',
  `other_order_id` varchar(255) NOT NULL DEFAULT '0' COMMENT '第三方支付的订单编号',
  `total` decimal(10,2) NOT NULL DEFAULT '0.00' COMMENT '商品总额',
  `num` int(2) unsigned NOT NULL DEFAULT '1' COMMENT '数量 默认1',
  `actual_payment` decimal(10,2) NOT NULL DEFAULT '0.00' COMMENT '实际支付',
  `member_id` int(20) NOT NULL DEFAULT '0' COMMENT '用户ID',
  `is_del` tinyint(2) unsigned DEFAULT '0',
  `is_pay` tinyint(1) NOT NULL DEFAULT '0' COMMENT '支付状态,0未支付，1已支付',
  `pay_type` int(1) NOT NULL DEFAULT '0' COMMENT '支付方式，1微支付，2支付宝',
  `pay_time` int(11) NOT NULL DEFAULT '0' COMMENT '支付时间',
  `create_time` int(11) NOT NULL DEFAULT '0' COMMENT '创建时间',
  `desc` varchar(512) NOT NULL COMMENT '订单描述',
  PRIMARY KEY (`id`)
) ENGINE=InnoDB AUTO_INCREMENT=67 DEFAULT CHARSET=utf8 COMMENT='会计--订单';

-- ----------------------------
-- Records of ae_order
-- ----------------------------
INSERT INTO `ae_order` VALUES ('1', '148420232748521', '0', '180.00', '1', '180.00', '6', '0', '0', '7', '1482796800', '1482796800', '');
INSERT INTO `ae_order` VALUES ('2', '148420294021252', '0', '135.00', '1', '135.00', '6', '0', '1', '7', '1482796800', '1482796800', '');
INSERT INTO `ae_order` VALUES ('3', '148500018045283', '0', '8.01', '1', '8.01', '6', '0', '0', '0', '0', '1485000180', '');
INSERT INTO `ae_order` VALUES ('4', '148566102738344', '0', '8.01', '1', '8.01', '6', '0', '1', '0', '0', '1485661027', '');
INSERT INTO `ae_order` VALUES ('5', '148578615760285', '0', '8.01', '1', '8.01', '6', '0', '1', '0', '0', '1485786157', '');
INSERT INTO `ae_order` VALUES ('6', '148619585144726', '0', '64.00', '1', '64.00', '1', '1', '1', '0', '0', '1486195851', '');
INSERT INTO `ae_order` VALUES ('7', '148792855951315', '2017022410252529', '45.00', '1', '45.00', '6', '0', '1', '0', '0', '1487928559', '');
INSERT INTO `ae_order` VALUES ('8', '148792855955348', '2017022410252565', '45.00', '1', '45.00', '6', '0', '1', '0', '0', '1487928559', '');
INSERT INTO `ae_order` VALUES ('9', '148792855930591', '2017022410252975', '45.00', '1', '45.00', '6', '0', '1', '0', '0', '1487928559', '');
INSERT INTO `ae_order` VALUES ('10', '148792866198253', '2017022453100544', '45.00', '1', '45.00', '6', '0', '1', '0', '0', '1487928661', '');
INSERT INTO `ae_order` VALUES ('11', '148792866147003', '2017022453100571', '45.00', '1', '45.00', '6', '0', '1', '0', '0', '1487928661', '');
INSERT INTO `ae_order` VALUES ('12', '148792866149633', '2017022453100985', '45.00', '1', '45.00', '6', '0', '1', '0', '0', '1487928661', '');
INSERT INTO `ae_order` VALUES ('13', '148792867771639', '2017022453565257', '90.00', '1', '90.00', '6', '0', '0', '0', '1487928677', '1487928677', '');
INSERT INTO `ae_order` VALUES ('14', '148792867763261', '2017022453999951', '90.00', '1', '90.00', '6', '0', '0', '0', '1487928677', '1487928677', '');
INSERT INTO `ae_order` VALUES ('15', '148792867899778', '2017022454515752', '90.00', '1', '90.00', '6', '0', '0', '0', '1487928678', '1487928678', '');
INSERT INTO `ae_order` VALUES ('16', '148792876373813', '2017022498985210', '45.00', '1', '45.00', '6', '0', '1', '0', '0', '1487928763', '');
INSERT INTO `ae_order` VALUES ('17', '148792876324877', '2017022498985410', '45.00', '1', '45.00', '6', '0', '1', '0', '0', '1487928763', '');
INSERT INTO `ae_order` VALUES ('18', '148792876362558', '2017022498985651', '45.00', '1', '45.00', '6', '0', '1', '0', '0', '1487928763', '');
INSERT INTO `ae_order` VALUES ('19', '148793436635226', '2017022410150484', '702.00', '1', '702.00', '6', '0', '0', '0', '1487934366', '1487934366', '');
INSERT INTO `ae_order` VALUES ('20', '148793436688416', '2017022410150511', '702.00', '1', '702.00', '6', '0', '0', '0', '1487934366', '1487934366', '');
INSERT INTO `ae_order` VALUES ('21', '148793479085999', '2017022454559755', '45.00', '1', '45.00', '6', '0', '1', '0', '0', '1487934790', '');
INSERT INTO `ae_order` VALUES ('22', '148793479065443', '2017022454551015', '45.00', '1', '45.00', '6', '0', '1', '0', '0', '1487934790', '');
INSERT INTO `ae_order` VALUES ('23', '148793562675416', '2017022497991025', '0.00', '1', '0.00', '6', '0', '0', '0', '1487935626', '1487935626', '');
INSERT INTO `ae_order` VALUES ('24', '148793628997843', '2017022449985552', '5.00', '1', '5.00', '6', '0', '0', '0', '1487936289', '1487936289', '');
INSERT INTO `ae_order` VALUES ('25', '148793628912862', '2017022449989710', '2.00', '1', '2.00', '6', '0', '0', '0', '1487936289', '1487936289', '');
INSERT INTO `ae_order` VALUES ('26', '148793634115776', '2017022453485249', '45.00', '1', '45.00', '6', '0', '1', '0', '0', '1487936341', '');
INSERT INTO `ae_order` VALUES ('27', '148793634125529', '2017022453485449', '657.00', '1', '657.00', '6', '0', '1', '0', '0', '1487936341', '');
INSERT INTO `ae_order` VALUES ('28', '148793635644929', '2017022452481005', '5.00', '1', '5.00', '6', '0', '0', '0', '1487936356', '1487936356', '');
INSERT INTO `ae_order` VALUES ('29', '148793635695640', '2017022452494810', '2.00', '1', '2.00', '6', '0', '0', '0', '1487936356', '1487936356', '');
INSERT INTO `ae_order` VALUES ('30', '148793648367806', '2017022451559852', '5.00', '1', '5.00', '6', '0', '0', '0', '1487936483', '1487936483', '');
INSERT INTO `ae_order` VALUES ('31', '148793648386617', '2017022451551025', '2.00', '1', '2.00', '6', '0', '0', '0', '1487936483', '1487936483', '');
INSERT INTO `ae_order` VALUES ('32', '148793667450614', '2017022450565752', '45.00', '1', '45.00', '6', '0', '1', '0', '0', '1487936674', '');
INSERT INTO `ae_order` VALUES ('33', '148793667442894', '2017022450569910', '657.00', '1', '657.00', '6', '0', '1', '0', '0', '1487936674', '');
INSERT INTO `ae_order` VALUES ('34', '148793674213309', '2017022454525610', '5.00', '1', '5.00', '6', '0', '0', '0', '1487936742', '1487936742', '');
INSERT INTO `ae_order` VALUES ('35', '148793674245548', '2017022454529997', '2.00', '1', '2.00', '6', '0', '0', '0', '1487936742', '1487936742', '');
INSERT INTO `ae_order` VALUES ('36', '148793700264908', '2017022497491015', '45.00', '1', '45.00', '6', '0', '0', '0', '1487937002', '1487937002', '');
INSERT INTO `ae_order` VALUES ('37', '148793700258643', '2017022497505054', '657.00', '1', '657.00', '6', '0', '0', '0', '1487937002', '1487937002', '');
INSERT INTO `ae_order` VALUES ('38', '148793734125991', '2017022410099519', '5.00', '1', '5.00', '6', '0', '0', '0', '1487937341', '1487937341', '');
INSERT INTO `ae_order` VALUES ('39', '148793734177862', '2017022410099555', '100.00', '1', '100.00', '6', '0', '0', '0', '1487937341', '1487937341', '');
INSERT INTO `ae_order` VALUES ('40', '148803044947121', '2017022549505456', '45.00', '1', '45.00', '6', '0', '1', '0', '0', '1488030449', '');
INSERT INTO `ae_order` VALUES ('41', '148803044933713', '2017022549505654', '657.00', '1', '657.00', '6', '0', '1', '0', '0', '1488030449', '');
INSERT INTO `ae_order` VALUES ('42', '148803045998477', '2017022598505557', '45.00', '1', '45.00', '0', '0', '1', '0', '0', '1488030459', '');
INSERT INTO `ae_order` VALUES ('43', '148803045954388', '2017022598509851', '657.00', '1', '657.00', '0', '0', '1', '0', '0', '1488030459', '');
INSERT INTO `ae_order` VALUES ('44', '148816870771011', '2017022751995149', '10.00', '1', '10.00', '6', '0', '0', '0', '1488168707', '1488168707', '');
INSERT INTO `ae_order` VALUES ('45', '148816910209380', '2017022710156101', '45.00', '1', '45.00', '2', '0', '0', '0', '1488169102', '1488169102', '');
INSERT INTO `ae_order` VALUES ('46', '148816910292432', '2017022710157509', '657.00', '1', '657.00', '2', '0', '0', '0', '1488169102', '1488169102', '');
INSERT INTO `ae_order` VALUES ('47', '148816918325672', '2017022710210153', '100.00', '1', '100.00', '2', '0', '0', '0', '1488169183', '1488169183', '');
INSERT INTO `ae_order` VALUES ('48', '148824857439779', '2017022810154100', '300.00', '1', '300.00', '6', '0', '1', '0', '0', '1488248574', '');
INSERT INTO `ae_order` VALUES ('49', '148824858350598', '2017022855535010', '5.00', '1', '5.00', '6', '0', '1', '0', '0', '1488248583', '');
INSERT INTO `ae_order` VALUES ('50', '148824858373933', '2017022855535549', '10.00', '1', '10.00', '6', '0', '1', '0', '0', '1488248583', '');
INSERT INTO `ae_order` VALUES ('51', '148824858899535', '2017022899515398', '5.00', '1', '5.00', '6', '0', '1', '0', '0', '1488248588', '');
INSERT INTO `ae_order` VALUES ('52', '148824858804870', '2017022899515797', '5.00', '1', '5.00', '6', '0', '1', '0', '0', '1488248588', '');
INSERT INTO `ae_order` VALUES ('53', '148824858891483', '2017022899519850', '10.00', '1', '10.00', '6', '0', '1', '0', '0', '1488248588', '');
INSERT INTO `ae_order` VALUES ('54', '148824859399017', '2017022849499949', '5.00', '1', '5.00', '0', '0', '1', '0', '0', '1488248593', '');
INSERT INTO `ae_order` VALUES ('55', '148824859374969', '2017022849491021', '10.00', '1', '10.00', '0', '0', '1', '0', '0', '1488248593', '');
INSERT INTO `ae_order` VALUES ('56', '148824861732873', '2017022857541024', '300.00', '1', '300.00', '6', '0', '1', '0', '0', '1488248617', '');
INSERT INTO `ae_order` VALUES ('57', '148904674828633', '2017030999975098', '45.00', '1', '45.00', '6', '0', '1', '0', '0', '1489046748', '');
INSERT INTO `ae_order` VALUES ('58', '148904674849746', '2017030999975551', '657.00', '1', '657.00', '6', '0', '1', '0', '0', '1489046748', '');
INSERT INTO `ae_order` VALUES ('59', '148904675894833', '2017030954505010', '45.00', '1', '45.00', '0', '0', '1', '0', '0', '1489046758', '');
INSERT INTO `ae_order` VALUES ('60', '148904675802048', '2017030954505549', '657.00', '1', '657.00', '0', '0', '1', '0', '0', '1489046758', '');
INSERT INTO `ae_order` VALUES ('61', '149093461043788', '2017033150495298', '0.00', '1', '0.00', '9', '0', '0', '0', '1490934610', '1490934610', '');
INSERT INTO `ae_order` VALUES ('62', '149093461090164', '2017033150495657', '45.00', '1', '45.00', '9', '0', '0', '0', '1490934610', '1490934610', '');
INSERT INTO `ae_order` VALUES ('63', '149093955771139', '2017033153515497', '45.00', '1', '45.00', '9', '0', '0', '0', '1490939557', '1490939557', '');
INSERT INTO `ae_order` VALUES ('64', '149101466659430', '2017040197545399', '0.00', '1', '0.00', '6', '0', '1', '0', '0', '1491014666', '');
INSERT INTO `ae_order` VALUES ('65', '149101466653322', '2017040197545753', '45.00', '1', '45.00', '6', '0', '1', '0', '0', '1491014666', '');
INSERT INTO `ae_order` VALUES ('66', '149101474283109', '2017040154495055', '1.00', '1', '1.00', '6', '0', '1', '0', '0', '1491014742', '');

-- ----------------------------
-- Table structure for ae_order_course_purchase
-- ----------------------------
DROP TABLE IF EXISTS `ae_order_course_purchase`;
CREATE TABLE `ae_order_course_purchase` (
  `id` int(20) unsigned NOT NULL AUTO_INCREMENT,
  `order_id` varchar(100) NOT NULL,
  `course_purchase_id` int(10) NOT NULL COMMENT '课程选购id',
  `contain` varchar(5000) NOT NULL COMMENT '包含的内容',
  `num` smallint(5) NOT NULL DEFAULT '1' COMMENT '数量 默认1',
  `goods_price` decimal(10,2) NOT NULL COMMENT '成交价',
  `is_del` tinyint(2) unsigned NOT NULL DEFAULT '0' COMMENT '是否删除',
  PRIMARY KEY (`id`)
) ENGINE=InnoDB AUTO_INCREMENT=7 DEFAULT CHARSET=utf8 COMMENT='会计--商品与订单关联表';

-- ----------------------------
-- Records of ae_order_course_purchase
-- ----------------------------
INSERT INTO `ae_order_course_purchase` VALUES ('1', '148420232748521', '1', '', '4', '180.00', '0');
INSERT INTO `ae_order_course_purchase` VALUES ('2', '148420294021252', '2', '', '3', '135.00', '0');
INSERT INTO `ae_order_course_purchase` VALUES ('3', '148500018045283', '3', '', '1', '8.01', '1');
INSERT INTO `ae_order_course_purchase` VALUES ('4', '148566102738344', '2', '', '1', '8.01', '0');
INSERT INTO `ae_order_course_purchase` VALUES ('5', '148578615760285', '3', '', '1', '8.01', '0');
INSERT INTO `ae_order_course_purchase` VALUES ('6', '148619585144726', '4', '', '1', '64.00', '1');

-- ----------------------------
-- Table structure for ae_papers
-- ----------------------------
DROP TABLE IF EXISTS `ae_papers`;
CREATE TABLE `ae_papers` (
  `papers_id` int(10) unsigned NOT NULL AUTO_INCREMENT,
  `exam_cat_id` int(10) unsigned NOT NULL DEFAULT '0' COMMENT '考试类(顶级)id',
  `acc_cat_id` int(10) unsigned NOT NULL DEFAULT '0' COMMENT '考试科目类id',
  `papers_name` varchar(200) NOT NULL COMMENT '试卷名称',
  `ori_price` int(10) unsigned NOT NULL DEFAULT '0' COMMENT '原来价格',
  `cur_price` int(10) unsigned NOT NULL DEFAULT '0' COMMENT '现价格（也就是要付款的价格）',
  `create_time` int(11) NOT NULL,
  `is_del` tinyint(1) NOT NULL DEFAULT '0' COMMENT '是否删除 0否 1是',
  PRIMARY KEY (`papers_id`)
) ENGINE=InnoDB AUTO_INCREMENT=19 DEFAULT CHARSET=utf8 COMMENT='会计--考试试卷-列表';

-- ----------------------------
-- Records of ae_papers
-- ----------------------------
INSERT INTO `ae_papers` VALUES ('13', '2', '4', 'kfjlaj', '1', '2', '1491226610', '0');
INSERT INTO `ae_papers` VALUES ('14', '2', '5', '初级实务试卷一', '0', '10', '1491227253', '0');
INSERT INTO `ae_papers` VALUES ('15', '1', '2', 'ss', '1', '1', '1491385472', '0');
INSERT INTO `ae_papers` VALUES ('16', '1', '3', '测试试卷', '200', '100', '1491473567', '0');
INSERT INTO `ae_papers` VALUES ('17', '2', '5', '测试试卷1测试试卷1测试试卷1测试试卷1测试试卷1测试试卷1测试试卷1测试试卷1测试试卷1测试试卷1', '333', '333', '1491476208', '0');
INSERT INTO `ae_papers` VALUES ('18', '2', '5', '测试试卷222', '444', '33', '1491476283', '0');

-- ----------------------------
-- Table structure for ae_papers_info
-- ----------------------------
DROP TABLE IF EXISTS `ae_papers_info`;
CREATE TABLE `ae_papers_info` (
  `papers_info_id` int(10) unsigned NOT NULL AUTO_INCREMENT,
  `papers_id` int(10) unsigned NOT NULL DEFAULT '0' COMMENT '试卷id',
  `que_type_id` int(10) unsigned NOT NULL DEFAULT '0' COMMENT '试题类型',
  `que_info` varchar(200) NOT NULL COMMENT '试题内容',
  `create_time` int(11) NOT NULL,
  `is_del` tinyint(1) NOT NULL DEFAULT '0' COMMENT '是否删除 0否 1是',
  PRIMARY KEY (`papers_info_id`)
) ENGINE=InnoDB AUTO_INCREMENT=14 DEFAULT CHARSET=utf8 COMMENT='会计--考试试卷内容-列表';

-- ----------------------------
-- Records of ae_papers_info
-- ----------------------------
INSERT INTO `ae_papers_info` VALUES ('9', '13', '1', '143,144,225,226,227,189,190,191,192,193,194,145,146,147,148,149,150,151,152,153,154,155', '1491226624', '0');
INSERT INTO `ae_papers_info` VALUES ('10', '14', '1', '1,3', '1491227282', '0');
INSERT INTO `ae_papers_info` VALUES ('11', '13', '2', '123,124,125,126,127,128,129,130', '1491473651', '0');
INSERT INTO `ae_papers_info` VALUES ('12', '13', '3', '123,124,125,126,127,121,122', '1491473660', '0');
INSERT INTO `ae_papers_info` VALUES ('13', '13', '4', '1,26', '1491473669', '0');

-- ----------------------------
-- Table structure for ae_que_type
-- ----------------------------
DROP TABLE IF EXISTS `ae_que_type`;
CREATE TABLE `ae_que_type` (
  `que_type_id` int(10) unsigned NOT NULL AUTO_INCREMENT,
  `que_type_name` varchar(30) NOT NULL COMMENT '名称',
  `que_type_table` varchar(100) NOT NULL COMMENT '表名',
  PRIMARY KEY (`que_type_id`)
) ENGINE=InnoDB AUTO_INCREMENT=5 DEFAULT CHARSET=utf8 COMMENT='会计--试题类型';

-- ----------------------------
-- Records of ae_que_type
-- ----------------------------
INSERT INTO `ae_que_type` VALUES ('1', '单选题', 'radio');
INSERT INTO `ae_que_type` VALUES ('2', '多选题', 'check');
INSERT INTO `ae_que_type` VALUES ('3', '判断题', 'judgment');
INSERT INTO `ae_que_type` VALUES ('4', '分析题', 'calculation_analysis');

-- ----------------------------
-- Table structure for ae_radio
-- ----------------------------
DROP TABLE IF EXISTS `ae_radio`;
CREATE TABLE `ae_radio` (
  `radio_id` int(11) unsigned NOT NULL AUTO_INCREMENT,
  `radio_topic` varchar(1000) NOT NULL COMMENT '单选标题',
  `radio_option` varchar(2000) NOT NULL COMMENT '单选选项 json {''好'',''不好'',''孬'',''不孬''}',
  `exam_cat_id` int(10) unsigned NOT NULL,
  `acc_cat_id` int(10) unsigned NOT NULL,
  `radio_answer` varchar(500) NOT NULL COMMENT '单选答案 例  好 或 不好',
  `admin_id` smallint(5) unsigned NOT NULL DEFAULT '0' COMMENT '管理员id',
  `subject_id` int(10) unsigned NOT NULL DEFAULT '0' COMMENT '科目id',
  `create_time` int(11) unsigned NOT NULL DEFAULT '0' COMMENT '创建时间',
  `is_del` tinyint(1) NOT NULL DEFAULT '0' COMMENT '是否删除 0否 1是',
  `score` smallint(3) NOT NULL DEFAULT '0' COMMENT '分值',
  PRIMARY KEY (`radio_id`)
) ENGINE=InnoDB AUTO_INCREMENT=231 DEFAULT CHARSET=utf8 COMMENT='会计--单选题';

-- ----------------------------
-- Records of ae_radio
-- ----------------------------
INSERT INTO `ae_radio` VALUES ('1', '下列各项中，不会引起无形资产账面价值发生增减变动的是（　）。 ', '[\"\\u5bf9\\u65e0\\u5f62\\u8d44\\u4ea7\\u8ba1\\u63d0\\u51cf\\u503c\\u51c6\\u5907\",\"\\u53d1\\u751f\\u65e0\\u5f62\\u8d44\\u4ea7\\u540e\\u7eed\\u652f\\u51fa\",\"\\u644a\\u9500\\u65e0\\u5f62\\u8d44\\u4ea7\",\"\\u8f6c\\u8ba9\\u65e0\\u5f62\\u8d44\\u4ea7\\u6240\\u6709\\u6743\"]', '2', '5', '发生无形资产后续支出', '0', '13', '1487675903', '0', '1');
INSERT INTO `ae_radio` VALUES ('2', '甲公司购入一项专利技术，购买价款1 000万元、相关税费20万元，为使无形资产达到预定用途所发生的专业服务费用70万元、测试无形资产是否能够正常发挥作用的费用10万元。专利技术的入账价值为（　）万元。 ', '[\"102\",\"1090\",\"1080\",\"1100\"]', '2', '5', '1100', '0', '13', '1487675903', '0', '1');
INSERT INTO `ae_radio` VALUES ('3', '采用权益法核算长期股权投资时，对于被投资企业可供出售金融资产公允价值变动，期末因该事项投资企业应按所拥有的表决权资本的比例计算应享有的份额，将其计入（　）。 ', '[\"\\u5176\\u4ed6\\u7efc\\u5408\\u6536\\u76ca\",\"\\u6295\\u8d44\\u6536\\u76ca\",\"\\u5176\\u4ed6\\u4e1a\\u52a1\\u6536\\u5165\",\"\\u8425\\u4e1a\\u5916\\u6536\\u5165\"]', '2', '5', '其他综合收益', '0', '13', '1487675903', '0', '1');
INSERT INTO `ae_radio` VALUES ('4', 'A公司2014年1月1日支付价款2 000万元购入B公司30%的股份，准备长期持有，另支付相关税费20万元，购入时B公司可辨认净资产公允价值为12 000万元。A公司取得投资后对B公司具有重大影响。2014年度，B公司实现净利润100万元，假定不考虑其他因素，则A公司2014年度因该项投资而影响利润的金额为（　）万元。 ', '[\"10\",\"30\",\"1610\",\"1630\"]', '2', '5', '1610', '0', '13', '1487675903', '0', '1');
INSERT INTO `ae_radio` VALUES ('5', '2014年11月15日，甲公司从二级市场购入丙公司面值为200万元的债券，支付的总价款为195万元（其中包括已到付息期但尚未领取的利息4万元），另支付相关交易费用1万元，甲公司将其划分为可供出售金额资产。该资产入账时计入“可供出售金融资产——利息调整”科目的金额为（　）万元。 ', '[\"4\\uff08\\u501f\\u65b9\\uff09\",\"4\\uff08\\u8d37\\u65b9\\uff09\",\"8\\uff08\\u501f\\u65b9\\uff09\",\"8\\uff08\\u8d37\\u65b9\\uff09\"]', '2', '5', '8（贷方）', '0', '13', '1487675903', '0', '1');
INSERT INTO `ae_radio` VALUES ('6', '企业购入交易性金融资产，支付的价款为100万元，其中包含已到期尚未领取的利息5万元，另支付交易费用3万元。该项交易性金融资产的入账价值为（　）万元。 ', '[\"92\",\"95\",\"100\",\"105\"]', '2', '5', '95', '0', '13', '1487675903', '0', '1');
INSERT INTO `ae_radio` VALUES ('7', '下列各项中，需要计提折旧的是（　）。 ', '[\"\\u7ecf\\u8425\\u79df\\u5165\\u7684\\u8bbe\\u5907\",\"\\u5df2\\u4ea4\\u4ed8\\u4f46\\u5c1a\\u672a\\u4f7f\\u7528\\u7684\\u623f\\u5c4b\",\"\\u63d0\\u524d\\u62a5\\u5e9f\\u7684\\u56fa\\u5b9a\\u8d44\\u4ea7\",\"\\u5df2\\u63d0\\u8db3\\u6298\\u65e7\\u4ecd\\u7ee7\\u7eed\\u4f7f\\u7528\\u7684\\u8bbe\\u5907\"]', '2', '5', '已交付但尚未使用的房屋', '0', '13', '1487675903', '0', '1');
INSERT INTO `ae_radio` VALUES ('8', '甲公司为增值税一般纳税人，2010年12月31日购入不需要安装的生产设备一台，当日投入使用。该设备价款为360万元，增值税税额为61.2万元，预计使用寿命为5年，预计净残值为零，采用年数总和法计提折旧。该设备2011年应计提的折旧为（　）万元。 ', '[\"72\",\"120\",\"140.4\",\"168.48\"]', '2', '5', '120', '0', '13', '1487675903', '0', '1');
INSERT INTO `ae_radio` VALUES ('9', '某企业对一条生产线进行改建，原价为100万元，已提折旧为40万元。改建过程中发生支出30万元，被替换部分的账面价值为10万元。该生产线改建后的成本为（　）万元。 ', '[\"65\",\"70\",\"80\",\"130\"]', '2', '5', '80', '0', '13', '1487675903', '0', '1');
INSERT INTO `ae_radio` VALUES ('10', '某增值税一般纳税企业自建一幢仓库，购入工程物资200万元，增值税税额为34万元，已全部用于建造仓库；耗用库存材料50万元，应负担的增值税税额为8.5万元；支付建筑工人工资36万元。该仓库建造完成并达到预定可使用状态，其入账价值为（　）万元。 ', '[\"250\",\"292.5\",\"286\",\"328.5\"]', '2', '5', '328.5', '0', '13', '1487675903', '0', '1');
INSERT INTO `ae_radio` VALUES ('11', '某企业转让一台旧设备，取得价款56万元，发生清理费用2万元。该设备原值为60万元，已提折旧10万元。假定不考虑其他因素，出售该设备影响当期损益的金额为（　）万元。 ', '[\"4\",\"6\",\"54\",\"56\"]', '2', '5', '4', '0', '13', '1487675903', '0', '1');
INSERT INTO `ae_radio` VALUES ('12', '下列各项中，关于周转材料会计处理表述不正确的是（　）。 ', '[\"\\u591a\\u6b21\\u4f7f\\u7528\\u7684\\u5305\\u88c5\\u7269\\u5e94\\u6839\\u636e\\u4f7f\\u7528\\u6b21\\u6570\\u5206\\u6b21\\u8fdb\\u884c\\u644a\\u9500\",\"\\u4f4e\\u503c\\u6613\\u8017\\u54c1\\u91d1\\u989d\\u8f83\\u5c0f\\u7684\\u53ef\\u5728\\u9886\\u7528\\u65f6\\u4e00\\u6b21\\u8ba1\\u5165\\u6210\\u672c\\u8d39\\u7528\",\"\\u968f\\u540c\\u5546\\u54c1\\u9500\\u552e\\u51fa\\u501f\\u7684\\u5305\\u88c5\\u7269\\u7684\\u644a\\u9500\\u989d\\u5e94\\u8ba1\\u5165\\u7ba1\\u7406\\u8d39\\u7528\",\"\\u968f\\u540c\\u5546\\u54c1\\u51fa\\u552e\\u5355\\u72ec\\u8ba1\\u4ef7\\u7684\\u5305\\u88c5\\u7269\\u53d6\\u5f97\\u7684\\u6536\\u5165\\u5e94\\u8ba1\\u5165\\u5176\\u4ed6\\u4e1a\\u52a1\\u6536\\u5165\"]', '2', '5', '随同商品销售出借的包装物的摊销额应计入管理费用', '0', '13', '1487675903', '0', '1');
INSERT INTO `ae_radio` VALUES ('13', '某企业2010年12月31日存货的账面余额为20 000元，预计可变现净值为19 000元。2011年12月31日存货的账面余额仍为20 000元，预计可变现净值为21 000元。则2011年末应冲减的存货跌价准备为（　）元。 ', '[\"1000\",\"2000\",\"9000\",\"3000\"]', '2', '5', '1000', '0', '13', '1487675903', '0', '1');
INSERT INTO `ae_radio` VALUES ('14', '长期股权投资采用成本法核算时，下列各种情况下，投资企业应相应调减“长期股权投资”账面价值的是（　）。 ', '[\"\\u88ab\\u6295\\u8d44\\u4f01\\u4e1a\\u5f53\\u5e74\\u5b9e\\u73b0\\u51c0\\u5229\\u6da6\\u65f6\",\"\\u88ab\\u6295\\u8d44\\u4f01\\u4e1a\\u5f53\\u5e74\\u5b9e\\u73b0\\u51c0\\u4e8f\\u635f\\u65f6\",\"\\u88ab\\u6295\\u8d44\\u4f01\\u4e1a\\u6240\\u6709\\u8005\\u6743\\u76ca\\u7684\\u5176\\u4ed6\\u53d8\\u52a8\\u65f6\",\"\\u6295\\u8d44\\u4f01\\u4e1a\\u5bf9\\u6301\\u6709\\u7684\\u957f\\u671f\\u80a1\\u6743\\u6295\\u8d44\\u8ba1\\u63d0\\u51cf\\u503c\\u65f6\"]', '2', '5', '投资企业对持有的长期股权投资计提减值时', '0', '13', '1487675903', '0', '1');
INSERT INTO `ae_radio` VALUES ('15', '某企业材料采用计划成本核算。月初结存材料计划成本为130万元，材料成本差异为节约20万元。当月购入材料一批，实际成本110万元，计划成本120万元，领用材料的计划成本为100万元。该企业当月领用材料的实际成本为（　）万元。 ', '[\"88\",\"96\",\"100\",\"112\"]', '2', '5', '88', '0', '13', '1487675903', '0', '1');
INSERT INTO `ae_radio` VALUES ('16', '下列各项中，关于无形资产摊销表述不正确的是（　）。 ', '[\"\\u4f7f\\u7528\\u5bff\\u547d\\u4e0d\\u786e\\u5b9a\\u7684\\u65e0\\u5f62\\u8d44\\u4ea7\\u4e0d\\u5e94\\u644a\\u9500\",\"\\u51fa\\u79df\\u65e0\\u5f62\\u8d44\\u4ea7\\u7684\\u644a\\u9500\\u989d\\u5e94\\u8ba1\\u5165\\u7ba1\\u7406\\u8d39\\u7528\",\"\\u4f7f\\u7528\\u5bff\\u547d\\u6709\\u9650\\u7684\\u65e0\\u5f62\\u8d44\\u4ea7\\u5904\\u7f6e\\u5f53\\u6708\\u4e0d\\u518d\\u644a\\u9500\",\"\\u65e0\\u5f62\\u8d44\\u4ea7\\u7684\\u644a\\u9500\\u65b9\\u6cd5\\u4e3b\\u8981\\u6709\\u76f4\\u7ebf\\u6cd5\\u548c\\u751f\\u4ea7\\u603b\\u91cf\\u6cd5\"]', '2', '5', '出租无形资产的摊销额应计入管理费用', '0', '13', '1487675903', '0', '1');
INSERT INTO `ae_radio` VALUES ('17', '甲公司一项无形资产的账面原值为1 600万元，摊销年限为10年，预计净残值为0，采用直线法摊销，已摊销年限为5年。2014年12月31日经减值测试，该专利技术的可收回金额为750万元。假设不考虑其他因素，2014年12月31日该项无形资产应计提的减值准备为（　）万元。 ', '[\"800\",\"50\",\"750\",\"1550\"]', '2', '5', '50', '0', '13', '1487675903', '0', '1');
INSERT INTO `ae_radio` VALUES ('18', '某一般纳税企业委托外单位加工一批应税消费品，材料成本150万元，加工费12万元，受托方增值税税率为17%，受托方代扣代缴消费税18万元。该批材料加工后委托方直接出售，则该批材料加工完毕入库时的成本为（　）万元。 ', '[\"162\",\"180\",\"182.04\",\"168\"]', '2', '5', '180', '0', '13', '1487675903', '0', '1');
INSERT INTO `ae_radio` VALUES ('19', '企业将房地产存货转为采用公允价值计量的投资性房地产，转换日存货公允价值小于原账面价值差额记入（　）。 ', '[\"\\u8425\\u4e1a\\u5916\\u652f\\u51fa\",\"\\u8d44\\u672c\\u516c\\u79ef\",\"\\u516c\\u5141\\u4ef7\\u503c\\u53d8\\u52a8\\u635f\\u76ca\",\"\\u5176\\u4ed6\\u4e1a\\u52a1\\u6210\\u672c\"]', '2', '5', '公允价值变动损益', '0', '13', '1487675903', '0', '1');
INSERT INTO `ae_radio` VALUES ('20', '2014年1月25日，甲公司将一项投资性房地产出售给乙公司，出售价款为4 400万元，甲公司该项投资性房地产采用公允价值模式计量，2014年1月25日，该项投资性房地产的成本为2 000万元，公允价值变动为借方余额1200万元。不考虑其他因素，则甲公司处置该投资性房地产对其2014年度营业利润的影响为（　）万元。 ', '[\"2400\",\"1200\",\"4400\",\"-1200\"]', '2', '5', '1200', '0', '13', '1487675903', '0', '1');
INSERT INTO `ae_radio` VALUES ('21', '下列各项中，不会导致固定资产账面价值发生增减变动的是（　）。 ', '[\"\\u76d8\\u76c8\\u56fa\\u5b9a\\u8d44\\u4ea7\",\"\\u7ecf\\u8425\\u6027\\u79df\\u8d41\\u79df\\u5165\\u8bbe\\u5907\",\"\\u4ee5\\u56fa\\u5b9a\\u8d44\\u4ea7\\u5bf9\\u5916\\u6295\\u8d44\",\"\\u5bf9\\u56fa\\u5b9a\\u8d44\\u4ea7\\u8ba1\\u63d0\\u51cf\\u503c\\u51c6\\u5907\"]', '2', '5', '经营性租赁租入设备', '0', '13', '1487675903', '0', '1');
INSERT INTO `ae_radio` VALUES ('22', '某有限公司于2012年4月1日购入面值为1 000万元的3年期债券，并划分为持有至到期投资，实际支付的价款为1 100万元，其中包含已到付息期但尚未领取的债券利息50万元以及相关税费5万元。该项债券投资的初始入账金额为（　）万元。 ', '[\"1105\",\"1100\",\"1050\",\"1000\"]', '2', '5', '1050', '0', '13', '1487675903', '0', '1');
INSERT INTO `ae_radio` VALUES ('23', '对于已计提减值准备的持有至到期投资，在随后的会计期间公允价值上升使得持有至到期投资价值得以恢复的，应在原计提的减值准备金额范围内予以恢复，计入（　）科目。 ', '[\"\\u8d44\\u4ea7\\u51cf\\u503c\\u635f\\u5931\",\"\\u6295\\u8d44\\u6536\\u76ca\",\"\\u8d44\\u672c\\u516c\\u79ef\",\"\\u8425\\u4e1a\\u5916\\u6536\\u5165\"]', '2', '5', '资产减值损失', '0', '13', '1487675903', '0', '1');
INSERT INTO `ae_radio` VALUES ('24', '持有至到期投资，投资的面值与实际支付的金额的差额应计入（　）。 ', '[\"\\u6301\\u6709\\u81f3\\u5230\\u671f\\u6295\\u8d44\\u2014\\u2014\\u5229\\u606f\\u8c03\\u6574\",\"\\u6295\\u8d44\\u6536\\u76ca\",\"\\u5e94\\u6536\\u5229\\u606f\",\"\\u6301\\u6709\\u81f3\\u5230\\u671f\\u6295\\u8d44\\u2014\\u2014\\u6210\\u672c\"]', '2', '5', '持有至到期投资——利息调整', '0', '13', '1487675903', '0', '1');
INSERT INTO `ae_radio` VALUES ('25', '企业处置一项权益法核算的长期股权投资，长期股权投资各明细科目的金额为：投资成本400万元，损益调整借方200万元，其他权益变动借方40万元。处置该项投资收到的价款为700万元。处置该项投资的收益为（　）万元。 ', '[\"700\",\"640\",\"60\",\"100\"]', '2', '5', '100', '0', '13', '1487675903', '0', '1');
INSERT INTO `ae_radio` VALUES ('26', '测试1-标题（）', '[\"\\u501f\\uff1a\\u73b0\\u91d12000(@)\\u8d37\\uff1a\\u94f6\\u884c\\u5b58\\u6b3e2000(@)\\u501f\\uff1a\\u73b0\\u91d13000\",\"\\u501f\\uff1a\\u73b0\\u91d12000(@)\\u8d37\\uff1a\\u94f6\\u884c\\u5b58\\u6b3e2000(@)\\u501f\\uff1a\\u73b0\\u91d12000\",\"\\u501f\\uff1a\\u73b0\\u91d15000(@)\\u8d37\\uff1a\\u94f6\\u884c\\u5b58\\u6b3e6000(@)\\u501f\\uff1a\\u73b0\\u91d12000\",\"\\u501f\\uff1a\\u73b0\\u91d12000(@)\\u8d37\\uff1a\\u94f6\\u884c\\u5b58\\u6b3e2000(@)\\u501f\\uff1a\\u73b0\\u91d12000\"]', '1', '2', '借：现金2000(@)贷：银行存款2000(@)借：现金2000', '0', '1', '1488970297', '1', '2');
INSERT INTO `ae_radio` VALUES ('27', '测试1-标题（）', '[\"\\u501f\\uff1a\\u73b0\\u91d12000(@)\\u8d37\\uff1a\\u94f6\\u884c\\u5b58\\u6b3e2000(@)\\u501f\\uff1a\\u73b0\\u91d13000\",\"\\u501f\\uff1a\\u73b0\\u91d12000(@)\\u8d37\\uff1a\\u94f6\\u884c\\u5b58\\u6b3e2000(@)\\u501f\\uff1a\\u73b0\\u91d12000\",\"\\u501f\\uff1a\\u73b0\\u91d15000(@)\\u8d37\\uff1a\\u94f6\\u884c\\u5b58\\u6b3e6000(@)\\u501f\\uff1a\\u73b0\\u91d12000\",\"\\u501f\\uff1a\\u73b0\\u91d12000(@)\\u8d37\\uff1a\\u94f6\\u884c\\u5b58\\u6b3e2000(@)\\u501f\\uff1a\\u73b0\\u91d12000\"]', '1', '2', '借：现金2000(@)贷：银行存款2000(@)借：现金2000', '0', '1', '1488970388', '1', '2');
INSERT INTO `ae_radio` VALUES ('28', '似懂非懂是', '[\"\\u5f97\\u5230\",\"\\u521a\\u521a\",\"\\u4eba\\u4eba\",\"\\u597d\\u7ea0\\u7ed3\"]', '1', '2', '好纠结', '1', '1', '1488971025', '1', '1');
INSERT INTO `ae_radio` VALUES ('29', '测试133-标题（）', '[\"\\u501f\\uff1a\\u73b0\\u91d12000(@)\\u8d37\\uff1a\\u94f6\\u884c\\u5b58\\u6b3e2000(@)\\u501f\\uff1a\\u73b0\\u91d13000\",\"\\u501f\\uff1a\\u73b0\\u91d12000(@)\\u8d37\\uff1a\\u94f6\\u884c\\u5b58\\u6b3e2000(@)\\u501f\\uff1a\\u73b0\\u91d12000\",\"\\u501f\\uff1a\\u73b0\\u91d15000(@)\\u8d37\\uff1a\\u94f6\\u884c\\u5b58\\u6b3e6000(@)\\u501f\\uff1a\\u73b0\\u91d12000\",\"\\u501f\\uff1a\\u73b0\\u91d12000(@)\\u8d37\\uff1a\\u94f6\\u884c\\u5b58\\u6b3e2000(@)\\u501f\\uff1a\\u73b0\\u91d12000\"]', '1', '2', '借：现金2000(@)贷：银行存款2000(@)借：现金2000', '0', '3', '1488971368', '1', '2');
INSERT INTO `ae_radio` VALUES ('30', '测试1-标题（）', '[\"\\u501f\\uff1a\\u73b0\\u91d12000(@)\\u8d37\\uff1a\\u94f6\\u884c\\u5b58\\u6b3e2000(@)\\u501f\\uff1a\\u73b0\\u91d13000\",\"\\u501f\\uff1a\\u73b0\\u91d12000(@)\\u8d37\\uff1a\\u94f6\\u884c\\u5b58\\u6b3e2000(@)\\u501f\\uff1a\\u73b0\\u91d12000\",\"\\u501f\\uff1a\\u73b0\\u91d15000(@)\\u8d37\\uff1a\\u94f6\\u884c\\u5b58\\u6b3e6000(@)\\u501f\\uff1a\\u73b0\\u91d12000\",\"\\u501f\\uff1a\\u73b0\\u91d12000(@)\\u8d37\\uff1a\\u94f6\\u884c\\u5b58\\u6b3e2000(@)\\u501f\\uff1a\\u73b0\\u91d12000\"]', '1', '2', '借：现金2000(@)贷：银行存款2000(@)借：现金2000', '0', '3', '1488971420', '1', '2');
INSERT INTO `ae_radio` VALUES ('31', '下列关于应付票据处理的说法中不正确的是（　）。', '[\"\\u4f01\\u4e1a\\u5230\\u671f\\u65e0\\u529b\\u652f\\u4ed8\\u7684\\u5546\\u4e1a\\u627f\\u5151\\u6c47\\u7968\\uff0c\\u5e94\\u6309\\u8d26\\u9762\\u4f59\\u989d\\u8f6c\\u5165\\u201c\\u77ed\\u671f\\u501f\\u6b3e\\u201d\",\"\\u4f01\\u4e1a\\u652f\\u4ed8\\u7684\\u94f6\\u884c\\u627f\\u5151\\u6c47\\u7968\\u624b\\u7eed\\u8d39\\uff0c\\u8bb0\\u5165\\u5f53\\u671f\\u201c\\u8d22\\u52a1\\u8d39\\u7528\\u201d\",\"\\u4f01\\u4e1a\\u5230\\u671f\\u65e0\\u529b\\u652f\\u4ed8\\u7684\\u94f6\\u884c\\u627f\\u5151\\u6c47\\u7968\\uff0c\\u5e94\\u6309\\u8d26\\u9762\\u4f59\\u989d\\u8f6c\\u5165\\u201c\\u77ed\\u671f\\u501f\\u6b3e\\u201d\",\"\\u4f01\\u4e1a\\u5f00\\u51fa\\u5546\\u4e1a\\u6c47\\u7968\\uff0c\\u5e94\\u5f53\\u6309\\u5176\\u7968\\u9762\\u91d1\\u989d\\u4f5c\\u4e3a\\u5e94\\u4ed8\\u7968\\u636e\\u7684\\u5165\\u8d26\\u91d1\\u989d\"]', '2', '5', '企业到期无力支付的商业承兑汇票，应按账面余额转入“短期借款”', '0', '14', '1489793734', '0', '1');
INSERT INTO `ae_radio` VALUES ('32', '甲企业为增值税一般纳税人，本月发生进项税额1 700万元，销项税额5 100万元，进项税额转出51万元，同时月末以银行存款缴纳增值税1 000万元，那么本月尚未缴纳的增值税为（　）万元。', '[\"4349\",\"3451\",\"2349\",\"2451\"]', '2', '5', '2451', '0', '14', '1489793734', '0', '1');
INSERT INTO `ae_radio` VALUES ('33', '下列各项中，应列入资产负债表“其他应付款”项目的是（　）。', '[\"\\u5e94\\u4ed8\\u79df\\u5165\\u5305\\u88c5\\u7269\\u79df\\u91d1\",\"\\u5e94\\u4ed8\\u878d\\u8d44\\u79df\\u5165\\u56fa\\u5b9a\\u8d44\\u4ea7\\u79df\\u91d1\",\"\\u7ed3\\u8f6c\\u5230\\u671f\\u65e0\\u529b\\u652f\\u4ed8\\u7684\\u5e94\\u4ed8\\u7968\\u636e\",\"\\u5e94\\u4ed8\\u7531\\u4f01\\u4e1a\\u8d1f\\u62c5\\u7684\\u804c\\u5de5\\u793e\\u4f1a\\u4fdd\\u9669\\u8d39\"]', '2', '5', '应付租入包装物租金', '0', '14', '1489793734', '0', '1');
INSERT INTO `ae_radio` VALUES ('34', '假设企业每月末计提利息，企业每季度末收到银行寄来的短期借款利息付款通知单时，应贷记（　）科目。', '[\"\\u5e93\\u5b58\\u73b0\\u91d1\",\"\\u94f6\\u884c\\u5b58\\u6b3e\",\"\\u8d22\\u52a1\\u8d39\\u7528\",\"\\u5e94\\u4ed8\\u5229\\u606f\"]', '2', '5', '银行存款', '0', '14', '1489793734', '0', '1');
INSERT INTO `ae_radio` VALUES ('35', '下列关于长期借款利息费用会计处理的表述中，不正确的是（　）。', '[\"\\u7b26\\u5408\\u8d44\\u672c\\u5316\\u6761\\u4ef6\\u7684\\u501f\\u6b3e\\u5229\\u606f\\u8ba1\\u5165\\u76f8\\u5173\\u8d44\\u4ea7\\u6210\\u672c\",\"\\u65e5\\u5e38\\u751f\\u4ea7\\u7ecf\\u8425\\u6d3b\\u52a8\\u4e0d\\u7b26\\u5408\\u8d44\\u672c\\u5316\\u6761\\u4ef6\\u7684\\u501f\\u6b3e\\u5229\\u606f\\u8ba1\\u5165\\u8d22\\u52a1\\u8d39\\u7528\",\"\\u7b79\\u5efa\\u671f\\u95f4\\u4e0d\\u7b26\\u5408\\u8d44\\u672c\\u5316\\u6761\\u4ef6\\u7684\\u501f\\u6b3e\\u5229\\u606f\\u8ba1\\u5165\\u957f\\u671f\\u5f85\\u644a\\u8d39\\u7528\",\"\\u7b79\\u5efa\\u671f\\u95f4\\u4e0d\\u7b26\\u5408\\u8d44\\u672c\\u5316\\u6761\\u4ef6\\u7684\\u501f\\u6b3e\\u5229\\u606f\\u8ba1\\u5165\\u7ba1\\u7406\\u8d39\\u7528\"]', '2', '5', '筹建期间不符合资本化条件的借款利息计入长期待摊费用', '0', '14', '1489793734', '0', '1');
INSERT INTO `ae_radio` VALUES ('36', '下列各项中，进项税不需要做转出处理的是（　）。', '[\"\\u8d2d\\u8fdb\\u8d27\\u7269\\u7528\\u4e8e\\u96c6\\u4f53\\u798f\\u5229\\u6216\\u8005\\u4e2a\\u4eba\\u6d88\\u8d39\",\"\\u8d2d\\u8fdb\\u8d27\\u7269\\u7531\\u4e8e\\u7ba1\\u7406\\u4e0d\\u5584\\u53d1\\u751f\\u975e\\u5e38\\u635f\\u5931\",\"\\u8d2d\\u8fdb\\u8d27\\u7269\\u7528\\u4e8e\\u5382\\u623f\\u5efa\\u9020\\u7b49\\u975e\\u5e94\\u7a0e\\u9879\\u76ee\",\"\\u8d2d\\u8fdb\\u8d27\\u7269\\u7528\\u4e8e\\u5206\\u914d\\u7ed9\\u80a1\\u4e1c\"]', '2', '5', '购进货物用于分配给股东', '0', '14', '1489793734', '0', '1');
INSERT INTO `ae_radio` VALUES ('37', '企业计提在建工程人员的职工薪酬，下列会计处理中正确的是（　）。', '[\"\\u501f\\u8bb0\\u201c\\u7ba1\\u7406\\u8d39\\u7528\\u201d\\u79d1\\u76ee\\uff0c\\u8d37\\u8bb0\\u201c\\u5e94\\u4ed8\\u804c\\u5de5\\u85aa\\u916c\\u201d\\u79d1\\u76ee\",\"\\u501f\\u8bb0\\u201c\\u56fa\\u5b9a\\u8d44\\u4ea7\\u201d\\u79d1\\u76ee\\uff0c\\u8d37\\u8bb0\\u201c\\u5e94\\u4ed8\\u804c\\u5de5\\u85aa\\u916c\\u201d\\u79d1\\u76ee\",\"\\u501f\\u8bb0\\u201c\\u5728\\u5efa\\u5de5\\u7a0b\\u201d\\u79d1\\u76ee\\uff0c\\u8d37\\u8bb0\\u201c\\u5e94\\u4ed8\\u804c\\u5de5\\u85aa\\u916c\\u201d\\u79d1\\u76ee\",\"\\u501f\\u8bb0\\u201c\\u7814\\u53d1\\u652f\\u51fa\\u201d\\u79d1\\u76ee\\uff0c\\u8d37\\u8bb0\\u201c\\u5e94\\u4ed8\\u804c\\u5de5\\u85aa\\u916c\\u201d\\u79d1\\u76ee\"]', '2', '5', '借记“在建工程”科目，贷记“应付职工薪酬”科目', '0', '14', '1489793734', '0', '1');
INSERT INTO `ae_radio` VALUES ('38', '甲公司为一般纳税人，适用的增值税税率为17%。年末将20台本企业自产的空调作为福利发给本企业职工，该空调的生产成本为每台1 000元，市场售价为2 000元/台（不含增值税）。则甲公司实际发放时应计入应付职工薪酬借方的金额为（　）元。', '[\"40000\",\"23400\",\"43400\",\"46800\"]', '2', '5', '43400', '0', '14', '1489793734', '0', '1');
INSERT INTO `ae_radio` VALUES ('39', '某企业于2012年7月1日按面值发行5年期、到期一次还本付息的公司债券，该债券面值总额8 000万元，票面年利率为4%，自发行日起计息。假定票面利率与实际利率一致，不考虑相关税费，2013年12月31日该应付债券的账面余额为（　）万元。', '[\"8000\",\"8160\",\"8320\",\"8480\"]', '2', '5', '8480', '0', '14', '1489793734', '0', '1');
INSERT INTO `ae_radio` VALUES ('40', 'A公司于2011年7月1日按面值发行三年期、到期一次还本付息、年利率为8％（不计复利）的债券，债券的面值总额为500万元。该公司所筹集的资金全部用于建造固定资产，至2011年12月31日工程尚未完工，计提本年长期债券利息。该期债券产生的实际利息费用全部符合资本化条件，作为在建工程成本。则该公司2011年末计提利息的会计分录为（　）。', '[\"\\u501f\\u8bb0\\u5728\\u5efa\\u5de5\\u7a0b20\\uff0c\\u8d37\\u8bb0\\u5e94\\u4ed8\\u503a\\u523820\",\"\\u501f\\u8bb0\\u5728\\u5efa\\u5de5\\u7a0b40\\uff0c\\u8d37\\u8bb0\\u5e94\\u4ed8\\u503a\\u523840\",\"\\u501f\\u8bb0\\u5728\\u5efa\\u5de5\\u7a0b40\\uff0c\\u8d37\\u8bb0\\u5e94\\u4ed8\\u5229\\u606f40\",\"\\u501f\\u8bb0\\u5728\\u5efa\\u5de5\\u7a0b20\\uff0c\\u8d37\\u8bb0\\u5e94\\u4ed8\\u5229\\u606f20\"]', '2', '5', '借记在建工程20，贷记应付债券20', '0', '14', '1489793734', '0', '1');
INSERT INTO `ae_radio` VALUES ('41', '某企业为增值税一般纳税人，2010年应交各种税金为：增值税350万元，消费税150万元，城市维护建设税35万元，车辆购置税10万元，耕地占用税5万元，所得税150万元。该企业当期“应交税费”科目余额为（　）万元。', '[\"535\",\"545\",\"550\",\"685\"]', '2', '5', '685', '0', '14', '1489793734', '0', '1');
INSERT INTO `ae_radio` VALUES ('42', '下列各项中，会导致负债总额变化的是（　）。', '[\"\\u4ece\\u94f6\\u884c\\u501f\\u6b3e\\u76f4\\u63a5\\u507f\\u8fd8\\u5e94\\u4ed8\\u8d26\\u6b3e\",\"\\u8d4a\\u8d2d\\u5546\\u54c1\",\"\\u5f00\\u51fa\\u94f6\\u884c\\u6c47\\u7968\",\"\\u7528\\u76c8\\u4f59\\u516c\\u79ef\\u8f6c\\u589e\\u8d44\\u672c\"]', '2', '5', '赊购商品', '0', '14', '1489793734', '0', '1');
INSERT INTO `ae_radio` VALUES ('43', '某公司购进的原材料因管理不善而毁损，毁损的材料成本为1000元，下列会计处理中，正确的是（　）。', '[\"\\u501f\\uff1a\\u5f85\\u5904\\u7f6e\\u8d22\\u4ea7\\u635f\\u6ea21 170@\\u8d37\\uff1a\\u539f\\u6750\\u65991 000@\\u5e94\\u4ea4\\u7a0e\\u8d39\\u2014\\u2014\\u5e94\\u4ea4\\u589e\\u503c\\u7a0e\\uff08\\u8fdb\\u9879\\u7a0e\\u989d\\u8f6c\\u51fa\\uff09170\\u00a0\",\"\\u501f\\uff1a\\u539f\\u6750\\u65991 170@\\u8d37\\uff1a\\u5e94\\u4ea4\\u7a0e\\u8d39\\u2014\\u2014\\u5e94\\u4ea4\\u589e\\u503c\\u7a0e\\uff08\\u8fdb\\u9879\\u7a0e\\u989d\\u8f6c\\u51fa\\uff09170@\\u5f85\\u5904\\u7f6e\\u8d22\\u4ea7\\u635f\\u6ea21 000\\u00a0\",\"\\u501f\\uff1a\\u94f6\\u884c\\u5b58\\u6b3e1 170@\\u8d37\\uff1a\\u539f\\u6750\\u65991 000@\\u5e94\\u4ea4\\u7a0e\\u8d39\\u2014\\u2014\\u5e94\\u4ea4\\u589e\\u503c\\u7a0e\\uff08\\u9500\\u9879\\u7a0e\\u989d\\uff09170\\u00a0\",\"\\u501f\\uff1a\\u5e94\\u6536\\u8d26\\u6b3e1 170@\\u8d37\\uff1a\\u539f\\u6750\\u65991 000@\\u5e94\\u4ea4\\u7a0e\\u8d39\\u2014\\u2014\\u5e94\\u4ea4\\u589e\\u503c\\u7a0e\\uff08\\u9500\\u9879\\u7a0e\\u989d\\uff09170\\u00a0\"]', '2', '5', '借：待处置财产损溢1 170@贷：原材料1 000@应交税费——应交增值税（进项税额转出）170 ', '1', '14', '1489794854', '0', '1');
INSERT INTO `ae_radio` VALUES ('44', 'A上市公司发行普通股2 000万股，每股面值1元，每股发行价格4元，支付发行手续费20万元，A公司发行普通股计入资本公积——股本溢价的金额是（　）万元。', '[\"6000\",\"4920\",\"5980\",\"7000\"]', '2', '5', '5980', '0', '15', '1490173290', '0', '1');
INSERT INTO `ae_radio` VALUES ('45', '下列各项中，不属于所有者权益的是（　）。', '[\"\\u9012\\u5ef6\\u6536\\u76ca\",\"\\u76c8\\u4f59\\u516c\\u79ef\",\"\\u672a\\u5206\\u914d\\u5229\\u6da6\",\"\\u8d44\\u672c\\u516c\\u79ef\"]', '2', '5', '递延收益', '0', '15', '1490173290', '0', '1');
INSERT INTO `ae_radio` VALUES ('46', '下列项目中，能同时引起负债和所有者权益发生变动的是（　）。　', '[\"\\u51fa\\u552e\\u65e0\\u5f62\\u8d44\\u4ea7\\u53d6\\u5f97\\u7684\\u51c0\\u6536\\u76ca\",\"\\u63a5\\u53d7\\u6295\\u8d44\\u8005\\u7684\\u6295\\u8d44\",\"\\u5b9e\\u9645\\u53d1\\u653e\\u73b0\\u91d1\\u80a1\\u5229\",\"\\u80a1\\u4e1c\\u5927\\u4f1a\\u5411\\u6295\\u8d44\\u8005\\u5ba3\\u544a\\u5206\\u914d\\u73b0\\u91d1\\u80a1\\u5229\"]', '2', '5', '股东大会向投资者宣告分配现金股利', '0', '15', '1490173290', '0', '1');
INSERT INTO `ae_radio` VALUES ('47', '某股份有限公司按法定程序报经批准后采用收购本公司股票方式减资，回购股票支付价款低于股票面值总额的，所注销库存股账面余额与冲减股本的差额应计入（　）。', '[\"\\u76c8\\u4f59\\u516c\\u79ef\",\"\\u8425\\u4e1a\\u5916\\u6536\\u5165\",\"\\u8d44\\u672c\\u516c\\u79ef\",\"\\u672a\\u5206\\u914d\\u5229\\u6da6\"]', '2', '5', '资本公积', '0', '15', '1490173290', '0', '1');
INSERT INTO `ae_radio` VALUES ('48', '甲股份有限公司（简称甲公司）以每股4元的价格回购股票1 000万股，股票每股面值1元，共支付回购款4 000万元。回购前，公司的股本为11 000万元，资本公积为3 000万元（均为股票产生的溢价），盈余公积为450万元，未分配利润为550万元。回购股票后甲公司经股东大会决议，并报有关部门核准，将回购的本公司股票注销，注销股票后所有者权益总额为（　）万元。', '[\"15000\",\"14000\",\"11950\",\"11000\"]', '2', '5', '11000', '0', '15', '1490173290', '0', '1');
INSERT INTO `ae_radio` VALUES ('49', '甲企业2012年年初未分配利润为借方余额10万元，当年净利润为30万元，按10％的比例提取盈余公积，当年分配现金股利5万元。不考虑其他事项，该企业2012年年末未分配利润为（　）万元。', '[\"13\",\"12\",\"17\",\"18\"]', '2', '5', '13', '0', '15', '1490173290', '0', '1');
INSERT INTO `ae_radio` VALUES ('50', '下列各项，能影响所有者权益总额发生增减变动的是（　）。', '[\"\\u652f\\u4ed8\\u5df2\\u5ba3\\u544a\\u7684\\u73b0\\u91d1\\u80a1\\u5229\",\"\\u76c8\\u4f59\\u516c\\u79ef\\u8865\\u4e8f\",\"\\u5b9e\\u9645\\u53d1\\u653e\\u80a1\\u7968\\u80a1\\u5229\",\"\\u5ba3\\u544a\\u6d3e\\u53d1\\u73b0\\u91d1\\u80a1\\u5229\"]', '2', '5', '宣告派发现金股利', '0', '15', '1490173290', '0', '1');
INSERT INTO `ae_radio` VALUES ('51', '某企业2012年1月1日所有者权益构成情况如下：实收资本1 000万元，资本公积600万元，盈余公积300万元，未分配利润200万元。本年净利润为1 000万元，按10％计提法定盈余公积，按5％计提任意盈余公积，宣告发放现金股利为80万元。资本公积转增资本100万元。下列有关所有者权益表述正确的是（　）。', '[\"2012\\u5e7412\\u670831\\u65e5\\u53ef\\u4f9b\\u5206\\u914d\\u5229\\u6da6\\u4e3a1000\\u4e07\\u5143\",\"2012\\u5e7412\\u670831\\u65e5\\u8d44\\u672c\\u516c\\u79ef700\\u4e07\\u5143\",\"2012\\u5e7412\\u670831\\u65e5\\u672a\\u5206\\u914d\\u5229\\u6da6\\u4e3a970\\u4e07\\u5143\",\"2012\\u5e7412\\u670831\\u65e5\\u7559\\u5b58\\u6536\\u76ca\\u603b\\u989d\\u4e3a970\\u4e07\\u5143\"]', '2', '5', '2012年12月31日未分配利润为970万元', '0', '15', '1490173290', '0', '1');
INSERT INTO `ae_radio` VALUES ('52', '下列各项中，不会引起实收资本增加的是（　）。', '[\"\\u63a5\\u53d7\\u73b0\\u91d1\\u8d44\\u4ea7\\u6295\\u8d44\",\"\\u76c8\\u4f59\\u516c\\u79ef\\u8f6c\\u589e\\u8d44\\u672c\",\"\\u8d44\\u672c\\u516c\\u79ef\\u8f6c\\u589e\\u8d44\\u672c\",\"\\u5bf9\\u88ab\\u6295\\u8d44\\u5355\\u4f4d\\u8ffd\\u52a0\\u73b0\\u91d1\\u6295\\u8d44\"]', '2', '5', '对被投资单位追加现金投资', '0', '15', '1490173290', '0', '1');
INSERT INTO `ae_radio` VALUES ('53', '下列各项中，会导致留存收益总额发生增减变动的是（　）。', '[\"\\u8d44\\u672c\\u516c\\u79ef\\u8f6c\\u589e\\u8d44\\u672c\",\"\\u76c8\\u4f59\\u516c\\u79ef\\u8865\\u4e8f\",\"\\u76c8\\u4f59\\u516c\\u79ef\\u8f6c\\u589e\\u8d44\\u672c\",\"\\u4ee5\\u5f53\\u5e74\\u51c0\\u5229\\u6da6\\u5f25\\u8865\\u4ee5\\u524d\\u5e74\\u5ea6\\u4e8f\\u635f\"]', '2', '5', '盈余公积转增资本', '0', '15', '1490173290', '0', '1');
INSERT INTO `ae_radio` VALUES ('54', '2013年1月1日某企业所有者权益情况如下：股本100万元，资本公积34万元，盈余公积19万元，未分配利润64万元。则该企业2013年1月1日留存收益为（　）万元。', '[\"64\",\"98\",\"83\",\"217\"]', '2', '5', '83', '0', '15', '1490173290', '0', '1');
INSERT INTO `ae_radio` VALUES ('55', '甲公司收到投资者作为资本投入的固定资产，合同约定该固定资产的价值为1 500万元，公允价值是1 528万元。假定不考虑增值税、资本溢价因素，甲公司收到该投资时，应计入实收资本的金额是（　）万元。', '[\"0\",\"28\",\"1500\",\"1528\"]', '2', '5', '1528', '0', '15', '1490173290', '0', '1');
INSERT INTO `ae_radio` VALUES ('56', '以下事项不影响主营业务收入确认金额的是（　）。', '[\"\\u9500\\u552e\\u5546\\u54c1\\u53d1\\u751f\\u7684\\u9500\\u552e\\u6298\\u8ba9\",\"\\u9500\\u552e\\u5546\\u54c1\\u53d1\\u751f\\u7684\\u73b0\\u91d1\\u6298\\u6263\",\"\\u9500\\u552e\\u5546\\u54c1\\u53d1\\u751f\\u7684\\u9500\\u552e\\u9000\\u56de\",\"\\u9500\\u552e\\u5546\\u54c1\\u6570\\u91cf\"]', '2', '5', '销售商品发生的现金折扣', '0', '16', '1490233175', '0', '1');
INSERT INTO `ae_radio` VALUES ('57', '下列有关销售商品收入的处理中，不正确的是（　）。', '[\"\\u5728\\u91c7\\u7528\\u6536\\u53d6\\u624b\\u7eed\\u8d39\\u7684\\u59d4\\u6258\\u4ee3\\u9500\\u65b9\\u5f0f\\u4e0b\\u9500\\u552e\\u5546\\u54c1\\uff0c\\u53d1\\u51fa\\u5546\\u54c1\\u65f6\\u4e0d\\u786e\\u8ba4\\u6536\\u5165\",\"\\u552e\\u51fa\\u7684\\u5546\\u54c1\\u88ab\\u9000\\u56de\\u65f6\\uff0c\\u76f4\\u63a5\\u51b2\\u51cf\\u9000\\u56de\\u5f53\\u671f\\u7684\\u6536\\u5165\\u3001\\u6210\\u672c\\u3001\\u7a0e\\u91d1\\u7b49\\u76f8\\u5173\\u9879\\u76ee\",\"\\u5df2\\u7ecf\\u786e\\u8ba4\\u6536\\u5165\\u7684\\u552e\\u51fa\\u5546\\u54c1\\u53d1\\u751f\\u9500\\u552e\\u6298\\u8ba9\\u65f6\\uff0c\\u76f4\\u63a5\\u5c06\\u53d1\\u751f\\u7684\\u9500\\u552e\\u6298\\u8ba9\\u4f5c\\u4e3a\\u6298\\u8ba9\\u5f53\\u671f\\u7684\\u9500\\u552e\\u8d39\\u7528\\u5904\\u7406\",\"\\u5df2\\u7ecf\\u786e\\u8ba4\\u6536\\u5165\\u7684\\u552e\\u51fa\\u5546\\u54c1\\u53d1\\u751f\\u9500\\u552e\\u6298\\u8ba9\\u65f6\\uff0c\\u5c06\\u53d1\\u751f\\u7684\\u9500\\u552e\\u6298\\u8ba9\\u51b2\\u51cf\\u6298\\u8ba9\\u5f53\\u671f\\u7684\\u6536\\u5165\\u548c\\u7a0e\\u91d1\"]', '2', '5', '已经确认收入的售出商品发生销售折让时，直接将发生的销售折让作为折让当期的销售费用处理', '0', '16', '1490233175', '0', '1');
INSERT INTO `ae_radio` VALUES ('58', '下列各项可采用完工百分比法确认收入的是（　）。', '[\"\\u52b3\\u52a1\\u7684\\u5f00\\u59cb\\u548c\\u5b8c\\u6210\\u5206\\u5c5e\\u4e0d\\u540c\\u7684\\u4f1a\\u8ba1\\u671f\\u95f4\\u4e14\\u5728\\u8d44\\u4ea7\\u8d1f\\u503a\\u8868\\u65e5\\u52b3\\u52a1\\u4ea4\\u6613\\u7ed3\\u679c\\u80fd\\u591f\\u53ef\\u9760\\u4f30\\u8ba1\\u7684\\u52b3\\u52a1\",\"\\u5728\\u540c\\u4e00\\u4f1a\\u8ba1\\u5e74\\u5ea6\\u5f00\\u59cb\\u5e76\\u5b8c\\u6210\\u7684\\u52b3\\u52a1\",\"\\u59d4\\u6258\\u4ee3\\u9500\\u5546\\u54c1\",\"\\u9884\\u6536\\u6b3e\\u65b9\\u5f0f\\u9500\\u552e\\u5546\\u54c1\"]', '2', '5', '劳务的开始和完成分属不同的会计期间且在资产负债表日劳务交易结果能够可靠估计的劳务', '0', '16', '1490233175', '0', '1');
INSERT INTO `ae_radio` VALUES ('59', '2012年9月1日，某公司与客户签订一项安装劳务合同，预计2013年12月31日完工；合同总金额为2 400万元，预计总成本为2 000万元。截止2012年12月31日。该公司实际发生成本600万元，预计将要发生成本1 400万元。假定该合同的结果能够可靠地估计，采用已经发生的成本占估计总成本的比例确认收入。2012年度对该项合同确认的收入为 （　）万元。', '[\"720\",\"640\",\"350\",\"600\"]', '2', '5', '720', '0', '16', '1490233175', '0', '1');
INSERT INTO `ae_radio` VALUES ('60', '某企业销售商品6 000件，每件售价60元（不含增值税），增值税税率17％；企业为购货方提供的商业折扣为10％，提供的现金折扣条件为2/10，1/20，n/30，并代垫运杂费500元。该企业在这项交易中应确认的收入金额为（　）元。', '[\"320000\",\"308200\",\"324000\",\"320200\"]', '2', '5', '324000', '0', '16', '1490233175', '0', '1');
INSERT INTO `ae_radio` VALUES ('61', '采用支付手续费方式委托代销商品时，委托方应将支付的手续费记入（　）科目。', '[\"\\u7ba1\\u7406\\u8d39\\u7528\",\"\\u8d22\\u52a1\\u8d39\\u7528\",\"\\u9500\\u552e\\u8d39\\u7528\",\"\\u5176\\u4ed6\\u4e1a\\u52a1\\u6210\\u672c\"]', '2', '5', '销售费用', '0', '16', '1490233175', '0', '1');
INSERT INTO `ae_radio` VALUES ('62', '企业采用支付手续费方式委托代销商品，委托方确认商品销售收入的时间是（　）。', '[\"\\u7b7e\\u8ba2\\u4ee3\\u9500\\u534f\\u8bae\\u65f6\",\"\\u53d1\\u51fa\\u5546\\u54c1\\u65f6\",\"\\u6536\\u5230\\u4ee3\\u9500\\u6e05\\u5355\\u65f6\",\"\\u6536\\u5230\\u4ee3\\u9500\\u6b3e\\u65f6\"]', '2', '5', '收到代销清单时', '0', '16', '1490233175', '0', '1');
INSERT INTO `ae_radio` VALUES ('63', '2012年3月20日，甲公司销售一批商品，增值税专用发票上注明售价300 000元，增值税额51 000元。该批商品成本为200 000元，货到后买方发现商品质量不合格，要求在价格上给予6%的折让。甲公司已经同意了对方折让的请求，并开具了增值税红字发票。2012年4月10日甲公司实际收到了货款。针对该业务甲公司的下列处理中不正确的是（　）。', '[\"\\u9500\\u552e\\u5b9e\\u73b0\\u65f6\\uff0c\\u786e\\u8ba4\\u9500\\u552e\\u6536\\u5165300000\\u5143\",\"\\u53d1\\u751f\\u9500\\u552e\\u6298\\u8ba9\\u65f6\\uff0c\\u51b2\\u51cf\\u4e3b\\u8425\\u4e1a\\u52a1\\u6536\\u516518000\\u5143\",\"\\u53d1\\u751f\\u9500\\u552e\\u6298\\u8ba9\\u65f6\\uff0c\\u51b2\\u51cf\\u4e3b\\u8425\\u4e1a\\u52a1\\u6210\\u672c12000\\u5143\",\"\\u7532\\u516c\\u53f8\\u5b9e\\u9645\\u6536\\u5230\\u7684\\u6b3e\\u9879\\u4e3a329940\\u5143\"]', '2', '5', '发生销售折让时，冲减主营业务成本12000元', '0', '16', '1490233175', '0', '1');
INSERT INTO `ae_radio` VALUES ('64', '某企业对于已经完成销售手续并确认收入的销售商品，若月末购货人未提走所购商品，下列说法正确的是（　）。', '[\"\\u901a\\u8fc7\\u5728\\u9014\\u7269\\u8d44\\u79d1\\u76ee\\u6838\\u7b97\",\"\\u4e0d\\u4f5c\\u4e3a\\u8be5\\u4f01\\u4e1a\\u8d44\\u4ea7\\u6838\\u7b97\\uff0c\\u9700\\u5907\\u67e5\\u767b\\u8bb0\",\"\\u901a\\u8fc7\\u53d1\\u51fa\\u5546\\u54c1\\u79d1\\u76ee\\u6838\\u7b97\",\"\\u901a\\u8fc7\\u5e93\\u5b58\\u5546\\u54c1\\u79d1\\u76ee\\u6838\\u7b97\"]', '2', '5', '不作为该企业资产核算，需备查登记', '0', '16', '1490233175', '0', '1');
INSERT INTO `ae_radio` VALUES ('65', '某企业某月销售商品发生商业折扣60万元、现金折扣45万元、销售折让75万元。该企业上述业务计入当月财务费用的金额为（　）万元。', '[\"45\",\"60\",\"105\",\"135\"]', '2', '5', '45', '0', '16', '1490233175', '0', '1');
INSERT INTO `ae_radio` VALUES ('66', '甲企业销售A产品每件500元，若客户购买100件（含100件）以上可得到10％的商业折扣。乙公司于2013年11月5日购买该企业产品200件，款项尚未支付。按规定现金折扣条件为2/10，1/20，n/30。适用的增值税税率为17％。甲企业于11月23日收到该笔款项，则应给予乙公司的现金折扣的金额为（　）元。（假定计算现金折扣时不考虑增值税）', '[\"900\",\"1000\",\"1170\",\"2340\"]', '2', '5', '900', '0', '16', '1490233175', '0', '1');
INSERT INTO `ae_radio` VALUES ('67', '下列关于让渡企业资产使用权的说法中，不正确的是（　）。', '[\"\\u5982\\u679c\\u5408\\u540c\\u6216\\u534f\\u8bae\\u7ea6\\u5b9a\\u4e00\\u6b21\\u6027\\u6536\\u53d6\\u4f7f\\u7528\\u8d39\\u3001\\u4e14\\u4e0d\\u63d0\\u4f9b\\u540e\\u7eed\\u670d\\u52a1\\u7684\\uff0c\\u5e94\\u5f53\\u89c6\\u540c\\u9500\\u552e\\u8be5\\u9879\\u8d44\\u4ea7\\uff0c\\u4e00\\u6b21\\u6027\\u786e\\u8ba4\\u6536\\u5165\",\"\\u8ba9\\u6e21\\u8d44\\u4ea7\\u4f7f\\u7528\\u6743\\u6536\\u5165\\u540c\\u65f6\\u6ee1\\u8db3\\u201c\\u76f8\\u5173\\u7684\\u7ecf\\u6d4e\\u5229\\u76ca\\u5f88\\u53ef\\u80fd\\u6d41\\u5165\\u4f01\\u4e1a\\u201d\\u548c\\u201c\\u6536\\u5165\\u7684\\u91d1\\u989d\\u80fd\\u591f\\u53ef\\u9760\\u5730\\u8ba1\\u91cf\\u201d\\u65f6\\u624d\\u80fd\\u4e88\\u4ee5\\u786e\\u8ba4\",\"\\u5982\\u679c\\u5408\\u540c\\u6216\\u534f\\u8bae\\u7ea6\\u5b9a\\u4e00\\u6b21\\u6027\\u6536\\u53d6\\u4f7f\\u7528\\u8d39\\uff0c\\u540c\\u65f6\\u63d0\\u4f9b\\u540e\\u7eed\\u670d\\u52a1\\u7684\\uff0c\\u5e94\\u5728\\u5408\\u540c\\u6216\\u534f\\u8bae\\u7ea6\\u5b9a\\u7684\\u6709\\u6548\\u671f\\u5185\\u5206\\u671f\\u786e\\u8ba4\\u6536\\u5165\",\"\\u51fa\\u552e\\u65e0\\u5f62\\u8d44\\u4ea7\\u6240\\u6709\\u6743\\u53d6\\u5f97\\u7684\\u6536\\u76ca\\u5c5e\\u4e8e\\u8ba9\\u6e21\\u8d44\\u4ea7\\u4f7f\\u7528\\u6743\\u6536\\u5165\"]', '2', '5', '出售无形资产所有权取得的收益属于让渡资产使用权收入', '0', '16', '1490233175', '0', '1');
INSERT INTO `ae_radio` VALUES ('68', '甲公司于2014年年初将其所拥有的一座桥梁收费权出售给A公司10年，10年后由甲公司收回收费权，一次性取得收入1 000万元，款项已收存银行。售出的10年期间，桥梁的维护由甲公司负责，2014年甲公司发生桥梁的维护费用20 万元。则甲公司2014年该项业务应确认的收入为（　）万元。', '[\"1000\",\"20\",\"0\",\"100\"]', '2', '5', '100', '0', '16', '1490233175', '0', '1');
INSERT INTO `ae_radio` VALUES ('69', '2013年3月5日，XM公司采用预收账款方式销售一批球衣，下面处理正确的是（　）。', '[\"\\u53d1\\u51fa\\u5546\\u54c1\\u65f6\\u786e\\u8ba4\\u6536\\u5165\",\"\\u6536\\u5230\\u5bf9\\u65b9\\u652f\\u4ed8\\u51ed\\u8bc1\\u65f6\\u786e\\u8ba4\\u6536\\u5165\",\"\\u6309\\u7167\\u9500\\u552e\\u5408\\u540c\\u89c4\\u5b9a\\u7684\\u65e5\\u671f\\u786e\\u8ba4\\u6536\\u5165\",\"\\u6536\\u5230\\u7b2c\\u4e00\\u7b14\\u8d27\\u6b3e\\u7684\\u65f6\\u5019\\u786e\\u8ba4\\u6536\\u5165\"]', '2', '5', '发出商品时确认收入', '0', '16', '1490233175', '0', '1');
INSERT INTO `ae_radio` VALUES ('70', '某企业2014年11月发生以下经济业务：支付专设销售机构固定资产修理费3万元；代垫销售商品运杂费2万元；支付受托方代销商品手续费10万元；结转随同商品出售单独计价包装物成本5万元；预计本月已销商品质量保证损失1万元；支付诉讼费0.8万元。该企业11月份应计入销售费用的金额是（　）万元。', '[\"16\",\"16.8\",\"14\",\"14.8\"]', '2', '5', '14', '0', '17', '1490239638', '0', '1');
INSERT INTO `ae_radio` VALUES ('71', '企业对随同商品出售而不单独计价的包装物进行会计处理时，该包装物的实际成本应结转到的会计科目是（　）。', '[\"\\u5236\\u9020\\u8d39\\u7528\",\"\\u7ba1\\u7406\\u8d39\\u7528\",\"\\u9500\\u552e\\u8d39\\u7528\",\"\\u5176\\u4ed6\\u4e1a\\u52a1\\u6210\\u672c\"]', '2', '5', '销售费用', '0', '17', '1490239638', '0', '1');
INSERT INTO `ae_radio` VALUES ('72', '某公司2014年支付广告费300 000元，固定资产处置费用20 000元，贷记银行存款320 000元，可以借记（　）。', '[\"\\u5236\\u9020\\u8d39\\u752820000\\u5143\",\"\\u9500\\u552e\\u8d39\\u7528300000\\u5143\",\"\\u7ba1\\u7406\\u8d39\\u7528320000\\u5143\",\"\\u9500\\u552e\\u8d39\\u7528320000\\u5143\"]', '2', '5', '销售费用300000元', '0', '17', '1490239638', '0', '1');
INSERT INTO `ae_radio` VALUES ('73', '企业本期确认的增值税34 000元，销售消费品确认的消费税5 000元，日常经营活动确认的营业税4 000元，确认印花税500元，销售应税产品确认资源税6 000元，则应计入利润表中 “营业税金及附加”项目的金额为（ ）元。', '[\"49000\",\"49500\",\"15000\",\"43000\"]', '2', '5', '15000', '0', '17', '1490239638', '0', '1');
INSERT INTO `ae_radio` VALUES ('74', '2014年5月，甲公司销售商品实际应交增值税38万元、应交消费税20万元，提供建筑安装劳务实际应交营业税15万元；适用的城市维护建设税税率为7％，教育费附加税率为3％，假定不考虑其他因素，甲公司当月应列入利润表“营业税金及附加”项目的金额为（　）万元。', '[\"7.3\",\"38.5\",\"42.3\",\"80.3\"]', '2', '5', '42.3', '0', '17', '1490239638', '0', '1');
INSERT INTO `ae_radio` VALUES ('75', '下列各项中，不应计入管理费用的是（　）。', '[\"\\u53d1\\u751f\\u7684\\u6392\\u6c61\\u8d39\",\"\\u53d1\\u751f\\u7684\\u77ff\\u4ea7\\u8d44\\u6e90\\u8865\\u507f\\u8d39\",\"\\u7ba1\\u7406\\u90e8\\u95e8\\u56fa\\u5b9a\\u8d44\\u4ea7\\u62a5\\u5e9f\\u51c0\\u635f\\u5931\",\"\\u53d1\\u751f\\u7684\\u4e1a\\u52a1\\u62db\\u5f85\\u8d39\"]', '2', '5', '管理部门固定资产报废净损失', '0', '17', '1490239638', '0', '1');
INSERT INTO `ae_radio` VALUES ('76', 'A工业企业2013年5月发生的经济业务有：发生生产车间管理人员工资80万元，发生行政管理人员工资60万元，计提车间用固定资产折旧10万元，支付生产车间固定资产维修费10万元，支付违约罚款5万元，支付广告费用20万元，预提短期借款利息10万元，支付矿产资源补偿费5万元。则该企业当期的管理费用总额为（　）万元。', '[\"75\",\"200\",\"195\",\"105\"]', '2', '5', '75', '0', '17', '1490239638', '0', '1');
INSERT INTO `ae_radio` VALUES ('77', 'A公司为高管租赁公寓免费使用，按月以银行存款支付。应编制的会计分录是（　）。', '[\"\\u501f\\u8bb0\\u201c\\u7ba1\\u7406\\u8d39\\u7528\\u201d\\u79d1\\u76ee\\uff0c\\u8d37\\u8bb0\\u201c\\u94f6\\u884c\\u5b58\\u6b3e\\u201d\\u79d1\\u76ee\",\"\\u501f\\u8bb0\\u201c\\u7ba1\\u7406\\u8d39\\u7528\\u201d\\u79d1\\u76ee\\uff0c\\u8d37\\u8bb0\\u201c\\u5e94\\u4ed8\\u804c\\u5de5\\u85aa\\u916c\\u201d\\u79d1\\u76ee\",\"\\u501f\\u8bb0\\u201c\\u7ba1\\u7406\\u8d39\\u7528\\u201d\\u79d1\\u76ee\\uff0c\\u8d37\\u8bb0\\u201c\\u5e94\\u4ed8\\u804c\\u5de5\\u85aa\\u916c\\u201d\\u79d1\\u76ee\\uff1b\\u540c\\u65f6\\u501f\\u8bb0\\u201c\\u5e94\\u4ed8\\u804c\\u5de5\\u85aa\\u916c\\u201d\\u79d1\\u76ee\\uff0c\\u8d37\\u8bb0\\u201c\\u94f6\\u884c\\u5b58\\u6b3e\\u201d\\u79d1\\u76ee\",\"\\u501f\\u8bb0\\u201c\\u8d44\\u672c\\u516c\\u79ef\\u201d\\u79d1\\u76ee\\uff0c\\u8d37\\u8bb0\\u201c\\u94f6\\u884c\\u5b58\\u6b3e\\u201d\\u79d1\\u76ee\\uff1b\\u540c\\u65f6\\u501f\\u8bb0\\u201c\\u5e94\\u4ed8\\u804c\\u5de5\\u85aa\\u916c\\u201d\\u79d1\\u76ee\\uff0c\\u8d37\\u8bb0\\u201c\\u8d44\\u672c\\u516c\\u79ef\\u201d\\u79d1\\u76ee\"]', '2', '5', '借记“管理费用”科目，贷记“应付职工薪酬”科目；同时借记“应付职工薪酬”科目，贷记“银行存款”科目', '0', '17', '1490239638', '0', '1');
INSERT INTO `ae_radio` VALUES ('78', 'A公司6月份销售商品发生商业折扣40万元、现金折扣30万元、销售折让50万元；购买商品享受现金折扣10万元，支付银行承兑汇票手续费2万元；此外，支付财务人员薪酬20万元，计提财务部门设备的折旧额5万元，发生汇兑损失1万元。A公司上述业务计入当月财务费用的金额为（　）万元。', '[\"23\",\"33\",\"22\",\"28\"]', '2', '5', '23', '0', '17', '1490239638', '0', '1');
INSERT INTO `ae_radio` VALUES ('79', '下列项目中，销售企业应当作为财务费用处理的是（　）。', '[\"\\u8d2d\\u8d27\\u65b9\\u653e\\u5f03\\u7684\\u73b0\\u91d1\\u6298\\u6263\",\"\\u8d2d\\u8d27\\u65b9\\u83b7\\u5f97\\u7684\\u9500\\u552e\\u6298\\u8ba9\",\"\\u8d2d\\u8d27\\u65b9\\u83b7\\u5f97\\u7684\\u73b0\\u91d1\\u6298\\u6263\",\"\\u8d2d\\u8d27\\u65b9\\u83b7\\u5f97\\u7684\\u5546\\u4e1a\\u6298\\u6263\"]', '2', '5', '购货方获得的现金折扣', '0', '17', '1490239638', '0', '1');
INSERT INTO `ae_radio` VALUES ('80', '企业为购买原材料所发生的银行承兑汇票手续费，应当计入（　）。', '[\"\\u7ba1\\u7406\\u8d39\\u7528\",\"\\u8d22\\u52a1\\u8d39\\u7528\",\"\\u9500\\u552e\\u8d39\\u7528\",\"\\u5176\\u4ed6\\u4e1a\\u52a1\\u6210\\u672c\"]', '2', '5', '财务费用', '0', '17', '1490239638', '0', '1');
INSERT INTO `ae_radio` VALUES ('81', '企业计提短期借款的利息时，借方可以计入的会计科目是（　）。', '[\"\\u8d22\\u52a1\\u8d39\\u7528\",\"\\u77ed\\u671f\\u501f\\u6b3e\",\"\\u5e94\\u6536\\u5229\\u606f\",\"\\u5e94\\u4ed8\\u5229\\u606f\"]', '2', '5', '财务费用', '0', '17', '1490239638', '0', '1');
INSERT INTO `ae_radio` VALUES ('82', '2014年1月25日，甲公司将一项投资性房地产出售给乙公司，出售价款为4 400万元，甲公司的投资性房地产采用公允价值模式计量，2014年1月25日，该项投资性房地产的成本为2 000万元，公允价值变动为借方余额1 200万元。不考虑其他因素，则甲公司处置该投资性房地产对其2014年度营业利润的影响为（　）万元。', '[\"2400\",\"1200\",\"4400\",\"\\uff0d1200\"]', '2', '5', '1200', '0', '18', '1490254081', '0', '1');
INSERT INTO `ae_radio` VALUES ('83', '下列各项中，影响营业利润的是（　）。', '0', '2', '5', '管理不善造成的库存现金短缺', '0', '18', '1490254081', '0', '1');
INSERT INTO `ae_radio` VALUES ('84', '某企业2014年发生的销售商品收入为1 000万元，销售商品成本为600万元，销售过程中发生广告宣传费用为20万元，管理人员工资费用为50万元，借款利息费用为10万元（不满足资本化条件），股票投资收益为40万元，资产减值损失为70万元（损失），公允价值变动损益为80万元（收益），处置固定资产取得的收益为25万元，因违约支付罚款15万元。不考虑其他因素，该企业2014年的利润总额为（　）万元。', '[\"370\",\"330\",\"320\",\"380\"]', '2', '5', '380', '0', '18', '1490254081', '0', '1');
INSERT INTO `ae_radio` VALUES ('85', '某企业于2011年5月接受一项设备安装任务，安装期为1年，合同总收入80万元，预计总成本40万元。截至2011年末已经发生成本25万元，假定满足采用完工百分比法确认收入的条件，按发生成本占估计总成本比例确定完工进度。假定不考虑其他因素，该项劳务影响2011年度利润总额的金额为（　）万元。', '[\"50\",\"25\",\"40\",\"15\"]', '2', '5', '25', '0', '18', '1490254081', '0', '1');
INSERT INTO `ae_radio` VALUES ('86', '某工业企业2014年度营业利润为2 520万元，主营业务收入为4 000万元，财务费用为10万元，营业外收入为60万元，营业外支出为50万元，所得税税率为25%。假定不考虑其他因素，该企业2014年度的净利润应为（　）万元。　　', '[\"1494\",\"1897.5\",\"1505.6\",\"4132.5\"]', '2', '5', '1897.5', '0', '18', '1490254081', '0', '1');
INSERT INTO `ae_radio` VALUES ('87', '甲企业将经营出租的写字楼出售给乙公司，合同价款为15万元，乙公司用银行存款付清。甲企业采用公允价值模式核算投资性房地产，出售时，该栋写字楼的成本为12万元，公允价值变动为借方余额1万元。假定不考虑营业税等相关税费的影响，甲企业应确认的营业外收入为（　）万元。', '[\"2\",\"15\",\"0\",\"13\"]', '2', '5', '0', '0', '18', '1490254081', '0', '1');
INSERT INTO `ae_radio` VALUES ('88', '下列原材料损失项目中，应计入营业外支出的是（　）。', '[\"\\u8ba1\\u91cf\\u5dee\\u9519\\u5f15\\u8d77\\u7684\\u539f\\u6750\\u6599\\u76d8\\u4e8f\",\"\\u539f\\u6750\\u6599\\u8fd0\\u8f93\\u9014\\u4e2d\\u53d1\\u751f\\u7684\\u5408\\u7406\\u635f\\u8017\",\"\\u81ea\\u7136\\u707e\\u5bb3\\u9020\\u6210\\u7684\\u539f\\u6750\\u6599\\u51c0\\u635f\\u5931\",\"\\u4eba\\u4e3a\\u8d23\\u4efb\\u9020\\u6210\\u7684\\u539f\\u6750\\u6599\\u635f\\u5931\"]', '2', '5', '自然灾害造成的原材料净损失', '0', '18', '1490254081', '0', '1');
INSERT INTO `ae_radio` VALUES ('89', '某国有工业企业，2011年6月份发生一场火灾，共计损失250万元，其中：流动资产损失100万元；固定资产损失150万元。经查明该火灾是由于雷击造成的。企业收到保险公司的赔偿款80万元，其中，流动资产保险赔偿款35万元，固定资产保险赔偿款45万元。假定不考虑增值税等税费，企业由于这次火灾损失而应计入营业外支出的金额为（　）万元。', '[\"65\",\"70\",\"170\",\"250\"]', '2', '5', '170', '0', '18', '1490254081', '0', '1');
INSERT INTO `ae_radio` VALUES ('90', '某企业处置一项固定资产，取得价款300万元，该固定资产的账面原值为700万元，已计提折旧450万元，已计提固定资产减值准备50万元，支付清理费用为20万元，则计入营业外收入的金额为（　）万元。', '[\"80\",\"120\",\"100\",\"200\"]', '2', '5', '80', '0', '18', '1490254081', '0', '1');
INSERT INTO `ae_radio` VALUES ('91', '下列各项中，按规定应计入营业外支出的是（　）。', '[\"\\u65e0\\u5f62\\u8d44\\u4ea7\\u51fa\\u552e\\u51c0\\u6536\\u76ca\",\"\\u6350\\u8d60\\u652f\\u51fa\",\"\\u8ba1\\u63d0\\u7684\\u798f\\u5229\\u8d39\",\"\\u8ba1\\u63d0\\u7684\\u574f\\u8d26\\u51c6\\u5907\"]', '2', '5', '捐赠支出', '0', '18', '1490254081', '0', '1');
INSERT INTO `ae_radio` VALUES ('92', '企业接受的现金捐赠，应计入（　）。　', '[\"\\u8425\\u4e1a\\u5916\\u6536\\u5165\",\"\\u76c8\\u4f59\\u516c\\u79ef\",\"\\u8d44\\u672c\\u516c\\u79ef\",\"\\u672a\\u5206\\u914d\\u5229\\u6da6\"]', '2', '5', '营业外收入', '0', '18', '1490254081', '0', '1');
INSERT INTO `ae_radio` VALUES ('93', '下列交易或事项，不应确认为营业外收入的是（　）。', '[\"\\u63a5\\u53d7\\u6350\\u8d60\\u5229\\u5f97\",\"\\u7f5a\\u6ca1\\u5229\\u5f97\",\"\\u51fa\\u552e\\u65e0\\u5f62\\u8d44\\u4ea7\\u51c0\\u6536\\u76ca\",\"\\u51fa\\u79df\\u56fa\\u5b9a\\u8d44\\u4ea7\\u7684\\u6536\\u76ca\"]', '2', '5', '出租固定资产的收益', '0', '18', '1490254081', '0', '1');
INSERT INTO `ae_radio` VALUES ('94', '下列各项中，不需要作纳税调增的项目是（　）。', '[\"\\u5df2\\u8ba1\\u5165\\u6295\\u8d44\\u6536\\u76ca\\u7684\\u56fd\\u5e93\\u5238\\u5229\\u606f\\u6536\\u5165\",\"\\u8d85\\u8fc7\\u7a0e\\u6cd5\\u89c4\\u5b9a\\u6263\\u9664\\u6807\\u51c6\\uff0c\\u4f46\\u5df2\\u8ba1\\u5165\\u5f53\\u671f\\u635f\\u76ca\\u7684\\u516c\\u76ca\\u6027\\u6350\\u8d60\\u652f\\u51fa\",\"\\u8d85\\u8fc7\\u7a0e\\u6cd5\\u89c4\\u5b9a\\u6263\\u9664\\u6807\\u51c6\\uff0c\\u4f46\\u5df2\\u8ba1\\u5165\\u5f53\\u671f\\u635f\\u76ca\\u7684\\u4e1a\\u52a1\\u62db\\u5f85\\u8d39\\u652f\\u51fa\",\"\\u652f\\u4ed8\\u5e76\\u5df2\\u8ba1\\u5165\\u5f53\\u671f\\u635f\\u5931\\u7684\\u5404\\u79cd\\u7a0e\\u6536\\u6ede\\u7eb3\\u91d1\"]', '2', '5', '已计入投资收益的国库券利息收入', '0', '18', '1490254081', '0', '1');
INSERT INTO `ae_radio` VALUES ('95', '某企业2011年度利润总额为500万元，应纳税所得额为450万元。假定该企业年初递延所得税资产为10万元，递延所得税负债为7万元，年末递延所得税资产为13万元，递延所得税负债为15万元。企业适用的所得税税率为25％。该企业2011年所得税费用为（　）万元。', '[\"123.5\",\"130\",\"117.5\",\"107.5\"]', '2', '5', '117.5', '0', '18', '1490254081', '0', '1');
INSERT INTO `ae_radio` VALUES ('96', '某企业年初未分配利润为100万元，本年净利润为1 000万元，按10%计提法定盈余公积，按5%计提任意盈余公积，宣告发放现金股利为80万元，该企业期末未分配利润为（　）万元。', '[\"855\",\"867\",\"870\",\"874\"]', '2', '5', '870', '0', '18', '1490254081', '0', '1');
INSERT INTO `ae_radio` VALUES ('97', '企业2013年10月31日生产成本借方余额50 000元，原材料借方30 000元，材料成本差异贷方余额500元，委托代销商品借方余额40 000元，工程物资借方余额10 000元，存货跌价准备贷方余额3 000元，则资产负债表“存货”项目的金额为（　）元。', '[\"116500\",\"117500\",\"119500\",\"126500\"]', '2', '5', '116500', '0', '19', '1490262144', '0', '1');
INSERT INTO `ae_radio` VALUES ('98', '某企业期末“工程物资”科目的余额为200万元，“发出商品”科目的余额为50万元，“原材料”科目的余额为60万元，“材料成本差异”科目的贷方余额为5万元。假定不考虑其他因素，该企业资产负债表中“存货”项目的金额为（　）万元。', '[\"105\",\"115\",\"205\",\"215\"]', '2', '5', '105', '0', '19', '1490262144', '0', '1');
INSERT INTO `ae_radio` VALUES ('99', '下列各项中，不属于现金流量表“现金及现金等价物”的是（　）。', '[\"\\u5e93\\u5b58\\u73b0\\u91d1\",\"\\u94f6\\u884c\\u672c\\u7968\\u5b58\\u6b3e\",\"\\u94f6\\u884c\\u627f\\u5151\\u6c47\\u7968\",\"\\u6301\\u67092\\u4e2a\\u6708\\u5185\\u5230\\u671f\\u7684\\u56fd\\u503a\"]', '2', '5', '银行承兑汇票', '0', '19', '1490262144', '0', '1');
INSERT INTO `ae_radio` VALUES ('100', '甲公司2013年12月31日，库存现金账户余额为100万元，银行存款账户余额为200万元，银行承兑汇票余额为50万元，商业承兑汇票余额为30万元，信用证保证金存款余额为15万元，则2013年12月31日资产负债表中“货币资金”项目的金额为（　）万元。', '[\"395\",\"315\",\"380\",\"300\"]', '2', '5', '315', '0', '19', '1490262144', '0', '1');
INSERT INTO `ae_radio` VALUES ('101', '资产负债表中“在建工程”项目应根据其（　）填列在“期末余额”栏。', '[\"\\u603b\\u8d26\\u79d1\\u76ee\\u4f59\\u989d\\u76f4\\u63a5\",\"\\u603b\\u8d26\\u79d1\\u76ee\\u548c\\u660e\\u7ec6\\u79d1\\u76ee\\u4f59\\u989d\\u5206\\u6790\\u8ba1\\u7b97\",\"\\u603b\\u8d26\\u79d1\\u76ee\\u4f59\\u989d\\u51cf\\u53bb\\u5176\\u5907\\u62b5\\u79d1\\u76ee\\u4f59\\u989d\\u540e\\u7684\\u51c0\\u989d\",\"\\u660e\\u7ec6\\u8d26\\u79d1\\u76ee\\u4f59\\u989d\\u76f4\\u63a5\"]', '2', '5', '总账科目余额减去其备抵科目余额后的净额', '0', '19', '1490262144', '0', '1');
INSERT INTO `ae_radio` VALUES ('102', '某企业2013年12月31日固定资产账户余额为2 000万元，累计折旧账户余额为800万元，固定资产减值准备账户余额为100万元，在建工程账户余额为200万元。该企业2013年12月31日资产负债表中固定资产项目的金额为（　）万元。', '[\"1200\",\"900\",\"1100\",\"2200\"]', '2', '5', '1100', '0', '19', '1490262144', '0', '1');
INSERT INTO `ae_radio` VALUES ('103', '资产负债表中作为流动负债列示的是（　）。', '[\"\\u4e13\\u9879\\u5e94\\u4ed8\\u6b3e\",\"\\u957f\\u671f\\u501f\\u6b3e\",\"\\u4e00\\u5e74\\u5185\\u5230\\u671f\\u7684\\u975e\\u6d41\\u52a8\\u8d1f\\u503a\",\"\\u5e94\\u4ed8\\u503a\\u5238\"]', '2', '5', '一年内到期的非流动负债', '0', '19', '1490262144', '0', '1');
INSERT INTO `ae_radio` VALUES ('104', '下列项目中，属于资产负债表中非流动资产项目的是（　）。', '[\"\\u5e94\\u6536\\u80a1\\u5229\",\"\\u5b58\\u8d27\",\"\\u957f\\u671f\\u501f\\u6b3e\",\"\\u5de5\\u7a0b\\u7269\\u8d44\"]', '2', '5', '工程物资', '0', '19', '1490262144', '0', '1');
INSERT INTO `ae_radio` VALUES ('105', '支付给在建工程人员的工资应列示在现金流量表（　）项目中。', '[\"\\u652f\\u4ed8\\u7ed9\\u804c\\u5de5\\u4ee5\\u53ca\\u4e3a\\u804c\\u5de5\\u652f\\u4ed8\\u7684\\u73b0\\u91d1\",\"\\u652f\\u4ed8\\u5176\\u4ed6\\u4e0e\\u7ecf\\u8425\\u6d3b\\u52a8\\u6709\\u5173\\u7684\\u73b0\\u91d1\",\"\\u8d2d\\u5efa\\u56fa\\u5b9a\\u8d44\\u4ea7\\u3001\\u65e0\\u5f62\\u8d44\\u4ea7\\u548c\\u5176\\u4ed6\\u957f\\u671f\\u8d44\\u4ea7\\u652f\\u4ed8\\u7684\\u73b0\\u91d1\",\"\\u6295\\u8d44\\u652f\\u4ed8\\u7684\\u73b0\\u91d1\"]', '2', '5', '购建固定资产、无形资产和其他长期资产支付的现金', '0', '19', '1490262144', '0', '1');
INSERT INTO `ae_radio` VALUES ('106', '下列各项中，属于经营活动现金流量的是（　）。', '[\"\\u507f\\u8fd8\\u957f\\u671f\\u501f\\u6b3e\\u6240\\u652f\\u4ed8\\u7684\\u73b0\\u91d1\",\"\\u8d2d\\u4e70\\u56fa\\u5b9a\\u8d44\\u4ea7\\u652f\\u4ed8\\u7684\\u73b0\\u91d1\",\"\\u5438\\u6536\\u6295\\u8d44\\u6536\\u5230\\u7684\\u73b0\\u91d1\",\"\\u507f\\u8fd8\\u5e94\\u4ed8\\u8d26\\u6b3e\\u652f\\u4ed8\\u7684\\u73b0\\u91d1\"]', '2', '5', '偿还应付账款支付的现金', '0', '19', '1490262144', '0', '1');
INSERT INTO `ae_radio` VALUES ('107', '企业年末“本年利润”未结转前贷方余额为17万元，“利润分配——未分配利润”账户期初贷方余额为18万元，本期分配现金股利12万元，则当期资产负债表中“未分配利润”项目金额应为（　）万元。', '[\"35\",\"23\",\"5\",\"17\"]', '2', '5', '23', '0', '19', '1490262144', '0', '1');
INSERT INTO `ae_radio` VALUES ('108', '年度终了前，资产负债表中的“未分配利润”项目，应根据（　）填列。', '[\"\\u201c\\u5229\\u6da6\\u5206\\u914d\\u201d\\u79d1\\u76ee\\u4f59\\u989d\",\"\\u201c\\u672c\\u5e74\\u5229\\u6da6\\u201d\\u79d1\\u76ee\\u4f59\\u989d\",\"\\u201c\\u672c\\u5e74\\u5229\\u6da6\\u201d\\u548c\\u201c\\u5229\\u6da6\\u5206\\u914d\\u201d\\u79d1\\u76ee\\u7684\\u4f59\\u989d\",\"\\u201c\\u5e94\\u4ed8\\u80a1\\u5229\\u201d\\u79d1\\u76ee\\u4f59\\u989d\"]', '2', '5', '“本年利润”和“利润分配”科目的余额', '0', '19', '1490262144', '0', '1');
INSERT INTO `ae_radio` VALUES ('109', '某企业2013年发生的销售商品收入为1 000万元，销售商品成本为600万元，销售过程中发生广告宣传费用为20万元，管理人员工资费用为50万元，短期借款利息费用为10万元，股票投资收益为40万元，资产减值损失为70万元，公允价值变动损益为80万元（收益），处置固定资产取得的收益为25万元，因违约支付罚款15万元。该企业2013年的营业利润为（　）万元。', '[\"370\",\"330\",\"320\",\"390\"]', '2', '5', '370', '0', '19', '1490262144', '0', '1');
INSERT INTO `ae_radio` VALUES ('110', '下列各项中，不影响营业利润的项目是（　）。', '[\"\\u63d0\\u4f9b\\u4e3b\\u8425\\u52b3\\u52a1\\u6536\\u5165\",\"\\u968f\\u5546\\u54c1\\u51fa\\u552e\\u5355\\u72ec\\u8ba1\\u4ef7\\u7684\\u5305\\u88c5\\u7269\\u6536\\u5165\",\"\\u51fa\\u552e\\u56fa\\u5b9a\\u8d44\\u4ea7\\u51c0\\u6536\\u76ca\",\"\\u4ea4\\u6613\\u6027\\u91d1\\u878d\\u8d44\\u4ea7\\u516c\\u5141\\u4ef7\\u503c\\u4e0a\\u5347\\u5f62\\u6210\\u7684\\u6536\\u76ca\"]', '2', '5', '出售固定资产净收益', '0', '19', '1490262144', '0', '1');
INSERT INTO `ae_radio` VALUES ('111', '企业“应付账款”科目月末贷方余额50 000元，其中：“应付账款——甲公司”明细科目贷方余额45 000元，“应付账款——乙公司”明细科目贷方余额20 000元，“应付账款——丙公司”明细科目借方余额15 000元；“预付账款”科目月末贷方余额20 000元，其中：“预付账款——A工厂”明细科目贷方余额30 000元，“预付账款——B工厂”明细科目借方余额10 000元。该企业月末资产负债表中“预付款项”项目的金额为（　）元。', '[\"-45000\",\"25000\",\"-20000\",\"20000\"]', '2', '5', '25000', '0', '19', '1490262144', '0', '1');
INSERT INTO `ae_radio` VALUES ('112', '“预收账款”科目明细账中若有借方余额，应将其计入资产负债表中的（　）项目。', '[\"\\u5e94\\u6536\\u8d26\\u6b3e\",\"\\u9884\\u6536\\u6b3e\\u9879\",\"\\u9884\\u4ed8\\u6b3e\\u9879\",\"\\u5176\\u4ed6\\u5e94\\u6536\\u6b3e\"]', '2', '5', '应收账款', '0', '19', '1490262144', '0', '1');
INSERT INTO `ae_radio` VALUES ('113', '某企业“应收账款”有三个明细账，其中“应收账款――甲企业”明细分类账月末借方余额为100 000元，“应收账款――乙企业”明细分类账月末借方余额为400 000元，“应收账款――丙企业”明细分类账月末贷方余额为100 000元；“预收账款”有两个明细分类账，其中“预收账款――丁公司”明细分类账月末借方余额55 000元，“预收账款――戊公司”明细分类账月末贷方余额为20 000元；坏账准备月末贷方余额为3 000元（均与应收账款相关），则该企业月末资产负债表的“预收款项”项目应为（　）元。', '[\"517000\",\"152000\",\"155000\",\"120000\"]', '2', '5', '120000', '0', '19', '1490262144', '0', '1');
INSERT INTO `ae_radio` VALUES ('114', '（　）能反映企业一定期间的经营成果。', '[\"\\u8d44\\u4ea7\\u8d1f\\u503a\\u8868\",\"\\u5229\\u6da6\\u8868\",\"\\u73b0\\u91d1\\u6d41\\u91cf\\u8868\",\"\\u6240\\u6709\\u8005\\u6743\\u76ca\\u53d8\\u52a8\\u8868\"]', '2', '5', '利润表', '0', '19', '1490262144', '0', '1');
INSERT INTO `ae_radio` VALUES ('115', '甲工业企业的某车间，全年制造费用计划为18 600 000元；全年各种产品的计划产量为：甲产品500件，乙产品400件；单件产品的工时定额为：甲产品3小时，乙产品4小时。5月份实际产量为：甲产品50件，乙产品35件；该月实际制造费用为1 900 000元。则甲工业企业的制造费用年度计划分配率是（　）元/小时。', '[\"612.9\",\"6000\",\"6551.72\",\"2111.11\"]', '2', '5', '6000', '0', '20', '1490319911', '0', '1');
INSERT INTO `ae_radio` VALUES ('116', '某企业生产车间生产G和F两种产品，该车间共发生制造费用100 000元，生产G产品生产工人工时为3 000小时，生产F产品生产工人工时为2 000小时。若按生产工人工时比例法分配制造费用，G和F两种产品应负担的制造费用分别为（　）元。', '[\"80000\\u548c20000\",\"40000\\u548c60000\",\"60000\\u548c40000\",\"52000\\u548c48000\"]', '2', '5', '60000和40000', '0', '20', '1490319911', '0', '1');
INSERT INTO `ae_radio` VALUES ('117', '某企业本月生产甲产品耗用机器工时120小时，生产乙产品耗用机器工时180小时。本月发生车间机器设备折旧费30 000元，车间管理人员工资30 000元，产品生产人员工资300 000元。该企业按机器工时比例分配制造费用。假设不考虑其他因素。本月甲产品应分配的制造费用为（　）元。', '[\"12000\",\"18000\",\"36000\",\"24000\"]', '2', '5', '24000', '0', '20', '1490319911', '0', '1');
INSERT INTO `ae_radio` VALUES ('118', '某厂本月从事辅助生产的发电车间待分配费用89 000元。本月发电车间为生产产品、各车间管理部门和企业行政管理部门提供362 000度电，其中提供给供水车间6 000度，基本生产车间350 200度，车间管理部门3 900度，行政管理部门1 900度。采用直接分配法分配发电车间费用时，费用分配率应是（　）。', '[\"0.250\",\"0.246\",\"0.268\",\"0.188\"]', '2', '5', '0.25', '0', '20', '1490319911', '0', '1');
INSERT INTO `ae_radio` VALUES ('119', '不计算在产品成本法适用于（　）。', '[\"\\u5404\\u6708\\u6708\\u672b\\u5728\\u4ea7\\u54c1\\u6570\\u91cf\\u5f88\\u5927\\u7684\\u4ea7\\u54c1\",\"\\u5404\\u6708\\u6708\\u672b\\u5728\\u4ea7\\u54c1\\u6570\\u91cf\\u5f88\\u5c0f\\u7684\\u4ea7\\u54c1\",\"\\u5404\\u6708\\u6708\\u672b\\u5728\\u4ea7\\u54c1\\u6570\\u91cf\\u53d8\\u5316\\u4e0d\\u5927\\u7684\\u4ea7\\u54c1\",\"\\u5404\\u6708\\u6708\\u672b\\u5728\\u4ea7\\u54c1\\u6570\\u91cf\\u53d8\\u5316\\u5f88\\u5927\\u7684\\u4ea7\\u54c1\"]', '2', '5', '各月月末在产品数量很小的产品', '0', '20', '1490319911', '0', '1');
INSERT INTO `ae_radio` VALUES ('120', '某厂的甲产品单位工时定额为40小时，经过两道工序加工完成，第一道工序的工时定额为10小时，第二道工序的工时定额为30小时。假设本月末第一道工序有在产品30件，本工序平均完工程度为60％；第二道工序有在产品50件，本工序平均完工程度为40％。则分配人工费用时在产品的约当产量为（　）件。', '[\"32\",\"38\",\"40\",\"42\"]', '2', '5', '32', '0', '20', '1490319911', '0', '1');
INSERT INTO `ae_radio` VALUES ('121', '甲公司主要生产产品A，本月完工36件，在产品20件，平均完工程度为70%，共发生生产费用5 000万元。采用约当产量法对月末在产品和完工产品的成本进行分配，则完工产品和在产品的成本分别为（　）万元。', '[\"2000\\u548c3000\",\"1400\\u548c3600\",\"3600\\u548c1400\",\"3400\\u548c1600\"]', '2', '5', '3600和1400', '0', '20', '1490319911', '0', '1');
INSERT INTO `ae_radio` VALUES ('122', '某工业企业因暴雨造成了停工，停工期间为恢复正常生产，领用原材料5 000元，发生人工费用3 000元，水电费500元，其中应由保险公司赔偿2 000元。下列处理正确的是（　）。', '[\"\\u505c\\u5de5\\u51c0\\u635f\\u59316500\\u5143\\uff0c\\u8ba1\\u5165\\u7ba1\\u7406\\u8d39\\u7528\",\"\\u505c\\u5de5\\u51c0\\u635f\\u59316500\\u5143\\uff0c\\u8ba1\\u5165\\u8425\\u4e1a\\u5916\\u652f\\u51fa\",\"\\u505c\\u5de5\\u51c0\\u635f\\u59318500\\u5143\\uff0c\\u8ba1\\u5165\\u8425\\u4e1a\\u5916\\u652f\\u51fa\",\"\\u505c\\u5de5\\u51c0\\u635f\\u59318500\\u5143\\uff0c\\u8ba1\\u5165\\u5236\\u9020\\u8d39\\u7528\"]', '2', '5', '停工净损失6500元，计入营业外支出', '0', '20', '1490319911', '0', '1');
INSERT INTO `ae_radio` VALUES ('123', '下列关于停工损失的表述中，不正确的是（　）。', '[\"\\u5e94\\u7531\\u8fc7\\u5931\\u5355\\u4f4d\\u6216\\u4fdd\\u9669\\u516c\\u53f8\\u8d1f\\u62c5\\u7684\\u8d54\\u6b3e\\uff0c\\u5e94\\u4ece\\u505c\\u5de5\\u635f\\u5931\\u4e2d\\u6263\\u9664\",\"\\u5c5e\\u4e8e\\u81ea\\u7136\\u707e\\u5bb3\\u9020\\u6210\\u7684\\u505c\\u5de5\\u51c0\\u635f\\u5931\\u8ba1\\u5165\\u5236\\u9020\\u8d39\\u7528\",\"\\u4e0d\\u6ee1\\u4e00\\u4e2a\\u5de5\\u4f5c\\u65e5\\u7684\\u505c\\u5de5\\uff0c\\u4e00\\u822c\\u4e0d\\u8ba1\\u7b97\\u505c\\u5de5\\u635f\\u5931\",\"\\u8f85\\u52a9\\u751f\\u4ea7\\u4e00\\u822c\\u4e0d\\u5355\\u72ec\\u6838\\u7b97\\u505c\\u5de5\\u635f\\u5931\"]', '2', '5', '属于自然灾害造成的停工净损失计入制造费用', '0', '20', '1490319911', '0', '1');
INSERT INTO `ae_radio` VALUES ('124', '甲公司主要生产A产品和B产品，A产品和B产品为联产品。2011年9月份发生加工成本8 000 000元。A产品和B产品在分离点上的数量分别为200件和300件。采用实物数量分配法分配联合成本，则B产品应分配的联合成本为（　）元。', '[\"4800000\",\"3200000\",\"4000000\",\"3000000\"]', '2', '5', '4800000', '0', '20', '1490319911', '0', '1');
INSERT INTO `ae_radio` VALUES ('125', '甲公司在生产主产品的同时，还生产出了某种副产品。该种副产品可直接对外出售，公司规定的售价为30元/千克。2014年10月份主要产品和副产品发生的生产成本总额为15 000元，副产品的产量为150千克。甲公司按预先规定的副产品售价确定副产品成本，则该公司2014年10月份副产品成本为（　）元。', '[\"3000\",\"10500\",\"4500\",\"7500\"]', '2', '5', '4500', '0', '20', '1490319911', '0', '1');
INSERT INTO `ae_radio` VALUES ('126', '计划成本分配法的特点是（　）。', '[\"\\u76f4\\u63a5\\u5c06\\u8f85\\u52a9\\u751f\\u4ea7\\u8f66\\u95f4\\u53d1\\u751f\\u7684\\u8d39\\u7528\\u5206\\u914d\\u7ed9\\u8f85\\u52a9\\u751f\\u4ea7\\u8f66\\u95f4\\u4ee5\\u5916\\u7684\\u5404\\u4e2a\\u53d7\\u76ca\\u5355\\u4f4d\\u6216\\u4ea7\\u54c1\",\"\\u8f85\\u52a9\\u751f\\u4ea7\\u8f66\\u95f4\\u751f\\u4ea7\\u7684\\u4ea7\\u54c1\\u6216\\u52b3\\u52a1\\u6309\\u7167\\u8ba1\\u5212\\u5355\\u4f4d\\u6210\\u672c\\u8ba1\\u7b97\\u3001\\u5206\\u914d\",\"\\u6839\\u636e\\u5404\\u8f85\\u52a9\\u751f\\u4ea7\\u8f66\\u95f4\\u76f8\\u4e92\\u63d0\\u4f9b\\u7684\\u4ea7\\u54c1\\u6216\\u52b3\\u52a1\\u7684\\u6570\\u91cf\\u548c\\u6210\\u672c\\u5206\\u914d\\u7387\\uff0c\\u5728\\u5404\\u8f85\\u52a9\\u751f\\u4ea7\\u8f66\\u95f4\\u4e4b\\u95f4\\u8fdb\\u884c\\u4ea4\\u4e92\\u5206\\u914d\",\"\\u6309\\u7167\\u8f85\\u52a9\\u751f\\u4ea7\\u8f66\\u95f4\\u53d7\\u76ca\\u591a\\u5c11\\u7684\\u987a\\u5e8f\\u5206\\u914d\\u8d39\\u7528\"]', '2', '5', '辅助生产车间生产的产品或劳务按照计划单位成本计算、分配', '0', '20', '1490319911', '0', '1');
INSERT INTO `ae_radio` VALUES ('127', '下列各项中，应计入产品成本的是（　）。', '[\"\\u56fa\\u5b9a\\u8d44\\u4ea7\\u62a5\\u5e9f\\u51c0\\u635f\\u5931\",\"\\u652f\\u4ed8\\u7684\\u77ff\\u4ea7\\u8d44\\u6e90\\u8865\\u507f\\u8d39\",\"\\u9884\\u8ba1\\u4ea7\\u54c1\\u8d28\\u91cf\\u4fdd\\u8bc1\\u635f\\u5931\",\"\\u57fa\\u672c\\u751f\\u4ea7\\u8f66\\u95f4\\u8bbe\\u5907\\u8ba1\\u63d0\\u7684\\u6298\\u65e7\\u8d39\"]', '2', '5', '基本生产车间设备计提的折旧费', '0', '20', '1490319911', '0', '1');
INSERT INTO `ae_radio` VALUES ('128', '某企业只生产和销售M产品，2011年6月1日期初在产品成本7万元。6月份发生如下费用：领用材料12万元，生产工人工资4万元，制造费用2万元，行政管理部门物料消耗3万元，专设销售机构固定资产折旧费1.6万元。月末在产品成本6万元。该企业6月份完工M产品的生产成本为（　）万元。', '[\"18\",\"19\",\"16.6\",\"23.6\"]', '2', '5', '19', '0', '20', '1490319911', '0', '1');
INSERT INTO `ae_radio` VALUES ('129', '顺序分配法，也称为梯形分配法，特点就是按照辅助生产车间受益多少的顺序分配费用，受益少的先分配，受益多的后分配。此种方法适用于（　）的企业。', '[\"\\u8f85\\u52a9\\u751f\\u4ea7\\u5185\\u90e8\\u76f8\\u4e92\\u63d0\\u4f9b\\u4ea7\\u54c1\\u548c\\u52b3\\u52a1\\u4e0d\\u591a\\u7684\\u3001\\u4e0d\\u8fdb\\u884c\\u8d39\\u7528\\u7684\\u4ea4\\u4e92\\u5206\\u914d\\uff0c\\u5bf9\\u8f85\\u52a9\\u751f\\u4ea7\\u6210\\u672c\\u548c\\u4f01\\u4e1a\\u4ea7\\u54c1\\u6210\\u672c\\u5f71\\u54cd\\u4e0d\\u5927\",\"\\u8f85\\u52a9\\u751f\\u4ea7\\u52b3\\u52a1\\u8ba1\\u5212\\u5355\\u4f4d\\u6210\\u672c\\u6bd4\\u8f83\\u51c6\\u786e\",\"\\u5404\\u8f85\\u52a9\\u751f\\u4ea7\\u8f66\\u95f4\\u4e4b\\u95f4\\u76f8\\u4e92\\u53d7\\u76ca\\u7a0b\\u5ea6\\u6709\\u660e\\u663e\\u987a\\u5e8f\",\"\\u5df2\\u7ecf\\u5b9e\\u73b0\\u7535\\u7b97\\u5316\"]', '2', '5', '各辅助生产车间之间相互受益程度有明显顺序', '0', '20', '1490319911', '0', '1');
INSERT INTO `ae_radio` VALUES ('130', '辅助生产费用交互分配法的交互分配，是指将辅助生产费用首先在企业内部（　）。', '[\"\\u8f85\\u52a9\\u751f\\u4ea7\\u8f66\\u95f4\\u4e4b\\u95f4\\u5206\\u914d\",\"\\u8f85\\u52a9\\u751f\\u4ea7\\u8f66\\u95f4\\u4e0e\\u9500\\u552e\\u90e8\\u95e8\\u4e4b\\u95f4\\u5206\\u914d\",\"\\u8f85\\u52a9\\u751f\\u4ea7\\u8f66\\u95f4\\u4e0e\\u57fa\\u672c\\u751f\\u4ea7\\u8f66\\u95f4\\u4e4b\\u95f4\\u5206\\u914d\",\"\\u8f85\\u52a9\\u751f\\u4ea7\\u8f66\\u95f4\\u4e0e\\u884c\\u653f\\u7ba1\\u7406\\u90e8\\u95e8\\u4e4b\\u95f4\\u5206\\u914d\"]', '2', '5', '辅助生产车间之间分配', '0', '20', '1490319911', '0', '1');
INSERT INTO `ae_radio` VALUES ('131', '下列各项中，属于辅助生产费用分配方法的是（　）。', '[\"\\u8ba1\\u5212\\u6210\\u672c\\u5206\\u914d\\u6cd5\",\"\\u5728\\u4ea7\\u54c1\\u6309\\u5b9a\\u989d\\u6210\\u672c\\u8ba1\\u4ef7\\u6cd5\",\"\\u5728\\u4ea7\\u54c1\\u6309\\u6240\\u8017\\u76f4\\u63a5\\u6750\\u6599\\u6210\\u672c\\u8ba1\\u4ef7\\u6cd5\",\"\\u5728\\u4ea7\\u54c1\\u6309\\u56fa\\u5b9a\\u6210\\u672c\\u8ba1\\u7b97\\u6cd5\"]', '2', '5', '计划成本分配法', '0', '20', '1490319911', '0', '1');
INSERT INTO `ae_radio` VALUES ('132', 'A公司生产甲乙两种产品领用某材料5 190公斤，每公斤22元。本月投产的甲产品为230件，乙产品为270件。甲产品的材料消耗定额为16公斤，乙产品的材料消耗定额为12公斤。则材料消耗量分配率为（　）。', '[\"0.75\",\"0.47\",\"0.79\",\"0.49\"]', '2', '5', '0.75', '0', '20', '1490319911', '0', '1');
INSERT INTO `ae_radio` VALUES ('133', '某种产品生产需经过三个生产步骤，采用逐步结转分步法计算成本。本月第一生产步骤转入第二生产步骤的生产成本为2 865元，第二生产步骤转入第三生产步骤的生产成本为4 700元。本月第三生产步骤发生的成本为2 300元（不包括上一生产步骤转入的成本），第三步骤月初在产品成本为800元，月末在产品成本为600元，本月该种产品的产成品成本为（　）元。', '[\"6500\",\"7200\",\"6800\",\"2500\"]', '2', '5', '7200', '0', '21', '1490325085', '0', '1');
INSERT INTO `ae_radio` VALUES ('134', '下列各种产品成本计算方法，适用于大量大批多步骤生产，且需要计算半成品成本的是（　）。', '[\"\\u54c1\\u79cd\\u6cd5\",\"\\u5206\\u6279\\u6cd5\",\"\\u9010\\u6b65\\u7ed3\\u8f6c\\u5206\\u6b65\\u6cd5\",\"\\u5e73\\u884c\\u7ed3\\u8f6c\\u5206\\u6b65\\u6cd5\"]', '2', '5', '', '0', '21', '1490325085', '0', '1');
INSERT INTO `ae_radio` VALUES ('135', '某企业生产甲产品，属于可比产品，上年实际平均单位成本为100元，上年实际产量为1 800件，本年实际产量为2 000件，本年实际平均单位成本为98元，则本年甲产品可比产品成本降低率为（　）元。', '[\"2\\uff05\",\"2.04\\uff05\",\"2.22\\uff05\",\"2.27\\uff05\"]', '2', '5', '0.02', '0', '21', '1490325085', '0', '1');
INSERT INTO `ae_radio` VALUES ('136', '某企业的辅助生产车间主要为基本生产车间、行政管理部门供电，应采用的成本计算方法是（　）。', '[\"\\u5206\\u6279\\u6cd5\",\"\\u5206\\u6b65\\u6cd5\",\"\\u54c1\\u79cd\\u6cd5\",\"\\u5206\\u7c7b\\u6cd5\"]', '2', '5', '品种法', '0', '21', '1490325085', '0', '1');
INSERT INTO `ae_radio` VALUES ('137', '下列关于品种法的表述不正确的是（　）。', '[\"\\u9002\\u7528\\u4e8e\\u5927\\u91cf\\u5927\\u6279\\u591a\\u6b65\\u9aa4\\u751f\\u4ea7\\u7684\\u4f01\\u4e1a\",\"\\u4e00\\u822c\\u5b9a\\u671f\\uff08\\u6bcf\\u6708\\u6708\\u672b\\uff09\\u8ba1\\u7b97\\u4ea7\\u54c1\\u6210\\u672c\",\"\\u91c7\\u6398\\u4f01\\u4e1a\\u9002\\u7528\\u4e8e\\u8be5\\u65b9\\u6cd5\",\"\\u5982\\u679c\\u53ea\\u751f\\u4ea7\\u4e00\\u79cd\\u4ea7\\u54c1\\uff0c\\u5219\\u4e0d\\u9700\\u8981\\u5728\\u6210\\u672c\\u8ba1\\u7b97\\u5bf9\\u8c61\\u4e4b\\u95f4\\u5206\\u914d\\u95f4\\u63a5\\u8d39\\u7528\"]', '2', '5', '适用于大量大批多步骤生产的企业', '0', '21', '1490325085', '0', '1');
INSERT INTO `ae_radio` VALUES ('138', '下列关于分批法的表述中，不正确的是（　）。', '[\"\\u6210\\u672c\\u6838\\u7b97\\u5bf9\\u8c61\\u662f\\u4ea7\\u54c1\\u7684\\u6279\\u522b\",\"\\u4ea7\\u54c1\\u6210\\u672c\\u8ba1\\u7b97\\u671f\\u4e0e\\u4ea7\\u54c1\\u751f\\u4ea7\\u5468\\u671f\\u57fa\\u672c\\u4e00\\u81f4\",\"\\u4e0d\\u5b58\\u5728\\u5728\\u5b8c\\u5de5\\u4ea7\\u54c1\\u548c\\u5728\\u4ea7\\u54c1\\u4e4b\\u95f4\\u5206\\u914d\\u6210\\u672c\\u7684\\u95ee\\u9898\",\"\\u9002\\u7528\\u4e8e\\u5355\\u4ef6\\u3001\\u5c0f\\u6279\\u751f\\u4ea7\\u4f01\\u4e1a\"]', '2', '5', '不存在在完工产品和在产品之间分配成本的问题', '0', '21', '1490325085', '0', '1');
INSERT INTO `ae_radio` VALUES ('139', '下列各种产品成本计算方法，适用于单件、小批生产的是（　）。', '[\"\\u54c1\\u79cd\\u6cd5\",\"\\u5206\\u6279\\u6cd5\",\"\\u9010\\u6b65\\u7ed3\\u8f6c\\u5206\\u6b65\\u6cd5\",\"\\u5e73\\u884c\\u7ed3\\u8f6c\\u5206\\u6b65\\u6cd5\"]', '2', '5', '分批法', '0', '21', '1490325085', '0', '1');
INSERT INTO `ae_radio` VALUES ('140', '甲企业2013年度产值为5000万元，产品成本为3000万元；2012年度的产值成本率为63％，在不考虑其他因素的情况下，对甲企业2013年度经济效益的评价为（　）。', '[\"\\u8f83\\u4e0a\\u5e74\\u6709\\u6240\\u63d0\\u9ad8\",\"\\u4e0e\\u4e0a\\u5e74\\u6301\\u5e73\",\"\\u8f83\\u4e0a\\u5e74\\u6709\\u6240\\u4e0b\\u964d\",\"\\u4e0d\\u786e\\u5b9a\"]', '2', '5', '较上年有所提高', '0', '21', '1490325085', '0', '1');
INSERT INTO `ae_radio` VALUES ('141', '通过计算成本利润率对企业经营效益进行评价的方法属于（　）。', '[\"\\u5bf9\\u6bd4\\u5206\\u6790\\u6cd5\",\"\\u6784\\u6210\\u6bd4\\u7387\\u5206\\u6790\\u6cd5\",\"\\u76f8\\u5173\\u6307\\u6807\\u6bd4\\u7387\\u5206\\u6790\\u6cd5\",\"\\u8d8b\\u52bf\\u5206\\u6790\\u6cd5\"]', '2', '5', '相关指标比率分析法', '0', '21', '1490325085', '0', '1');
INSERT INTO `ae_radio` VALUES ('142', '甲公司本月生产乙产品400件，领用A种材料2500千克，其实际价格为0.6元/千克。根据该种产品的成本计划，材料消耗量为3000千克，计划价格为0.55元/千克。则直接材料的数量差异影响为（　）元。', '[\"275\",\"-150\",\"-275\",\"-300\"]', '2', '5', '-275', '0', '21', '1490325085', '0', '1');
INSERT INTO `ae_radio` VALUES ('143', '根据不同的标准，可以对法作不同的分类。根据法的创制方式和发布形式，可以将法分为（　　）。', '[\"\\u56fd\\u9645\\u6cd5\\u548c\\u56fd\\u5185\\u6cd5\",\"\\u6839\\u672c\\u6cd5\\u548c\\u666e\\u901a\\u6cd5\",\"\\u5b9e\\u4f53\\u6cd5\\u548c\\u7a0b\\u5e8f\\u6cd5\",\"\\u6210\\u6587\\u6cd5\\u548c\\u4e0d\\u6210\\u6587\\u6cd5\"]', '2', '4', '成文法和不成文法', '0', '23', '1490917332', '0', '1');
INSERT INTO `ae_radio` VALUES ('144', '下列法律事实中，属于法律事件的是（　　）。', '[\"\\u7ecf\\u6d4e\\u7ba1\\u7406\\u884c\\u4e3a\",\"\\u7b7e\\u8ba2\\u5408\\u540c\",\"\\u6218\\u4e89\",\"\\u53d1\\u884c\\u80a1\\u7968\"]', '2', '4', '战争', '0', '23', '1490917332', '0', '1');
INSERT INTO `ae_radio` VALUES ('145', '根据《仲裁法》的规定，下列说法不正确的是（　　）。', '[\"\\u8c03\\u89e3\\u4e66\\u7ecf\\u53cc\\u65b9\\u5f53\\u4e8b\\u4eba\\u7b7e\\u6536\\u540e\\uff0c\\u5373\\u53d1\\u751f\\u6cd5\\u5f8b\\u6548\\u529b\",\"\\u5728\\u8c03\\u89e3\\u4e66\\u7b7e\\u6536\\u524d\\u5f53\\u4e8b\\u4eba\\u53cd\\u6094\\u7684\\uff0c\\u4ef2\\u88c1\\u5ead\\u5e94\\u5f53\\u53ca\\u65f6\\u4f5c\\u51fa\\u88c1\\u51b3\",\"\\u88c1\\u51b3\\u4e66\\u81ea\\u5f53\\u4e8b\\u4eba\\u6536\\u5230\\u4e4b\\u65e5\\u8d77\\u53d1\\u751f\\u6cd5\\u5f8b\\u6548\\u529b\",\"\\u8c03\\u89e3\\u4e66\\u4e0e\\u88c1\\u51b3\\u4e66\\u5177\\u6709\\u540c\\u7b49\\u6cd5\\u5f8b\\u6548\\u529b\"]', '2', '4', '裁决书自当事人收到之日起发生法律效力', '0', '23', '1490917332', '0', '1');
INSERT INTO `ae_radio` VALUES ('146', '甲、乙因买卖货物发生合同纠纷，甲向法院提起诉讼。首次开庭审理前，乙提出双方签有仲裁协议，应通过仲裁方式解决。对该案件的下列处理方式中，符合法律规定的是（　　）。', '[\"\\u4ef2\\u88c1\\u534f\\u8bae\\u6709\\u6548\\uff0c\\u6cd5\\u9662\\u9a73\\u56de\\u7532\\u7684\\u8d77\\u8bc9\",\"\\u4ef2\\u88c1\\u534f\\u8bae\\u65e0\\u6548\\uff0c\\u6cd5\\u9662\\u7ee7\\u7eed\\u5ba1\\u7406\",\"\\u7531\\u7532\\u3001\\u4e59\\u534f\\u5546\\u786e\\u5b9a\\u7ea0\\u7eb7\\u7684\\u89e3\\u51b3\\u65b9\\u5f0f\",\"\\u89c6\\u4e3a\\u7532\\u3001\\u4e59\\u5df2\\u653e\\u5f03\\u4ef2\\u88c1\\u534f\\u8bae\\uff0c\\u6cd5\\u9662\\u7ee7\\u7eed\\u5ba1\\u7406\"]', '2', '4', '仲裁协议有效，法院驳回甲的起诉', '0', '23', '1490917332', '0', '1');
INSERT INTO `ae_radio` VALUES ('147', '根据《行政诉讼法》的规定，下列对行政诉讼的表述中，不正确的是（　　）。', '[\"\\u9664\\u7279\\u6b8a\\u60c5\\u51b5\\u5916\\uff0c\\u4eba\\u6c11\\u6cd5\\u9662\\u516c\\u5f00\\u5ba1\\u7406\\u884c\\u653f\\u6848\\u4ef6\",\"\\u5ba1\\u7406\\u884c\\u653f\\u6848\\u4ef6\\uff0c\\u4e0d\\u9002\\u7528\\u8c03\\u89e3\",\"\\u4eba\\u6c11\\u6cd5\\u9662\\u5e94\\u5f53\\u5728\\u7acb\\u6848\\u4e4b\\u65e5\\u8d772\\u4e2a\\u6708\\u5185\\u4f5c\\u51fa\\u7b2c\\u4e00\\u5ba1\\u5224\\u51b3\",\"\\u5f53\\u4e8b\\u4eba\\u4e0d\\u670d\\u4eba\\u6c11\\u6cd5\\u9662\\u7b2c\\u4e00\\u5ba1\\u5224\\u51b3\\u7684\\uff0c\\u6709\\u6743\\u5728\\u5224\\u51b3\\u4e66\\u9001\\u8fbe\\u4e4b\\u65e5\\u8d7715\\u65e5\\u5185\\u5411\\u4e0a\\u4e00\\u7ea7\\u4eba\\u6c11\\u6cd5\\u9662\\u63d0\\u8d77\\u4e0a\\u8bc9\"]', '2', '4', '人民法院应当在立案之日起2个月内作出第一审判决', '0', '23', '1490917332', '0', '1');
INSERT INTO `ae_radio` VALUES ('148', '下列不属于民法调整的范围的是（　　）。', '[\"\\u623f\\u5c4b\\u7684\\u51fa\\u79df\\u8005\\u548c\\u627f\\u79df\\u8005\\u4e4b\\u95f4\\u7684\\u79df\\u8d41\\u5173\\u7cfb\",\"\\u6709\\u9650\\u8d23\\u4efb\\u516c\\u53f8\\u548c\\u5408\\u4f19\\u4f01\\u4e1a\\u7684\\u8d2d\\u9500\\u5173\\u7cfb\",\"\\u7a0e\\u52a1\\u5c40\\u548c\\u4f01\\u4e1a\\u4e4b\\u95f4\\u7684\\u5f81\\u7eb3\\u7a0e\\u5173\\u7cfb\",\"\\u516c\\u6c11\\u7532\\u548c\\u4e59\\u7684\\u79bb\\u5a5a\\u7ea0\\u7eb7\"]', '2', '4', '税务局和企业之间的征纳税关系', '0', '23', '1490917332', '0', '1');
INSERT INTO `ae_radio` VALUES ('149', '甲、乙双方签订一份修一台精密设备的合同，由此形成的法律关系客体是（　　）。', '[\"\\u4e59\\u65b9\\u4fee\\u7406\\u7684\\u8be5\\u8bbe\\u5907\",\"\\u7532\\u4e59\\u53cc\\u65b9\",\"\\u4e59\\u65b9\\u627f\\u63a5\\u4fee\\u7406\\u8bbe\\u5907\\u7684\\u52b3\\u52a1\\u884c\\u4e3a\",\"\\u7532\\u4e59\\u53cc\\u65b9\\u627f\\u62c5\\u7684\\u6743\\u5229\\u548c\\u4e49\\u52a1\"]', '2', '4', '乙方承接修理设备的劳务行为', '0', '23', '1490917332', '0', '1');
INSERT INTO `ae_radio` VALUES ('150', '甲公司与乙公司就双方签订的加工承揽合同达成仲裁协议，约定一旦合同履行发生纠纷，由当地仲裁委员会仲裁。后合同履行发生争议，甲公司将乙公司告上法庭。对此乙公司没有向受诉法院提出异议。开庭审理中，甲公司举出充分的证据，乙公司败诉已成定局，于是乙公司提交了双方达成的仲裁协议。法院审理后认为该仲裁协议无效。下列表述正确的是（　　）。', '[\"\\u5e94\\u7ee7\\u7eed\\u5ba1\\u7406\",\"\\u5224\\u51b3\\u8be5\\u4ef2\\u88c1\\u534f\\u8bae\\u65e0\\u6548\",\"\\u5982\\u7532\\u516c\\u53f8\\u5bf9\\u4ef2\\u88c1\\u6548\\u529b\\u6ca1\\u6709\\u5f02\\u8bae\\uff0c\\u5219\\u88c1\\u5b9a\\u9a73\\u56de\\u8d77\\u8bc9\",\"\\u5c06\\u4ef2\\u88c1\\u534f\\u8bae\\u7684\\u6548\\u529b\\u95ee\\u9898\\u79fb\\u4ea4\\u6709\\u5173\\u4ef2\\u88c1\\u59d4\\u5458\\u4f1a\\u5ba1\\u7406\"]', '2', '4', '应继续审理', '0', '23', '1490917332', '0', '1');
INSERT INTO `ae_radio` VALUES ('151', '甲、乙签订买卖合同同时签订仲裁协议，后双方发生合同纠纷，在仲裁庭首次开庭时，甲对双方事先签订的仲裁协议效力提出异议，对该案件的下列处理方式中，符合法律规定的是（　　）。', '[\"\\u5e94\\u7531\\u4ef2\\u88c1\\u59d4\\u5458\\u4f1a\\u9996\\u5148\\u5bf9\\u4ef2\\u88c1\\u534f\\u8bae\\u7684\\u6548\\u529b\\u4f5c\\u51fa\\u51b3\\u5b9a\",\"\\u7532\\u53ef\\u4ee5\\u8bf7\\u6c42\\u6cd5\\u9662\\u5bf9\\u4ef2\\u88c1\\u534f\\u8bae\\u7684\\u6548\\u529b\\u4f5c\\u51fa\\u88c1\\u5b9a\",\"\\u8be5\\u4ef2\\u88c1\\u534f\\u8bae\\u6709\\u6548\\uff0c\\u4ef2\\u88c1\\u5ead\\u7ee7\\u7eed\\u4ef2\\u88c1\",\"\\u8be5\\u4ef2\\u88c1\\u534f\\u8bae\\u81ea\\u7136\\u5931\\u6548\"]', '2', '4', '该仲裁协议有效，仲裁庭继续仲裁', '0', '23', '1490917332', '0', '1');
INSERT INTO `ae_radio` VALUES ('152', '用人单位拖欠或者未足额支付劳动报酬的，劳动者可以依法向当地人民法院申请（　　）。', '[\"\\u6cd5\\u5f8b\\u63f4\\u52a9\",\"\\u652f\\u4ed8\\u4ee4\",\"\\u793e\\u4f1a\\u6551\\u6d4e\",\"\\u4f9d\\u6cd5\\u5236\\u88c1\\u7528\\u4eba\\u5355\\u4f4d\"]', '2', '4', '支付令', '0', '24', '1490917332', '0', '1');
INSERT INTO `ae_radio` VALUES ('153', '下列各项关于劳动仲裁参加人的表述中，错误的是（　　）。', '[\"\\u52b3\\u52a1\\u6d3e\\u9063\\u5355\\u4f4d\\u6216\\u8005\\u7528\\u5de5\\u5355\\u4f4d\\u4e0e\\u52b3\\u52a8\\u8005\\u53d1\\u751f\\u52b3\\u52a8\\u4e89\\u8bae\\u7684\\uff0c\\u52b3\\u52a1\\u6d3e\\u9063\\u5355\\u4f4d\\u548c\\u7528\\u5de5\\u5355\\u4f4d\\u4e3a\\u5171\\u540c\\u5f53\\u4e8b\\u4eba\",\"\\u52b3\\u52a8\\u8005\\u4e0e\\u4e2a\\u4eba\\u627f\\u5305\\u7ecf\\u8425\\u8005\\u53d1\\u751f\\u4e89\\u8bae\\uff0c\\u4f9d\\u6cd5\\u5411\\u4ef2\\u88c1\\u59d4\\u5458\\u4f1a\\u7533\\u8bf7\\u4ef2\\u88c1\\u7684\\uff0c\\u5e94\\u5f53\\u5c06\\u53d1\\u5305\\u7684\\u7ec4\\u7ec7\\u548c\\u4e2a\\u4eba\\u627f\\u5305\\u7ecf\\u8425\\u8005\\u4f5c\\u4e3a\\u5f53\\u4e8b\\u4eba\",\"\\u56e0\\u5c65\\u884c\\u96c6\\u4f53\\u5408\\u540c\\u53d1\\u751f\\u7684\\u52b3\\u52a8\\u4e89\\u8bae\\uff0c\\u7ecf\\u534f\\u5546\\u89e3\\u51b3\\u4e0d\\u6210\\u7684\\uff0c\\u5de5\\u4f1a\\u53ef\\u4ee5\\u4f9d\\u6cd5\\u7533\\u8bf7\\u4ef2\\u88c1\",\"\\u53d1\\u751f\\u4e89\\u8bae\\u7684\\u52b3\\u52a8\\u8005\\u4e00\\u65b9\\u572810\\u4eba\\u4ee5\\u4e0a\\uff0c\\u5e76\\u6709\\u5171\\u540c\\u8bf7\\u6c42\\u7684\\uff0c\\u52b3\\u52a8\\u8005\\u53ef\\u4ee5\\u63a8\\u4e3e2\\u81f34\\u540d\\u4ee3\\u8868\\u4eba\\u53c2\\u52a0\\u4ef2\\u88c1\\u6d3b\\u52a8\"]', '2', '4', '发生争议的劳动者一方在10人以上，并有共同请求的，劳动者可以推举2至4名代表人参加仲裁活动', '0', '24', '1490917332', '0', '1');
INSERT INTO `ae_radio` VALUES ('154', '三年以上固定期限和无固定期限的劳动合同，试用期不得超过（　　）。', '[\"\\u516d\\u4e2a\\u6708\",\"\\u4e8c\\u4e2a\\u6708\",\"\\u4e00\\u5e74\",\"\\u4e09\\u5e74\"]', '2', '4', '六个月', '0', '24', '1490917332', '0', '1');
INSERT INTO `ae_radio` VALUES ('155', '某私营企业员工王某的月工资为1400元，当地职工月平均工资为2500元，根据社会保险法的有关规定，王某每月应由个人缴纳的基本养老保险费是（　　）元。', '[\"112\",\"120\",\"200\",\"280\"]', '2', '4', '120', '0', '24', '1490917332', '0', '1');
INSERT INTO `ae_radio` VALUES ('156', '用人单位违反规定不与劳动者订立无固定期限劳动合同的，应当承担的法律责任是（　　）。', '[\"\\u81ea\\u5e94\\u5f53\\u8ba2\\u7acb\\u65e0\\u56fa\\u5b9a\\u671f\\u9650\\u52b3\\u52a8\\u5408\\u540c\\u4e4b\\u65e5\\u8d77\\u5411\\u52b3\\u52a8\\u8005\\u6bcf\\u6708\\u652f\\u4ed82\\u500d\\u7684\\u5de5\\u8d44\",\"\\u8d23\\u4ee4\\u6539\\u6b63\\uff0c\\u4e88\\u4ee5\\u8b66\\u544a\",\"\\u5bf9\\u7528\\u4eba\\u5355\\u4f4d\\u5904\\u4ee52000\\u5143\\u4ee5\\u4e0b\\u7684\\u7f5a\\u6b3e\",\"\\u5bf9\\u7528\\u4eba\\u5355\\u4f4d\\u5904\\u4ee51000\\u5143\\u4ee5\\u4e0a2000\\u5143\\u4ee5\\u4e0b\\u7684\\u7f5a\\u6b3e\"]', '2', '4', '自应当订立无固定期限劳动合同之日起向劳动者每月支付2倍的工资', '0', '24', '1490917332', '0', '1');
INSERT INTO `ae_radio` VALUES ('157', '王某因劳动合同终止而失业，已办理登记并有求职要求，此系王某首次失业，已知王某与用人单位累计缴纳失业保险费满7年。王某领取失业保险金的最长期限是（　　）。', '[\"6\\u4e2a\\u6708\",\"12\\u4e2a\\u6708\",\"18\\u4e2a\\u6708\",\"24\\u4e2a\\u6708\"]', '2', '4', '18个月', '0', '24', '1490917332', '0', '1');
INSERT INTO `ae_radio` VALUES ('158', '下列说法中，不正确的是（　　）。', '[\"\\u52b3\\u52a8\\u5408\\u540c\\u7528\\u5de5\\u662f\\u6211\\u56fd\\u4f01\\u4e1a\\u7684\\u57fa\\u672c\\u7528\\u5de5\\u5f62\\u5f0f\",\"\\u52b3\\u52a1\\u6d3e\\u9063\\u7528\\u5de5\\u53ea\\u80fd\\u5728\\u4e34\\u65f6\\u6027\\u3001\\u8f85\\u52a9\\u6027\\u6216\\u8005\\u66ff\\u4ee3\\u6027\\u7684\\u5de5\\u4f5c\\u5c97\\u4f4d\\u4e0a\\u5b9e\\u65bd\",\"\\u52b3\\u52a1\\u6d3e\\u9063\\u5355\\u4f4d\\u5e94\\u5f53\\u4e0e\\u88ab\\u6d3e\\u9063\\u52b3\\u52a8\\u8005\\u8ba2\\u7acb3\\u5e74\\u4ee5\\u4e0a\\u7684\\u56fa\\u5b9a\\u671f\\u9650\\u52b3\\u52a8\\u5408\\u540c\\uff0c\\u6309\\u6708\\u652f\\u4ed8\\u52b3\\u52a8\\u62a5\\u916c\",\"\\u88ab\\u6d3e\\u9063\\u52b3\\u52a8\\u8005\\u5728\\u65e0\\u5de5\\u4f5c\\u671f\\u95f4\\uff0c\\u52b3\\u52a1\\u6d3e\\u9063\\u5355\\u4f4d\\u5e94\\u5f53\\u6309\\u7167\\u6240\\u5728\\u5730\\u4eba\\u6c11\\u653f\\u5e9c\\u89c4\\u5b9a\\u7684\\u6700\\u4f4e\\u5de5\\u8d44\\u6807\\u51c6\\uff0c\\u5411\\u5176\\u6309\\u6708\\u652f\\u4ed8\\u62a5\\u916c\"]', '2', '4', '劳务派遣单位应当与被派遣劳动者订立3年以上的固定期限劳动合同，按月支付劳动报酬', '0', '24', '1490917332', '0', '1');
INSERT INTO `ae_radio` VALUES ('159', '根据《劳动合同法》的规定，用人单位与劳动者建立劳动关系的时间是（　　）。', '[\"\\u81ea\\u7528\\u5de5\\u4e4b\\u65e5\\u8d77\",\"\\u81ea\\u52b3\\u52a8\\u5408\\u540c\\u7b7e\\u8ba2\\u4e4b\\u65e5\\u8d77\",\"\\u81ea\\u7528\\u5de5\\u4e4b\\u65e5\\u8d77\\u4e00\\u4e2a\\u6708\\u5185\",\"\\u81ea\\u52b3\\u52a8\\u5408\\u540c\\u5907\\u6848\\u4e4b\\u65e5\\u8d77\"]', '2', '4', '自用工之日起', '0', '24', '1490917332', '0', '1');
INSERT INTO `ae_radio` VALUES ('160', '下列各项规定中，符合我国劳动合同法律制度的是（　　）。', '[\"\\u67d0\\u98df\\u7528\\u6cb9\\u4f01\\u4e1a\\u89c4\\u5b9a\\u53ef\\u4ee5\\u53d1\\u98df\\u7528\\u6cb9\\u62b5\\u4f5c\\u5de5\\u8d44\",\"\\u5de5\\u8d44\\u5fc5\\u987b\\u6bcf\\u6708\\u652f\\u4ed8\\u4e00\\u6b21\\uff0c\\u5b9e\\u884c\\u5468\\u3001\\u65e5\\u3001\\u5c0f\\u65f6\\u5de5\\u8d44\\u5236\\u7684\\u53ef\\u6309\\u5468\\u3001\\u65e5\\u3001\\u5c0f\\u65f6\\u652f\\u4ed8\\u5de5\\u8d44\",\"\\u5728\\u90e8\\u5206\\u516c\\u6c11\\u653e\\u5047\\u7684\\u8282\\u65e5\\u671f\\u95f4\\uff08\\u5987\\u5973\\u8282\\u3001\\u9752\\u5e74\\u8282\\uff09\\uff0c\\u52b3\\u52a8\\u8005\\u4f9d\\u6cd5\\u53c2\\u52a0\\u793e\\u4f1a\\u6d3b\\u52a8\\u671f\\u95f4\\uff0c\\u7528\\u4eba\\u5355\\u4f4d\\u5e94\\u5f53\\u4f9d\\u6cd5\\u652f\\u4ed8\\u5de5\\u8d44\",\"\\u5728\\u5987\\u5973\\u8282\\uff0c\\u7167\\u5e38\\u5de5\\u4f5c\\u7684\\u5973\\u804c\\u5de5\\uff0c\\u5355\\u4f4d\\u5e94\\u652f\\u4ed8\\u52a0\\u73ed\\u5de5\\u8d44\"]', '2', '4', '在部分公民放假的节日期间（妇女节、青年节），劳动者依法参加社会活动期间，用人单位应当依法支付工资', '0', '24', '1490917332', '0', '1');
INSERT INTO `ae_radio` VALUES ('161', '冯某在一家物流公司上班，月工资2500元。因自己的原因给其公司造成了2000元的损失。当地月最低工资标准是2100元。公司按照劳动合同的约定要求冯某赔偿经济损失。根据劳动合同法律制度的规定，下列各项中经济损失的赔偿，符合规定的是（　　）。', '[\"\\u516c\\u53f8\\u5728\\u51af\\u67d0\\u5f53\\u6708\\u7684\\u5de5\\u8d44\\u4e2d\\u6263\\u9664\\u4e862000\\u5143\",\"\\u516c\\u53f8\\u6700\\u591a\\u53ef\\u6263\\u9664\\u51af\\u67d0\\u5f53\\u6708\\u5de5\\u8d44500\\u5143\",\"\\u516c\\u53f8\\u53ef\\u6263\\u9664\\u51af\\u67d0\\u5f53\\u6708\\u5de5\\u8d44400\\u5143\",\"\\u516c\\u53f8\\u53ef\\u6263\\u9664\\u51af\\u67d0\\u5f53\\u6708\\u5de5\\u8d441000\\u5143\"]', '2', '4', '公司可扣除冯某当月工资400元', '0', '24', '1490917332', '0', '1');
INSERT INTO `ae_radio` VALUES ('162', '下列费用中，基本医疗保险基金可以支付的是（　　）。', '[\"\\u5e94\\u5f53\\u4ece\\u5de5\\u4f24\\u4fdd\\u9669\\u57fa\\u91d1\\u4e2d\\u652f\\u4ed8\\u7684\",\"\\u5e94\\u5f53\\u7531\\u7b2c\\u4e09\\u4eba\\u8d1f\\u62c5\\u7684\",\"\\u5728\\u534f\\u8bae\\u533b\\u7597\\u673a\\u6784\\u53d1\\u751f\\u7684\\u7b26\\u5408\\u6807\\u51c6\\u7684\\u533b\\u7597\\u8d39\\u7528\",\"\\u5728\\u5883\\u5916\\u5c31\\u533b\\u7684\"]', '2', '4', '在协议医疗机构发生的符合标准的医疗费用', '0', '24', '1490917332', '0', '1');
INSERT INTO `ae_radio` VALUES ('163', '下列情形不可以认定为工伤的是（　　）。', '[\"\\u5728\\u5de5\\u4f5c\\u65f6\\u95f4\\u548c\\u5de5\\u4f5c\\u5c97\\u4f4d\\uff0c\\u7a81\\u53d1\\u75be\\u75c5\\u6b7b\\u4ea1\\u6216\\u8005\\u572848\\u5c0f\\u65f6\\u4e4b\\u5185\\u7ecf\\u62a2\\u6551\\u65e0\\u6548\\u6b7b\\u4ea1\\u7684\",\"\\u5728\\u62a2\\u9669\\u6551\\u707e\\u7b49\\u7ef4\\u62a4\\u56fd\\u5bb6\\u5229\\u76ca\\u3001\\u516c\\u5171\\u5229\\u76ca\\u6d3b\\u52a8\\u4e2d\\u53d7\\u5230\\u4f24\\u5bb3\\u7684\",\"\\u804c\\u5de5\\u539f\\u5728\\u519b\\u961f\\u670d\\u5f79\\uff0c\\u56e0\\u6218\\u3001\\u56e0\\u516c\\u8d1f\\u4f24\\u81f4\\u6b8b\\uff0c\\u5df2\\u53d6\\u5f97\\u9769\\u547d\\u4f24\\u6b8b\\u519b\\u4eba\\u8bc1\\uff0c\\u5230\\u7528\\u4eba\\u5355\\u4f4d\\u540e\\u65e7\\u4f24\\u590d\\u53d1\\u7684\",\"\\u56e0\\u5438\\u6bd2\\u8fc7\\u91cf\\u5bfc\\u81f4\\u6b7b\\u4ea1\\u7684\"]', '2', '4', '因吸毒过量导致死亡的', '0', '24', '1490917332', '0', '1');
INSERT INTO `ae_radio` VALUES ('164', '在解除或终止劳动合同后，竞业限制人员到与本单位生产或者经营同类产品、从事同类业务的有竞争关系的其他用人单位的竞业限制期限，不得超过一定期限。该期限为（　　）。', '[\"1\\u5e74\",\"2\\u5e74\",\"3\\u5e74\",\"5\\u5e74\"]', '2', '4', '2年', '0', '24', '1490917332', '0', '1');
INSERT INTO `ae_radio` VALUES ('165', '某企业实行标准工时制。2012年3月，为完成一批订单，企业安排全体职工每工作日延长工作时间2小时，关于企业向职工支付加班工资的下列计算标准中，正确的是（　　）。', '[\"\\u4e0d\\u4f4e\\u4e8e\\u804c\\u5de5\\u672c\\u4eba\\u5c0f\\u65f6\\u5de5\\u8d44\\u6807\\u51c6\\u7684100%\",\"\\u4e0d\\u4f4e\\u4e8e\\u804c\\u5de5\\u672c\\u4eba\\u5c0f\\u65f6\\u5de5\\u8d44\\u6807\\u51c6\\u7684150%\",\"\\u4e0d\\u4f4e\\u4e8e\\u804c\\u5de5\\u672c\\u4eba\\u5c0f\\u65f6\\u5de5\\u8d44\\u6807\\u51c6\\u7684200%\",\"\\u4e0d\\u4f4e\\u4e8e\\u804c\\u5de5\\u672c\\u4eba\\u5c0f\\u65f6\\u5de5\\u8d44\\u6807\\u51c6\\u7684300%\"]', '2', '4', '不低于职工本人小时工资标准的150%', '0', '24', '1490917332', '0', '1');
INSERT INTO `ae_radio` VALUES ('166', '根据票据法律制度的规定，某公司签发商业汇票时出现的下列情形中，导致该汇票无效的是（　　）。', '0', '2', '4', '汇票上金额记载为“不超过50万元”', '0', '25', '1490917332', '0', '1');
INSERT INTO `ae_radio` VALUES ('167', '出票人在汇票上记载“不得转让”字样的，该记载属于（　　）。', '[\"\\u4e0d\\u53d1\\u751f\\u7968\\u636e\\u6cd5\\u4e0a\\u7684\\u6548\\u529b\",\"\\u4e0d\\u5f97\\u8bb0\\u8f7d\\u4e8b\\u9879\",\"\\u4efb\\u610f\\u8bb0\\u8f7d\\u4e8b\\u9879\",\"\\u76f8\\u5bf9\\u8bb0\\u8f7d\\u4e8b\\u9879\"]', '2', '4', '任意记载事项', '0', '25', '1490917332', '0', '1');
INSERT INTO `ae_radio` VALUES ('168', '根据支付结算法律制度的规定，下列关于网上银行的表述中，错误的是（　　）。', '[\"\\u6309\\u4e3b\\u8981\\u670d\\u52a1\\u5bf9\\u8c61\\u5206\\u4e3a\\u4f01\\u4e1a\\u7f51\\u4e0a\\u94f6\\u884c\\u548c\\u4e2a\\u4eba\\u7f51\\u4e0a\\u94f6\\u884c\",\"\\u6309\\u4e1a\\u52a1\\u79cd\\u7c7b\\u5206\\u4e3a\\u96f6\\u552e\\u94f6\\u884c\\u548c\\u6279\\u53d1\\u94f6\\u884c\",\"\\u6309\\u7ecf\\u8425\\u7ec4\\u7ec7\\u5206\\u4e3a\\u5206\\u652f\\u578b\\u7f51\\u4e0a\\u94f6\\u884c\\u548c\\u4e3b\\u5e72\\u578b\\u7f51\\u4e0a\\u94f6\\u884c\",\"\\u4e2a\\u4eba\\u7f51\\u4e0a\\u94f6\\u884c\\u4e3b\\u8981\\u9002\\u5e94\\u4e8e\\u4e2a\\u4eba\\u4e0e\\u5bb6\\u5ead\\uff0c\\u4e2a\\u4eba\\u53ef\\u4ee5\\u901a\\u8fc7\\u4e2a\\u4eba\\u7f51\\u7edc\\u94f6\\u884c\\u5b9e\\u65f6\\u67e5\\u8be2\\u3001\\u8f6c\\u8d26\\u3001\\u7f51\\u7edc\\u652f\\u4ed8\\u548c\\u6c47\\u6b3e\\u529f\\u80fd\"]', '2', '4', '按经营组织分为分支型网上银行和主干型网上银行', '0', '25', '1490917332', '0', '1');
INSERT INTO `ae_radio` VALUES ('169', '下列关于银行卡清算市场的表述中，说法正确的是（　　）。', '[\"\\u6211\\u56fd\\u5f00\\u653e\\u94f6\\u884c\\u5361\\u6e05\\u7b97\\u5e02\\u573a\\uff0c\\u6240\\u6709\\u5185\\u5916\\u8d44\\u4f01\\u4e1a\\u5747\\u53ef\\u7533\\u8bf7\\u5728\\u4e2d\\u56fd\\u5883\\u5185\\u8bbe\\u7acb\\u94f6\\u884c\\u5361\\u6e05\\u7b97\\u673a\\u6784\",\"\\u76ee\\u524d\\u4e2d\\u56fd\\u94f6\\u8054\\u80a1\\u4efd\\u6709\\u9650\\u516c\\u53f8\\uff0c\\u662f\\u552f\\u4e00\\u7ecf\\u56fd\\u52a1\\u9662\\u540c\\u610f\\uff0c\\u7531\\u4e2d\\u56fd\\u4eba\\u6c11\\u94f6\\u884c\\u6279\\u51c6\\u8bbe\\u7acb\\u7684\\u94f6\\u884c\\u5361\\u6e05\\u7b97\\u673a\\u6784\",\"\\u7533\\u8bf7\\u6210\\u4e3a\\u94f6\\u884c\\u5361\\u6e05\\u7b97\\u673a\\u6784\\u7684\\uff0c\\u6ce8\\u518c\\u8d44\\u672c\\u4e0d\\u4f4e\\u4e8e20\\u4ebf\\u5143\\u4eba\\u6c11\\u5e01\",\"\\u7b26\\u5408\\u6761\\u4ef6\\u7684\\u673a\\u6784\\u7ecf\\u56fd\\u52a1\\u9662\\u540c\\u610f\\u540e\\u4e88\\u4ee5\\u6279\\u51c6\\uff0c\\u4f9d\\u6cd5\\u53d6\\u5f97\\u201c\\u94f6\\u884c\\u5361\\u6e05\\u7b97\\u4e1a\\u52a1\\u8bb8\\u53ef\\u8bc1\\u201d\"]', '2', '4', '目前中国银联股份有限公司，是唯一经国务院同意，由中国人民银行批准设立的银行卡清算机构', '0', '25', '1490917332', '0', '1');
INSERT INTO `ae_radio` VALUES ('170', '根据支付结算法律制度的规定，下列关于第三方支付的说法中，错误的是（　　）。', '[\"\\u7ebf\\u4e0a\\u652f\\u4ed8\\u662f\\u6307\\u901a\\u8fc7\\u4e92\\u8054\\u7f51\\u5b9e\\u73b0\\u7684\\u7528\\u6237\\u548c\\u5546\\u6237\\u3001\\u5546\\u6237\\u548c\\u5546\\u6237\\u4e4b\\u95f4\\u5728\\u7ebf\\u8d27\\u5e01\\u652f\\u4ed8\\u3001\\u8d44\\u91d1\\u6e05\\u7b97\\u3001\\u67e5\\u8be2\\u7edf\\u8ba1\\u8fc7\\u7a0b\",\"\\u76ee\\u524d\\u7b2c\\u4e09\\u65b9\\u652f\\u4ed8\\u673a\\u6784\\u4e3b\\u8981\\u6709\\u91d1\\u878d\\u578b\\u652f\\u4ed8\\u4f01\\u4e1a\\u548c\\u4e92\\u8054\\u7f51\\u578b\\u652f\\u4ed8\\u4f01\\u4e1a\\u4e24\\u7c7b\\u6a21\\u5f0f\",\"\\u5728\\u7b2c\\u4e09\\u65b9\\u652f\\u4ed8\\u6a21\\u5f0f\\u4e0b\\uff0c\\u652f\\u4ed8\\u8005\\u5fc5\\u987b\\u5728\\u7b2c\\u4e09\\u65b9\\u652f\\u4ed8\\u673a\\u6285\\u5e73\\u53f0\\u4e0a\\u5f00\\u7acb\\u8d26\\u6237\",\"\\u7b2c\\u4e09\\u65b9\\u5e73\\u53f0\\u7ed3\\u7b97\\u652f\\u4ed8\\u6a21\\u5f0f\\u7684\\u8d44\\u91d1\\u5212\\u62e8\\u662f\\u5728\\u5e73\\u53f0\\u5185\\u90e8\\u8fdb\\u884c\\u7684\\uff0c\\u6b64\\u65f6\\u5212\\u62e8\\u7684\\u662f\\u5b9e\\u9645\\u7684\\u8d44\\u91d1\"]', '2', '4', '第三方平台结算支付模式的资金划拨是在平台内部进行的，此时划拨的是实际的资金', '0', '25', '1490917332', '0', '1');
INSERT INTO `ae_radio` VALUES ('171', '下列说法中，正确的是（　　）。', '[\"\\u7968\\u636e\\u503a\\u52a1\\u4eba\\u53ef\\u4ee5\\u4ee5\\u81ea\\u5df1\\u4e0e\\u51fa\\u7968\\u4eba\\u6216\\u8005\\u4e0e\\u6301\\u7968\\u4eba\\u7684\\u524d\\u624b\\u4e4b\\u95f4\\u7684\\u6297\\u8fa9\\u4e8b\\u7531\\uff0c\\u5bf9\\u6297\\u6301\\u7968\\u4eba\",\"\\u6301\\u7968\\u4eba\\u672a\\u6309\\u7167\\u89c4\\u5b9a\\u671f\\u9650\\u63d0\\u793a\\u4ed8\\u6b3e\\u7684\\uff0c\\u4ed8\\u6b3e\\u4eba\\u7684\\u7968\\u636e\\u8d23\\u4efb\\u89e3\\u9664\",\"\\u6301\\u7968\\u4eba\\u59d4\\u6258\\u7684\\u6536\\u6b3e\\u94f6\\u884c\\u7684\\u8d23\\u4efb\\uff0c\\u9650\\u4e8e\\u6309\\u7167\\u7968\\u636e\\u4e0a\\u8bb0\\u8f7d\\u4e8b\\u9879\\u5c06\\u7968\\u636e\\u91d1\\u989d\\u8f6c\\u5165\\u6301\\u7968\\u4eba\\u8d26\\u6237\",\"\\u4ed8\\u6b3e\\u4eba\\u59d4\\u6258\\u7684\\u4ed8\\u6b3e\\u94f6\\u884c\\u7684\\u8d23\\u4efb\\uff0c\\u9650\\u4e8e\\u6309\\u7167\\u7968\\u636e\\u4e0a\\u8bb0\\u8f7d\\u4e8b\\u9879\\u4ece\\u4ed8\\u6b3e\\u4eba\\u8d26\\u6237\\u652f\\u4ed8\\u7968\\u636e\\u91d1\\u989d\\uff0c\\u4e0d\\u5fc5\\u5ba1\\u67e5\\u80cc\\u4e66\\u8fde\\u7eed\"]', '2', '4', '持票人委托的收款银行的责任，限于按照票据上记载事项将票据金额转入持票人账户', '0', '25', '1490917332', '0', '1');
INSERT INTO `ae_radio` VALUES ('172', '乙公司在与甲公司交易中获得300万元的汇票一张，付款人为丙公司。乙公司请求承兑时，丙公司在汇票上签注：“承兑。甲公司款到后支付。” 根据票据法律制度的规定，下列关于丙公司付款责任的表述中，正确的是（　　）。', '[\"\\u4e19\\u516c\\u53f8\\u5df2\\u7ecf\\u627f\\u5151\\uff0c\\u5e94\\u627f\\u62c5\\u4ed8\\u6b3e\\u8d23\\u4efb\",\"\\u5e94\\u89c6\\u4e3a\\u4e19\\u516c\\u53f8\\u62d2\\u7edd\\u627f\\u5151\\uff0c\\u4e19\\u516c\\u53f8\\u4e0d\\u627f\\u62c5\\u4ed8\\u6b3e\\u8d23\\u4efb\",\"\\u7532\\u516c\\u53f8\\u7ed9\\u4e19\\u516c\\u53f8\\u4ed8\\u6b3e\\u540e\\uff0c\\u4e19\\u516c\\u53f8\\u624d\\u627f\\u62c5\\u4ed8\\u6b3e\\u8d23\\u4efb\",\"\\u6309\\u7532\\u516c\\u53f8\\u7ed9\\u4e19\\u516c\\u53f8\\u4ed8\\u6b3e\\u7684\\u591a\\u5c11\\u786e\\u5b9a\\u4e19\\u516c\\u53f8\\u5e94\\u627f\\u62c5\\u7684\\u4ed8\\u6b3e\\u8d23\\u4efb\"]', '2', '4', '应视为丙公司拒绝承兑，丙公司不承担付款责任', '0', '25', '1490917332', '0', '1');
INSERT INTO `ae_radio` VALUES ('173', '下列说法中，正确的是（　　）。', '[\"\\u7968\\u636e\\u6743\\u5229\\u65f6\\u6548\\u671f\\u95f4\\u662f\\u6307\\u63d0\\u793a\\u4ed8\\u6b3e\\u671f\\u95f4\",\"\\u6301\\u7968\\u4eba\\u5bf9\\u652f\\u7968\\u51fa\\u7968\\u4eba\\u7684\\u6743\\u5229\\uff0c\\u81ea\\u51fa\\u7968\\u65e5\\u8d773\\u4e2a\\u6708\",\"\\u6301\\u7968\\u4eba\\u5bf9\\u524d\\u624b\\u7684\\u518d\\u8ffd\\u7d22\\u6743\\uff0c\\u81ea\\u6e05\\u507f\\u65e5\\u6216\\u8005\\u88ab\\u63d0\\u8d77\\u8bc9\\u8bbc\\u4e4b\\u65e5\\u8d773\\u4e2a\\u6708\",\"\\u6301\\u7968\\u4eba\\u5bf9\\u524d\\u624b\\u7684\\u8ffd\\u7d22\\u6743\\uff0c\\u5728\\u88ab\\u62d2\\u7edd\\u627f\\u5151\\u6216\\u8005\\u88ab\\u62d2\\u7edd\\u4ed8\\u6b3e\\u4e4b\\u65e5\\u8d773\\u4e2a\\u6708\"]', '2', '4', '持票人对前手的再追索权，自清偿日或者被提起诉讼之日起3个月', '0', '25', '1490917332', '0', '1');
INSERT INTO `ae_radio` VALUES ('174', '根据支付结算法律制度的规定，下列关于公示催告的表述中，不正确的是（　　）。', '[\"\\u5229\\u5bb3\\u5173\\u7cfb\\u4eba\\u5e94\\u5f53\\u5728\\u516c\\u793a\\u50ac\\u544a\\u671f\\u95f4\\u5411\\u4eba\\u6c11\\u6cd5\\u9662\\u7533\\u62a5\\uff0c\\u4eba\\u6c11\\u6cd5\\u9662\\u6536\\u5230\\u5229\\u5bb3\\u5173\\u7cfb\\u4eba\\u7684\\u7533\\u62a5\\u540e\\uff0c\\u5e94\\u5f53\\u88c1\\u5b9a\\u7ec8\\u7ed3\\u516c\\u793a\\u50ac\\u544a\\u7a0b\\u5e8f\\uff0c\\u5e76\\u901a\\u77e5\\u7533\\u8bf7\\u4eba\\u548c\\u4ed8\\u6b3e\\u4eba\",\"\\u516c\\u793a\\u50ac\\u544a\\u671f\\u95f4\\u5c4a\\u6ee1\\u4ee5\\u540e\\uff0c\\u6ca1\\u6709\\u4eba\\u7533\\u62a5\\u7684\\uff0c\\u4eba\\u6c11\\u6cd5\\u9662\\u5e94\\u5f53\\u6839\\u636e\\u7533\\u8bf7\\u4eba\\u7684\\u7533\\u8bf7\\uff0c\\u4f5c\\u51fa\\u9664\\u6743\\u5224\\u51b3\\uff0c\\u5ba3\\u544a\\u7968\\u636e\\u65e0\\u6548\",\"\\u5224\\u51b3\\u5e94\\u5f53\\u516c\\u544a\\uff0c\\u5e76\\u901a\\u77e5\\u652f\\u4ed8\\u4eba\\uff0c\\u81ea\\u5224\\u51b3\\u516c\\u544a\\u4e4b\\u65e5\\u8d77\\uff0c\\u7533\\u8bf7\\u4eba\\u6709\\u6743\\u5411\\u652f\\u4ed8\\u4eba\\u8bf7\\u6c42\\u652f\\u4ed8\",\"\\u5229\\u5bb3\\u5173\\u7cfb\\u4eba\\u56e0\\u6b63\\u5f53\\u7406\\u7531\\u4e0d\\u80fd\\u5728\\u5224\\u51b3\\u524d\\u5411\\u4eba\\u6c11\\u6cd5\\u9662\\u7533\\u62a5\\u7684\\uff0c\\u81ea\\u77e5\\u9053\\u6216\\u8005\\u5e94\\u5f53\\u77e5\\u9053\\u5224\\u51b3\\u516c\\u544a\\u4e4b\\u65e5\\u8d772\\u5e74\\u5185\\uff0c\\u53ef\\u4ee5\\u5411\\u4f5c\\u51fa\\u5224\\u51b3\\u7684\\u4eba\\u6c11\\u6cd5\\u9662\\u8d77\\u8bc9\"]', '2', '4', '利害关系人因正当理由不能在判决前向人民法院申报的，自知道或者应当知道判决公告之日起2年内，可以向作出判决的人民法院起诉', '0', '25', '1490917332', '0', '1');
INSERT INTO `ae_radio` VALUES ('175', '张某因采购货物签发一张票据给王某，胡某从王某处窃取该票据，陈某明知胡某系窃取所得但仍受让该票据，并将其赠与不知情的黄某，下列取得票据的当事人中，享有票据权利的是（　　）。', '[\"\\u738b\\u67d0\",\"\\u80e1\\u67d0\",\"\\u9648\\u67d0\",\"\\u9ec4\\u67d0\"]', '2', '4', '王某', '0', '25', '1490917332', '0', '1');
INSERT INTO `ae_radio` VALUES ('176', '根据支付结算法律制度的规定，下列票据欺诈行为中，属于伪造票据的是（　　）。', '0', '2', '4', '假冒出票人在票据上签', '0', '25', '1490917332', '0', '1');
INSERT INTO `ae_radio` VALUES ('177', '下列有关基本存款账户的说法中，错误的是（　　）。', '[\"\\u5355\\u4f4d\\u8bbe\\u7acb\\u7684\\u72ec\\u7acb\\u6838\\u7b97\\u7684\\u9644\\u5c5e\\u673a\\u6784\\u53ef\\u4ee5\\u7533\\u8bf7\\u5f00\\u7acb\\u57fa\\u672c\\u5b58\\u6b3e\\u8d26\\u6237\",\"\\u5c45\\u6c11\\u59d4\\u5458\\u4f1a\\u3001\\u6751\\u6c11\\u59d4\\u5458\\u4f1a\\u3001\\u793e\\u533a\\u59d4\\u5458\\u4f1a\\u5747\\u53ef\\u4ee5\\u7533\\u8bf7\\u5f00\\u7acb\\u57fa\\u672c\\u5b58\\u6b3e\\u8d26\\u6237\",\"\\u57fa\\u672c\\u5b58\\u6b3e\\u8d26\\u6237\\u662f\\u5b58\\u6b3e\\u4eba\\u56e0\\u529e\\u7406\\u65e5\\u5e38\\u8f6c\\u8d26\\u7ed3\\u7b97\\u548c\\u73b0\\u91d1\\u6536\\u4ed8\\u9700\\u8981\\u5f00\\u7acb\\u7684\\u94f6\\u884c\\u7ed3\\u7b97\\u8d26\\u6237\",\"\\u4f01\\u4e1a\\u6cd5\\u4eba\\u5f00\\u7acb\\u57fa\\u672c\\u5b58\\u6b3e\\u8d26\\u6237\\u7684\\uff0c\\u5e94\\u51fa\\u5177\\u4f01\\u4e1a\\u6cd5\\u4eba\\u8425\\u4e1a\\u6267\\u7167\\u526f\\u672c\"]', '2', '4', '企业法人开立基本存款账户的，应出具企业法人营业执照副本', '0', '25', '1490917332', '0', '1');
INSERT INTO `ae_radio` VALUES ('178', '下列可以作为中介机构办理支付结算业务的是（　　）。', '[\"\\u4ece\\u4e8b\\u6295\\u8d44\\u54a8\\u8be2\\u670d\\u52a1\\u7684\\u80a1\\u4efd\\u6709\\u9650\\u516c\\u53f8\",\"\\u62c5\\u4fdd\\u516c\\u53f8\",\"\\u8bc1\\u5238\\u516c\\u53f8\",\"\\u94f6\\u884c\"]', '2', '4', '银行', '0', '25', '1490917332', '0', '1');
INSERT INTO `ae_radio` VALUES ('179', '关于消费税的有关规定，下列陈述不正确的是（　　）。', '[\"\\u7528\\u4e8e\\u62b5\\u507f\\u503a\\u52a1\\u7684\\u5e94\\u7a0e\\u6d88\\u8d39\\u54c1\\uff0c\\u4f7f\\u7528\\u6700\\u9ad8\\u9500\\u552e\\u4ef7\\u683c\\u4f5c\\u4e3a\\u8ba1\\u7a0e\\u4f9d\\u636e\",\"\\u5564\\u9152\\u5305\\u88c5\\u7269\\u62bc\\u91d1\\u903e\\u671f\\u65f6\\uff0c\\u7f34\\u7eb3\\u6d88\\u8d39\\u7a0e\",\"\\u81ea\\u4ea7\\u81ea\\u7528\\u5e94\\u7a0e\\u6d88\\u8d39\\u54c1\\u7684\\uff0c\\u8ba1\\u7a0e\\u6570\\u91cf\\u4e3a\\u5e94\\u7a0e\\u6d88\\u8d39\\u54c1\\u7684\\u79fb\\u9001\\u4f7f\\u7528\\u6570\\u91cf\",\"\\u9152\\u7c7b\\u751f\\u4ea7\\u4f01\\u4e1a\\u5411\\u5546\\u4e1a\\u9500\\u552e\\u5355\\u4f4d\\u6536\\u53d6\\u7684\\u201c\\u54c1\\u724c\\u4f7f\\u7528\\u8d39\\u201d\\u7f34\\u7eb3\\u6d88\\u8d39\\u7a0e\"]', '2', '4', '啤酒包装物押金逾期时，缴纳消费税', '0', '26', '1490917332', '0', '1');
INSERT INTO `ae_radio` VALUES ('180', '根据增值税法律制度的规定，下列支付的运费中不允许抵扣增值税进项税额的是（　　）。', '[\"\\u8d2d\\u8fdb\\u519c\\u6c11\\u4e13\\u4e1a\\u5408\\u4f5c\\u793e\\u9500\\u552e\\u7684\\u519c\\u4ea7\\u54c1\\u652f\\u4ed8\\u7684\\u8fd0\\u8f93\\u8d39\\u7528\",\"\\u5916\\u8d2d\\u7528\\u4e8e\\u804c\\u5de5\\u98df\\u5802\\u7684\\u9910\\u996e\\u8bbe\\u5907\\u652f\\u4ed8\\u7684\\u8fd0\\u8f93\\u8d39\\u7528\",\"\\u5916\\u8d2d\\u81ea\\u7528\\u5c0f\\u6c7d\\u8f66\\u652f\\u4ed8\\u7684\\u8fd0\\u8f93\\u8d39\\u7528\",\"\\u6536\\u8d2d\\u514d\\u7a0e\\u519c\\u4ea7\\u54c1\\u652f\\u4ed8\\u7684\\u8fd0\\u8f93\\u8d39\\u7528\"]', '2', '4', '外购用于职工食堂的餐饮设备支付的运输费用', '0', '26', '1490917332', '0', '1');
INSERT INTO `ae_radio` VALUES ('181', '某生产企业为增值税一般纳税人，2013年10月从国外进口一批原材料，海关核定的关税完税价格为200万元。已知进口关税税率为10%,增值税税率为17％。该公司进口环节应纳增值税税额的下列计算中，正确的是（　　）。', '[\"200\\u00d710%\\u00d717%=3.4\\u4e07\\u5143\",\"\\uff08200\\u00d710%\\uff0b200\\uff09\\u00d717%=37.4\\u4e07\\u5143\",\"200\\u00d710%\\u00f7\\uff081\\uff0b17%\\uff09\\u00d717%=2.91\\u4e07\\u5143\",\"\\uff08200\\u00d710%\\uff0b200\\uff09\\u00f7\\uff081\\uff0b17%\\uff09\\u00d717%=31.97\\u4e07\\u5143\"]', '2', '4', '（200×10%＋200）×17%=37.4万元', '0', '26', '1490917332', '0', '1');
INSERT INTO `ae_radio` VALUES ('182', '根据增值税法律制度的规定，下列行为中，不属于视同销售货物征收增值税的是（　　）。', '[\"\\u5c06\\u5916\\u8d2d\\u8d27\\u7269\\u5206\\u914d\\u7ed9\\u6295\\u8d44\\u8005\",\"\\u5c06\\u5916\\u8d2d\\u8d27\\u7269\\u7528\\u4e8e\\u96c6\\u4f53\\u798f\\u5229\",\"\\u5c06\\u5916\\u8d2d\\u8d27\\u7269\\u65e0\\u507f\\u8d60\\u9001\\u4ed6\\u4eba\",\"\\u5c06\\u5916\\u8d2d\\u8d27\\u7269\\u4f5c\\u4e3a\\u6295\\u8d44\\u63d0\\u4f9b\\u7ed9\\u4e2a\\u4f53\\u5de5\\u5546\\u6237\"]', '2', '4', '将外购货物用于集体福利', '0', '26', '1490917332', '0', '1');
INSERT INTO `ae_radio` VALUES ('183', '根据增值税的现行规定，下列货物销售，不适用13%增值税的税率的是（　　）。', '[\"\\u98df\\u7528\\u690d\\u7269\\u6cb9\",\"\\u6696\\u6c14\\u3001\\u70ed\\u6c34\",\"\\u517b\\u6b96\\u7684\\u6c34\\u4ea7\\u54c1\",\"\\u7535\\u52a8\\u6c7d\\u8f66\"]', '2', '4', '电动汽车', '0', '26', '1490917332', '0', '1');
INSERT INTO `ae_radio` VALUES ('184', '根据营改增的相关规定，下列各项中，属于在中国境内提供应税服务的是（　　）。', '[\"\\u5883\\u5916\\u5355\\u4f4d\\u5411\\u5883\\u5185\\u5355\\u4f4d\\u63d0\\u4f9b\\u5b8c\\u5168\\u5728\\u5883\\u5916\\u6d88\\u8d39\\u7684\\u5e94\\u7a0e\\u670d\\u52a1\",\"\\u5883\\u5916\\u4e2a\\u4eba\\u5411\\u5883\\u5185\\u4e2a\\u4eba\\u51fa\\u79df\\u5b8c\\u5168\\u5728\\u5883\\u5916\\u4f7f\\u7528\\u7684\\u6709\\u5f62\\u52a8\\u4ea7\",\"\\u5883\\u5185\\u5355\\u4f4d\\u5411\\u5883\\u5185\\u4e2a\\u4eba\\u63d0\\u4f9b\\u5b8c\\u5168\\u5728\\u5883\\u5916\\u6d88\\u8d39\\u7684\\u5e94\\u7a0e\\u670d\\u52a1\",\"\\u5883\\u5916\\u5355\\u4f4d\\u5411\\u5883\\u5916\\u5355\\u4f4d\\u51fa\\u79df\\u5b8c\\u5168\\u5728\\u5883\\u5916\\u4f7f\\u7528\\u7684\\u6709\\u5f62\\u52a8\\u4ea7\"]', '2', '4', '境内单位向境内个人提供完全在境外消费的应税服务', '0', '26', '1490917332', '0', '1');
INSERT INTO `ae_radio` VALUES ('185', '根据消费税法律制度的规定，下列各项中，不需缴纳消费税的是（　　）。', '0', '2', '4', '将自产的应税消费品连续生产应税消费品', '0', '26', '1490917332', '0', '1');
INSERT INTO `ae_radio` VALUES ('186', '根据消费税的规定，下面理解错误的是（　　）。', '[\"\\u7eb3\\u7a0e\\u4eba\\u751f\\u4ea7\\u7684\\u5e94\\u7a0e\\u6d88\\u8d39\\u54c1\\uff0c\\u4e8e\\u751f\\u4ea7\\u65f6\\u7eb3\\u7a0e\",\"\\u7eb3\\u7a0e\\u4eba\\u81ea\\u4ea7\\u7684\\u5e94\\u7a0e\\u6d88\\u8d39\\u54c1\\uff0c\\u7528\\u4e8e\\u8fde\\u7eed\\u751f\\u4ea7\\u5e94\\u7a0e\\u6d88\\u8d39\\u54c1\\u7684\\uff0c\\u4e0d\\u7eb3\\u7a0e\",\"\\u7eb3\\u7a0e\\u4eba\\u81ea\\u4ea7\\u81ea\\u7528\\u7684\\u5e94\\u7a0e\\u6d88\\u8d39\\u54c1\\uff0c\\u9664\\u7528\\u4e8e\\u8fde\\u7eed\\u751f\\u4ea7\\u5e94\\u7a0e\\u6d88\\u8d39\\u54c1\\u5916\\u7684\\u5176\\u4ed6\\u65b9\\u9762\\u7684\\uff0c\\u4e8e\\u79fb\\u9001\\u4f7f\\u7528\\u65f6\\u7eb3\\u7a0e\",\"\\u8fdb\\u53e3\\u7684\\u5e94\\u7a0e\\u6d88\\u8d39\\u54c1\\uff0c\\u4e8e\\u62a5\\u5173\\u8fdb\\u53e3\\u65f6\\u7eb3\\u7a0e\"]', '2', '4', '纳税人生产的应税消费品，于生产时纳税', '0', '26', '1490917332', '0', '1');
INSERT INTO `ae_radio` VALUES ('187', '根据消费税法律制度的规定，下列各项中，应征收消费税的是（　　）。', '[\"\\u96f6\\u552e\\u73af\\u8282\\u9500\\u552e\\u7684\\u5377\\u70df\",\"\\u96f6\\u552e\\u73af\\u8282\\u9500\\u552e\\u7684\\u97ad\\u70ae\",\"\\u751f\\u4ea7\\u73af\\u8282\\u9500\\u552e\\u7684\\u91d1\\u94f6\\u9996\\u9970\",\"\\u8fdb\\u53e3\\u73af\\u8282\\u8d2d\\u8fdb\\u7684\\u5c0f\\u6c7d\\u8f66\"]', '2', '4', '进口环节购进的小汽车', '0', '26', '1490917332', '0', '1');
INSERT INTO `ae_radio` VALUES ('188', '某卷烟生产企业为增值税一般纳税人，2014年12月销售乙类卷烟1500标准条，取得含增值税销售额87750元。已知乙类卷烟消费税比例税率为36%，定额税率为0.003元／支，1标准条有200支；增值税税率为17%。则该企业当月应纳消费税税额为（　　）元。', '[\"27000\",\"27900\",\"31590\",\"32490\"]', '2', '4', '27900', '0', '26', '1490917332', '0', '1');
INSERT INTO `ae_radio` VALUES ('189', '某汽车贸易公司2015年11月从国外进口小汽车50辆，海关核定的每辆小汽车关税完税价为28万元，已知小汽车关税税率为20%，消费税税率为25%。则该公司进口小汽车应纳消费税税额是（　　）万元。', '[\"560\",\"420\",\"350\",\"280\"]', '2', '4', '560', '0', '26', '1490917332', '0', '1');
INSERT INTO `ae_radio` VALUES ('190', '某企业雇员王某2014年10月29日与企业解除劳动合同关系，王某在本企业工作年限9年，领取经济补偿金87500元，当地上年职工平均工资为1万元。王某应缴纳的个人所得税约为（　　）元。', '[\"3725\",\"3985.04\",\"4800\",\"1655\"]', '2', '4', '1655', '0', '27', '1490917332', '0', '1');
INSERT INTO `ae_radio` VALUES ('191', '某个体工商户2013年的营业收入为600万元，销售成本200万；实际支出广告费和业务宣传费为100万元，根据个人所得税法律的规定，在计算2013年的应纳税所得额时允许扣除的广告费和业务宣传费是（　　）万元。', '[\"40\",\"60\",\"90\",\"100\"]', '2', '4', '90', '0', '27', '1490917332', '0', '1');
INSERT INTO `ae_radio` VALUES ('192', '根据企业所得税法律制度的规定，企业的下列所得中不符合免征、减征企业所得税条件的是（　　）。', '[\"\\u4ece\\u4e8b\\u519c\\u3001\\u6797\\u3001\\u7267\\u3001\\u6e14\\u4e1a\\u9879\\u76ee\\u7684\\u6240\\u5f97\",\"\\u4ece\\u4e8b\\u7b26\\u5408\\u6761\\u4ef6\\u7684\\u73af\\u5883\\u4fdd\\u62a4\\u3001\\u8282\\u80fd\\u8282\\u6c34\\u9879\\u76ee\\u7684\\u6240\\u5f97\",\"\\u4f01\\u4e1a\\u5185\\u90e8\\u81ea\\u5efa\\u81ea\\u7528\\u7684\\u57fa\\u7840\\u8bbe\\u65bd\\u9879\\u76ee\",\"\\u5916\\u56fd\\u653f\\u5e9c\\u5411\\u4e2d\\u56fd\\u653f\\u5e9c\\u63d0\\u4f9b\\u8d37\\u6b3e\\u53d6\\u5f97\\u7684\\u5229\\u606f\\u6240\\u5f97\"]', '2', '4', '企业内部自建自用的基础设施项目', '0', '27', '1490917332', '0', '1');
INSERT INTO `ae_radio` VALUES ('193', '根据企业所得税法律制度的规定，下列各项中，不属于企业所得税纳税人的是（　　）。', '[\"\\u5728\\u5916\\u56fd\\u6210\\u7acb\\u4f46\\u5b9e\\u9645\\u7ba1\\u7406\\u673a\\u6784\\u5728\\u4e2d\\u56fd\\u5883\\u5185\\u7684\\u4f01\\u4e1a\",\"\\u5728\\u4e2d\\u56fd\\u5883\\u5185\\u6210\\u7acb\\u7684\\u5916\\u5546\\u72ec\\u8d44\\u4f01\\u4e1a\",\"\\u5728\\u4e2d\\u56fd\\u5883\\u5185\\u6210\\u7acb\\u7684\\u5408\\u4f19\\u4f01\\u4e1a\",\"\\u5728\\u4e2d\\u56fd\\u5883\\u5185\\u672a\\u8bbe\\u7acb\\u673a\\u6784\\u3001\\u573a\\u6240\\uff0c\\u4f46\\u6709\\u6765\\u6e90\\u4e8e\\u4e2d\\u56fd\\u5883\\u5185\\u6240\\u5f97\\u7684\\u4f01\\u4e1a\"]', '2', '4', '在中国境内成立的合伙企业', '0', '27', '1490917332', '0', '1');
INSERT INTO `ae_radio` VALUES ('194', '根据企业所得税法律制度的规定，下列关于企业所得税收入表述中，不正确的是（　　）。', '[\"\\u9500\\u552e\\u5546\\u54c1\\u91c7\\u7528\\u6258\\u6536\\u627f\\u4ed8\\u65b9\\u5f0f\\u7684\\uff0c\\u5728\\u529e\\u59a5\\u6258\\u6536\\u624b\\u7eed\\u65f6\\u786e\\u8ba4\\u6536\\u5165\",\"\\u4f01\\u4e1a\\u4fc3\\u9500\\u63d0\\u4f9b\\u7684\\u5546\\u4e1a\\u6298\\u6263\\uff0c\\u5e94\\u6309\\u6298\\u6263\\u540e\\u7684\\u91d1\\u989d\\u8ba1\\u5165\\u4f01\\u4e1a\\u7684\\u6536\\u5165\",\"\\u9500\\u552e\\u5546\\u54c1\\u4ee5\\u65e7\\u6362\\u65b0\\u7684\\uff0c\\u9500\\u552e\\u5546\\u54c1\\u5e94\\u5f53\\u6309\\u7167\\u9500\\u552e\\u5546\\u54c1\\u6536\\u5165\\u786e\\u8ba4\\u6761\\u4ef6\\u786e\\u8ba4\\u6536\\u5165\\uff0c\\u56de\\u6536\\u7684\\u5546\\u54c1\\u4f5c\\u4e3a\\u8d2d\\u8fdb\\u5546\\u54c1\\u5904\\u7406\",\"\\u4f01\\u4e1a\\u4e3a\\u9f13\\u52b1\\u503a\\u52a1\\u4eba\\u5728\\u89c4\\u5b9a\\u671f\\u9650\\u4ed8\\u6b3e\\u63d0\\u4f9b\\u7684\\u73b0\\u91d1\\u6298\\u6263\\uff0c\\u5e94\\u51b2\\u51cf\\u4f01\\u4e1a\\u7684\\u6536\\u5165\"]', '2', '4', '企业为鼓励债务人在规定期限付款提供的现金折扣，应冲减企业的收入', '0', '27', '1490917332', '0', '1');
INSERT INTO `ae_radio` VALUES ('195', '根据企业所得税法律制度的规定，企业的下列收入中，属于不征税收入范围的是（　　）。', '[\"\\u8d22\\u653f\\u62e8\\u6b3e\",\"\\u79df\\u91d1\\u6536\\u5165\",\"\\u4ea7\\u54c1\\u9500\\u552e\\u6536\\u5165\",\"\\u56fd\\u503a\\u5229\\u606f\\u6536\\u5165\"]', '2', '4', '财政拨款', '0', '27', '1490917332', '0', '1');
INSERT INTO `ae_radio` VALUES ('196', '根据个人所得税法律制度的规定，下列收入中，应按“劳务报酬所得”税目缴纳个人所得税的是（　　）。', '[\"\\u9000\\u4f11\\u4eba\\u5458\\u518d\\u4efb\\u804c\\u53d6\\u5f97\\u7684\\u6536\\u5165\",\"\\u4ece\\u975e\\u4efb\\u804c\\u516c\\u53f8\\u53d6\\u5f97\\u7684\\u8463\\u4e8b\\u8d39\\u6536\\u5165\",\"\\u4ece\\u4efb\\u804c\\u516c\\u53f8\\u53d6\\u5f97\\u7684\\u76d1\\u4e8b\\u8d39\\u6536\\u5165\",\"\\u4ece\\u4efb\\u804c\\u516c\\u53f8\\u5173\\u8054\\u4f01\\u4e1a\\u53d6\\u5f97\\u7684\\u76d1\\u4e8b\\u8d39\\u6536\\u5165\"]', '2', '4', '从非任职公司取得的董事费收入', '0', '27', '1490917332', '0', '1');
INSERT INTO `ae_radio` VALUES ('197', '根据个人所得税法律制度的规定，公司职工取得的用于购买企业国有股权的劳动分红，适用的税目为（　　）。', '[\"\\u5de5\\u8d44\\u85aa\\u91d1\\u6240\\u5f97\",\"\\u7279\\u8bb8\\u6743\\u4f7f\\u7528\\u8d39\\u6240\\u5f97\",\"\\u4e2a\\u4f53\\u5de5\\u5546\\u6237\\u7684\\u751f\\u4ea7\\u7ecf\\u8425\\u6240\\u5f97\",\"\\u5229\\u606f\\u80a1\\u606f\\u7ea2\\u5229\\u6240\\u5f97\"]', '2', '4', '工资薪金所得', '0', '27', '1490917332', '0', '1');
INSERT INTO `ae_radio` VALUES ('198', '关于个人独资企业和合伙企业征收个人所得税的管理办法，下列表述正确的是（　　）。', '[\"\\u6295\\u8d44\\u8005\\u5174\\u529e\\u7684\\u4f01\\u4e1a\\u4e2d\\u542b\\u6709\\u5408\\u4f19\\u6027\\u8d28\\u7684\\uff0c\\u6295\\u8d44\\u8005\\u5e94\\u5411\\u767b\\u8bb0\\u6ce8\\u518c\\u5730\\u4e3b\\u7ba1\\u7a0e\\u52a1\\u673a\\u5173\\u7533\\u62a5\\u7eb3\\u7a0e\\uff0c\\u529e\\u7406\\u6c47\\u7b97\\u6e05\\u7f34\",\"\\u5b9e\\u884c\\u6838\\u5b9a\\u5f81\\u6536\\u7684\\u4e2a\\u4eba\\u72ec\\u8d44\\u4f01\\u4e1a\\u7ecf\\u8425\\u591a\\u4e1a\\u7684\\uff0c\\u65e0\\u8bba\\u7ecf\\u8425\\u9879\\u76ee\\u662f\\u5426\\u5355\\u72ec\\u6838\\u7b97\\uff0c\\u5747\\u5e94\\u8be5\\u6839\\u636e\\u4e3b\\u8425\\u9879\\u76ee\\u786e\\u5b9a\\u5176\\u9002\\u7528\\u7684\\u5e94\\u7a0e\\u6240\\u5f97\\u7387\",\"\\u4e2a\\u4eba\\u5408\\u4f19\\u4f01\\u4e1a\\u5728\\u5e74\\u5ea6\\u4e2d\\u95f4\\u5206\\u7acb\\u65f6\\uff0c\\u6295\\u8d44\\u8005\\u5e94\\u5f53\\u5728\\u505c\\u6b62\\u751f\\u4ea7\\u7ecf\\u8425\\u4e4b\\u65e5\\u8d7730\\u65e5\\u5185\\uff0c\\u5411\\u4e3b\\u7ba1\\u7a0e\\u52a1\\u673a\\u5173\\u529e\\u7406\\u5f53\\u671f\\u7684\\u4e2a\\u4eba\\u6240\\u5f97\\u7a0e\\u6c47\\u7b97\\u6e05\\u7f34\",\"\\u5408\\u4f19\\u4f01\\u4e1a\\u6295\\u8d44\\u8005\\u5728\\u9884\\u7f34\\u4e2a\\u4eba\\u6240\\u5f97\\u7a0e\\u65f6\\uff0c\\u5e94\\u5411\\u4e3b\\u7ba1\\u7a0e\\u52a1\\u673a\\u5173\\u62a5\\u9001\\u300a\\u4e2a\\u4eba\\u72ec\\u8d44\\u4f01\\u4e1a\\u548c\\u5408\\u4f19\\u4f01\\u4e1a\\u6295\\u8d44\\u8005\\u4e2a\\u4eba\\u6240\\u5f97\\u7a0e\\u7533\\u62a5\\u8868\\u300b\\u548c\\u300a\\u5408\\u4f19\\u4f01\\u4e1a\\u6295\\u8d44\\u8005\\u4e2a\\u4eba\\u6240\\u5f97\\u7a0e\\u6c47\\u603b\\u7533\\u62a5\\u8868\\u300b\"]', '2', '4', '实行核定征收的个人独资企业经营多业的，无论经营项目是否单独核算，均应该根据主营项目确定其适用的应税所得率', '0', '27', '1490917332', '0', '1');
INSERT INTO `ae_radio` VALUES ('199', '根据个人所得税法律制度的规定，下列所得中，“次”的使用错误的是（　　）。', '[\"\\u4e3a\\u623f\\u5730\\u4ea7\\u4f01\\u4e1a\\u8bbe\\u8ba1\\u56fe\\u7eb8\\u7684\\u6536\\u5165\\u4ee5\\u6bcf\\u6b21\\u63d0\\u4f9b\\u52b3\\u52a1\\u53d6\\u5f97\\u7684\\u6536\\u5165\\u4f5c\\u4e3a\\u4e00\\u6b21\",\"\\u540c\\u4e00\\u4f5c\\u54c1\\u518d\\u7248\\u53d6\\u5f97\\u7684\\u6240\\u5f97\\uff0c\\u6309\\u7167\\u4e00\\u6b21\\u5f81\\u6536\\u8ba1\\u5f81\\u4e2a\\u4eba\\u6240\\u5f97\\u7a0e\",\"\\u79df\\u8d41\\u623f\\u5c4b\\u4ee5\\u4e00\\u4e2a\\u6708\\u7684\\u6536\\u5165\\u4f5c\\u4e3a\\u4e00\\u6b21\",\"\\u5076\\u7136\\u6240\\u5f97\\uff0c\\u4ee5\\u6bcf\\u6b21\\u6536\\u5165\\u4f5c\\u4e3a\\u4e00\\u6b21\"]', '2', '4', '同一作品再版取得的所得，按照一次征收计征个人所得税', '0', '27', '1490917332', '0', '1');
INSERT INTO `ae_radio` VALUES ('200', '根据最新税法的相关规定，个人所得税工资、薪金的计算适用（　　）。', '[\"\\u9002\\u75283\\uff05\\uff0d45\\uff05\\u7684\\u8d85\\u989d\\u7d2f\\u8fdb\\u7a0e\\u7387\",\"\\u9002\\u75285\\uff05\\uff0d35\\uff05\\u7684\\u8d85\\u989d\\u7d2f\\u8fdb\\u7a0e\\u7387\",\"20\\uff05\\u7684\\u6bd4\\u4f8b\\u7a0e\\u7387\",\"\\u9002\\u75285\\uff05\\uff0d45\\uff05\\u7684\\u8d85\\u7387\\u7d2f\\u8fdb\\u7a0e\\u7387\"]', '2', '4', '适用3％－45％的超额累进税率', '0', '27', '1490917332', '0', '1');
INSERT INTO `ae_radio` VALUES ('201', '根据个人所得税法规定，纳税人在自行申报纳税时从两处或两处以上取得工资、薪金的，其纳税地点的选择是（　　）。', '[\"\\u6536\\u5165\\u6765\\u6e90\\u5730\",\"\\u7a0e\\u52a1\\u5c40\\u6307\\u5b9a\\u5730\\u70b9\",\"\\u7eb3\\u7a0e\\u4eba\\u6237\\u7c4d\\u6240\\u5728\\u5730\",\"\\u7eb3\\u7a0e\\u4eba\\u9009\\u62e9\\u56fa\\u5b9a\\u4e00\\u5730\\u7533\\u62a5\\u7eb3\\u7a0e\\ue004\"]', '2', '4', '纳税人选择固定一地申报纳税', '0', '27', '1490917332', '0', '1');
INSERT INTO `ae_radio` VALUES ('202', '根据个人所得税法律的规定，下列各项中，属于个人所得税居民纳税人的是（　　）。', '[\"\\u5728\\u4e2d\\u56fd\\u5883\\u5185\\u65e0\\u4f4f\\u6240\",\"\\u5728\\u4e2d\\u56fd\\u5883\\u5185\\u65e0\\u4f4f\\u6240\\u4e14\\u4e0d\\u5c45\\u4f4f\\u7684\\u4e2a\\u4eba\",\"\\u5728\\u4e2d\\u56fd\\u5883\\u5185\\u65e0\\u4f4f\\u6240\\uff0c\\u800c\\u5728\\u5883\\u5185\\u5c45\\u4f4f\\u8d85\\u8fc76\\u4e2a\\u6708\\u4e0d\\u6ee11\\u5e74\\u7684\\u4e2a\\u4eba\",\"\\u5728\\u4e2d\\u56fd\\u5883\\u5185\\u6709\\u4f4f\\u6240\\u7684\\u4e2a\\u4eba\"]', '2', '4', '在中国境内有住所的个人', '0', '27', '1490917332', '0', '1');
INSERT INTO `ae_radio` VALUES ('203', '企业所得税中关于非居民企业的应纳税所得额的确定，说法不正确的是（　　）。', '[\"\\u8f6c\\u8ba9\\u8d22\\u4ea7\\u6240\\u5f97\\uff0c\\u4ee5\\u6536\\u5165\\u5168\\u989d\\u51cf\\u9664\\u8d22\\u4ea7\\u51c0\\u503c\\u540e\\u7684\\u4f59\\u989d\\u4e3a\\u5e94\\u7eb3\\u7a0e\\u6240\\u5f97\\u989d\",\"\\u80a1\\u606f\\u3001\\u7ea2\\u5229\\u7b49\\u6743\\u76ca\\u6027\\u6295\\u8d44\\u6536\\u76ca\\uff0c\\u4ee5\\u6536\\u5165\\u5168\\u989d\\u4e3a\\u5e94\\u7eb3\\u7a0e\\u6240\\u5f97\\u989d\",\"\\u7279\\u8bb8\\u6743\\u4f7f\\u7528\\u8d39\\u6240\\u5f97\\uff0c\\u4ee5\\u6536\\u5165\\u5168\\u989d\\u4e3a\\u5e94\\u7eb3\\u7a0e\\u6240\\u5f97\\u989d\",\"\\u79df\\u91d1\\uff0c\\u4ee5\\u6536\\u5165\\u51cf\\u53bb\\u51fa\\u79df\\u8fc7\\u7a0b\\u53d1\\u751f\\u7684\\u5408\\u7406\\u8d39\\u7528\\u540e\\u7684\\u4f59\\u989d\\u4e3a\\u5e94\\u7eb3\\u7a0e\\u6240\\u5f97\\u989d\"]', '2', '4', '租金，以收入减去出租过程发生的合理费用后的余额为应纳税所得额', '0', '27', '1490917332', '0', '1');
INSERT INTO `ae_radio` VALUES ('204', '武某是一家上市公司的员工，2013年12月份取得工资薪金所得8500元，其从中拿出2000元通过非营利的社会团体捐赠给严重遭受自然灾害的家乡，则武某当月计算个人所得税的应纳税所得额为（　　）元。', '[\"245\",\"1500\",\"3000\",\"3500\"]', '2', '4', '3500', '0', '27', '1490917332', '0', '1');
INSERT INTO `ae_radio` VALUES ('205', '某作家的一篇小说在北京晚报上连载三个月，3月份取得稿酬收入3000元，4月份取得稿酬收入3000元，5月份取得稿酬收入5000元。该作家三个月所获稿酬应缴纳个人所得税（　　）元。', '[\"1176\",\"1344\",\"1232\",\"1760\"]', '2', '4', '1232', '0', '27', '1490917332', '0', '1');
INSERT INTO `ae_radio` VALUES ('206', '国内某作家完成了一部小说，3月份第一次出版获得稿酬20000元，8月份该小说再版获得稿酬10000元，该作家两次所获稿酬应缴纳个人所得税（　　）元。', '[\"3360\",\"4800\",\"3460\",\"4660\"]', '2', '4', '3360', '0', '27', '1490917332', '0', '1');
INSERT INTO `ae_radio` VALUES ('207', '郑某2014年3月在某公司举行的有奖销售活动中获得奖金5000元，领奖时发生交通费600元、食宿费400元（均由郑某承担）。在颁奖现场郑某直接向某大学图书馆捐款3 000元。已知偶然所得适用的个人所得税税率为20%。郑某中奖收入应缴纳的个人所得税税额为（　　）元。', '[\"0\",\"1600\",\"1800\",\"1000\"]', '2', '4', '1000', '0', '27', '1490917332', '0', '1');
INSERT INTO `ae_radio` VALUES ('208', '某小型运输公司拥有并使用以下车辆：整备质量5吨的载货卡车10辆；整备质量为4吨的汽车挂车5辆。当地政府规定，载货汽车的基准税额为60元/吨，该公司当年应纳车船税为（　　）元。', '[\"3600\",\"4020\",\"4200\",\"4260\"]', '2', '4', '3600', '0', '28', '1490917332', '0', '1');
INSERT INTO `ae_radio` VALUES ('209', '某市一企业2013年6月被查补增值税50000元，所得税60000元，被加收的滞纳金为1000元。该企业应补缴的城市维护建设税和教育费附加为（　　）元。', '[\"5000\",\"7000\",\"8000\",\"10000\"]', '2', '4', '5000', '0', '28', '1490917332', '0', '1');
INSERT INTO `ae_radio` VALUES ('210', '某城市乙企业7月份销售应税货物缴纳增值税34万元、消费税12万元，出售房产缴纳增值税10万元、土地增值税4万元。已知该企业所在地适用的城市维护建设税税率为7%。该企业7月份应缴纳的城市维护建设税为（　　）万元。', '[\"\\uff0834\\uff0b12\\uff0b10\\uff0b4\\uff09\\u00d77%\\uff1d4.20\",\"\\uff0834\\uff0b12\\uff0b10\\uff09\\u00d77%\\uff1d3.92\",\"\\uff0834\\uff0b12\\uff09\\u00d77%\\uff1d3.22\",\"34\\u00d77%\\uff1d2.38\"]', '2', '4', '（34＋12＋10）×7%＝3.92', '0', '28', '1490917332', '0', '1');
INSERT INTO `ae_radio` VALUES ('211', '下列各项中，应缴纳城镇土地使用税的是（　　）。', '[\"\\u519b\\u961f\\u7528\\u4e8e\\u51fa\\u79df\\u7684\\u571f\\u5730\\u5bfa\\u5e99\\u5185\\u5b97\\u6559\\u4eba\\u5458\\u7684\\u5bbf\\u820d\\u7528\\u5730\\u8d22\\u653f\\u62e8\\u4ed8\\u4e8b\\u4e1a\\u7ecf\\u8d39\\u5355\\u4f4d\\u7684\\u5458\\u5de5\\u98df\\u5802\\u7528\\u5730\\u5e02\\u4eba\\u6c11\\u653f\\u5e9c\\u529e\\u516c\\u7528\\u5730\"]', '2', '4', '军队用于出租的土地', '0', '28', '1490917332', '0', '1');
INSERT INTO `ae_radio` VALUES ('212', '下列不属于船舶吨税的税收优惠的是（　　）。', '[\"\\u5e94\\u7eb3\\u7a0e\\u989d\\u662f\\u4eba\\u6c11\\u5e0150\\u5143\\u4ee5\\u4e0b\\u7684\\u8239\\u8236\\u514d\\u7a0e\",\"\\u5428\\u7a0e\\u6267\\u7167\\u671f\\u6ee1\\u540e24\\u5c0f\\u65f6\\u5185\\u4e0d\\u4e0a\\u4e0b\\u5ba2\\u8d27\\u7684\\u8239\\u8236\\u514d\\u7a0e\",\"\\u519b\\u961f\\u3001\\u6b66\\u88c5\\u8b66\\u5bdf\\u90e8\\u961f\\u4e13\\u7528\\u6216\\u8005\\u5f81\\u7528\\u7684\\u8239\\u8236\\u514d\\u7a0e\",\"\\u81ea\\u5883\\u5916\\u4ee5\\u8d2d\\u4e70\\u3001\\u53d7\\u8d60\\u3001\\u7ee7\\u627f\\u7b49\\u65b9\\u5f0f\\u53d6\\u5f97\\u8239\\u8236\\u6240\\u6709\\u6743\\u7684\\u8fdb\\u53e3\\u5230\\u6e2f\\u7684\\u7a7a\\u8f7d\\u8239\\u8236\"]', '2', '4', '自境外以购买、受赠、继承等方式取得船舶所有权的进口到港的空载船舶', '0', '28', '1490917332', '0', '1');
INSERT INTO `ae_radio` VALUES ('213', '根据耕地占用税法律制度的规定，下列各项中，免征耕地占用税的是（　　）。', '[\"\\u98de\\u673a\\u573a\\u5360\\u7528\\u8015\\u5730\\u4fee\\u5efa\\u8dd1\\u9053\",\"\\u519c\\u6751\\u5c45\\u6c11\\u5360\\u7528\\u8015\\u5730\\u5efa\\u9020\\u65b0\\u623f\",\"\\u517b\\u8001\\u9662\\u5360\\u7528\\u7684\\u8015\\u5730\",\"\\u5b66\\u6821\\u9644\\u8bbe\\u7684\\u5c0f\\u5356\\u90e8\\u5360\\u7528\\u7684\\u8015\\u5730\"]', '2', '4', '养老院占用的耕地', '0', '28', '1490917332', '0', '1');
INSERT INTO `ae_radio` VALUES ('214', '境内一单位将一批货物运往境外加工，出境时向海关报明价值1000元；支付境外加工费600元，料件费500元；支付复运进境的运输费500元和保险费100元。该货物适用关税税率10%，则该单位应缴纳的进口关税为（　　）元。', '[\"170\",\"110\",\"250\",\"390\"]', '2', '4', '170', '0', '28', '1490917332', '0', '1');
INSERT INTO `ae_radio` VALUES ('215', '某矿业公司开采销售应税矿产品，资源税实行从量计征，则该公司计征资源税的课税数量是（　　）。', '[\"\\u5b9e\\u9645\\u4ea7\\u91cf\",\"\\u53d1\\u8d27\\u6570\\u91cf\",\"\\u8ba1\\u5212\\u4ea7\\u91cf\",\"\\u9500\\u552e\\u6570\\u91cf\"]', '2', '4', '销售数量', '0', '28', '1490917332', '0', '1');
INSERT INTO `ae_radio` VALUES ('216', '下列各项中，不属于土地增值税纳税人的是（　　）。', '[\"\\u4ee5\\u623f\\u4ea7\\u62b5\\u503a\\u7684\\u67d0\\u5de5\\u4e1a\\u4f01\\u4e1a\",\"\\u51fa\\u79df\\u5199\\u5b57\\u697c\\u7684\\u67d0\\u5916\\u8d44\\u623f\\u5730\\u4ea7\\u5f00\\u53d1\\u516c\\u53f8\",\"\\u8f6c\\u8ba9\\u5546\\u4e1a\\u7528\\u623f\\u7684\\u4e2a\\u4eba\",\"\\u8f6c\\u8ba9\\u56fd\\u6709\\u571f\\u5730\\u4f7f\\u7528\\u6743\\u7684\\u67d0\\u5927\\u5b66\"]', '2', '4', '出租写字楼的某外资房地产开发公司', '0', '28', '1490917332', '0', '1');
INSERT INTO `ae_radio` VALUES ('217', '甲公司转让一幢位于城区的旧写字楼，原造价1500万元，取得土地使用权所支付的地价款及相关费用为400万。经房地产评估机构评定其重置成本为2000万元，成新度折扣率为七成，转让价格3000 万元，支付有关税费100万元，甲公司应纳土地增值税为（　　）。', '[\"90\\u4e07\\u5143\",\"500\\u4e07\\u5143\",\"215\\u4e07\\u5143\",\"345\\u4e07\\u5143\"]', '2', '4', '345万元', '0', '28', '1490917332', '0', '1');
INSERT INTO `ae_radio` VALUES ('218', '某火电厂总共占地面积80万平方米，其中围墙内占地40万平方米，围墙外灰场占地面积3万平方米，厂区及办公楼占地面积37万平方米，已知该火电厂所在地适用的城镇土地使用税为每平方米年税额1.5元。该火电厂该年应缴纳的城镇土地使用税为（　　）万元。', '[\"37\\u00d71.5=55.5\",\"\\uff0837+3\\uff09\\u00d71.5=60\",\"\\uff0880\\uff0d3\\uff09\\u00d71.5\\uff1d115.5\",\"80\\u00d71.5=120\"]', '2', '4', '（80－3）×1.5＝115.5', '0', '28', '1490917332', '0', '1');
INSERT INTO `ae_radio` VALUES ('219', '赵某2015年4月12日购买了1艘净吨位为200吨的拖船，已知机动船舶净吨位每吨的年基准税额为6元，则赵某2015年应缴纳车船税税额为（　　）元。', '[\"400\",\"450\",\"800\",\"900\"]', '2', '4', '450', '0', '28', '1490917332', '0', '1');
INSERT INTO `ae_radio` VALUES ('220', '根据城镇土地使用税法律制度的规定，下列各项中，不得减免城镇土地使用税的是（　　）。', '[\"\\u5bf9\\u514d\\u7a0e\\u5355\\u4f4d\\u65e0\\u507f\\u4f7f\\u7528\\u7eb3\\u7a0e\\u5355\\u4f4d\\u7684\\u571f\\u5730\",\"\\u516c\\u56ed\\u5185\\u81ea\\u7528\\u7684\\u571f\\u5730\",\"\\u76f4\\u63a5\\u7528\\u4e8e\\u6797\\u4e1a\\u7684\\u751f\\u4ea7\\u7528\\u5730\",\"\\u76d0\\u573a\\u7684\\u751f\\u6d3b\\u533a\\u7528\\u5730\"]', '2', '4', '盐场的生活区用地', '0', '28', '1490917332', '0', '1');
INSERT INTO `ae_radio` VALUES ('221', '根据《税收征收管理法》的规定，对于生产经营规模较小，又确无建账能力，经主管税务机关审核批准可以不设置账簿的小型纳税人，应采用的征收方式是（　　）。', '[\"\\u67e5\\u5b9a\\u5f81\\u6536\",\"\\u67e5\\u9a8c\\u5f81\\u6536\",\"\\u4ee3\\u6536\\u4ee3\\u7f34\",\"\\u5b9a\\u671f\\u5b9a\\u989d\\u5f81\\u6536\"]', '2', '4', '定期定额征收', '0', '29', '1490917332', '0', '1');
INSERT INTO `ae_radio` VALUES ('222', '甲乙于2015年10月成立一软件企业，并于10月11日去工商局办理营业执照，10月20日到税务机关办理税务登记证，开业后向财务部提供一项新技术，并享受了免税优惠，在这段法律关系中，属于税收征税主体的是（　　）。', '[\"\\u5de5\\u5546\\u673a\\u5173\",\"\\u7a0e\\u52a1\\u90e8\\u95e8\",\"\\u8be5\\u8f6f\\u4ef6\\u4f01\\u4e1a\",\"\\u8d22\\u653f\\u90e8\"]', '2', '4', '税务部门', '0', '29', '1490917332', '0', '1');
INSERT INTO `ae_radio` VALUES ('223', '根据税收征收管理法律制度的规定，下列组织和人员中，不用办理税务登记的是（　　）。', '[\"\\u67d0\\u80a1\\u4efd\\u516c\\u53f8\",\"\\u67d0\\u4f01\\u4e1a\\u5728\\u5916\\u5730\\u8bbe\\u7acb\\u7684\\u5206\\u652f\\u673a\\u6784\",\"\\u67d0\\u6587\\u5316\\u51fa\\u7248\\u793e\",\"\\u5728\\u96c6\\u8d38\\u5e02\\u573a\\u6d41\\u52a8\\u5356\\u83dc\\u7684\\u519c\\u6751\\u83dc\\u519c\"]', '2', '4', '在集贸市场流动卖菜的农村菜农', '0', '29', '1490917332', '0', '1');
INSERT INTO `ae_radio` VALUES ('224', '下列情形中，纳税人应当先向复议机关申请行政复议，对行政复议决定不服，可以再向人民法院提起行政诉讼的是（　　）。', '[\"\\u7a0e\\u6536\\u4fdd\\u5168\\u63aa\\u65bd\",\"\\u7a0e\\u6536\\u5f3a\\u5236\\u6267\\u884c\\u63aa\\u65bd\",\"\\u7a0e\\u52a1\\u673a\\u5173\\u7684\\u884c\\u653f\\u5ba1\\u6279\\u884c\\u4e3a\",\"\\u7eb3\\u7a0e\\u4eba\\u5bf9\\u7eb3\\u7a0e\\u671f\\u9650\\u6709\\u5f02\\u8bae\\u7684\"]', '2', '4', '纳税人对纳税期限有异议的', '0', '29', '1490917332', '0', '1');
INSERT INTO `ae_radio` VALUES ('225', '根据税收征收管理法律制度的规定，下列项目中不属于税务机关作出的行政处罚行为的是（　　）。', '[\"\\u7f5a\\u6b3e\",\"\\u4e0d\\u4e88\\u62b5\\u6263\\u7a0e\\u6b3e\",\"\\u6ca1\\u6536\\u8d22\\u7269\\u548c\\u8fdd\\u6cd5\\u6240\\u5f97\",\"\\u505c\\u6b62\\u51fa\\u53e3\\u9000\\u7a0e\\u6743\"]', '2', '4', '不予抵扣税款', '0', '29', '1490917332', '0', '1');
INSERT INTO `ae_radio` VALUES ('226', '下列各项中，属于税务机关最基本、最主要权利的是（　　）。', '[\"\\u7a0e\\u52a1\\u7ba1\\u7406\\u6743\",\"\\u7a0e\\u6b3e\\u5f81\\u6536\\u6743\",\"\\u7a0e\\u52a1\\u68c0\\u67e5\\u6743\",\"\\u884c\\u653f\\u5904\\u7f5a\\u6743\"]', '2', '4', '税款征收权', '0', '29', '1490917332', '0', '1');
INSERT INTO `ae_radio` VALUES ('227', '纳税人应在3月15日缴纳税款30万，逾期未缴纳，税务机关责令在3月31日前缴纳。但直到4月24日才缴纳。则滞纳金为（　　）万元。', '[\"30\\u00d70.5\\u2030\\u00d715=0.225\",\"30\\u00d70.5\\u2030\\u00d716=0.24\",\"30\\u00d70.5\\u2030\\u00d724=0.36\",\"30\\u00d70.5\\u2030\\u00d740=0.6\"]', '2', '4', '30×0.5‰×40=0.6', '0', '29', '1490917332', '0', '1');
INSERT INTO `ae_radio` VALUES ('228', '下列项目中，不属于税务机关可以行使的税务检查职权的是（　　）。', '[\"\\u5411\\u6263\\u7f34\\u4e49\\u52a1\\u4eba\\u8be2\\u95ee\\u4e0e\\u4ee3\\u6263\\u4ee3\\u7f34\\u6709\\u5173\\u7684\\u95ee\\u9898\",\"\\u5728\\u90ae\\u7535\\u5c40\\u68c0\\u67e5\\u6263\\u7f34\\u4e49\\u52a1\\u4eba\\u90ae\\u5bc4\\u7269\\u54c1\\u7684\\u5355\\u636e\\u548c\\u5f80\\u6765\\u51fd\\u7535\",\"\\u4f9d\\u6cd5\\u67e5\\u8be2\\u4ece\\u4e8b\\u751f\\u4ea7\\u3001\\u7ecf\\u8425\\u7684\\u7eb3\\u7a0e\\u4eba\\u3001\\u6263\\u7f34\\u4e49\\u52a1\\u4eba\\u7684\\u94f6\\u884c\\u5b58\\u6b3e\\u8d26\\u6237\",\"\\u5230\\u7eb3\\u7a0e\\u4eba\\u7684\\u751f\\u6d3b\\u573a\\u6240\\u68c0\\u67e5\\u7eb3\\u7a0e\\u4eba\\u5e94\\u7eb3\\u7a0e\\u7684\\u5546\\u54c1\\u3001\\u8d27\\u7269\\u6216\\u5176\\u4ed6\\u8d22\\u4ea7\"]', '2', '4', '到纳税人的生活场所检查纳税人应纳税的商品、货物或其他财产', '0', '29', '1490917332', '0', '1');
INSERT INTO `ae_radio` VALUES ('229', '根据税收征收管理法律制度的规定，纳税人不办理税务登记，由税务机关责令限期改正，逾期仍不改正的，税务机关应对其采取的措施是（　　）。', '[\"\\u63d0\\u8bf7\\u5de5\\u5546\\u884c\\u653f\\u7ba1\\u7406\\u673a\\u5173\\u540a\\u9500\\u5176\\u8425\\u4e1a\\u6267\\u7167\",\"\\u63d0\\u8bf7\\u6709\\u5173\\u673a\\u5173\\u6ce8\\u9500\\u5176\\u7ec4\\u7ec7\\u673a\\u6784\\u4ee3\\u7801\\u8bc1\\u4e66\",\"\\u5411\\u4eba\\u6c11\\u6cd5\\u9662\\u63d0\\u8d77\\u8bc9\\u8bbc\",\"\\u6ca1\\u6536\\u5176\\u7ecf\\u8425\\u6240\\u5f97\"]', '2', '4', '提请工商行政管理机关吊销其营业执照', '0', '29', '1490917332', '0', '1');
INSERT INTO `ae_radio` VALUES ('230', '根据发票管理的相关规定，下列说法正确的是（　　）。', '[\"\\u53d1\\u7968\\u7684\\u9886\\u8d2d\\u5355\\u4f4d\\u548c\\u4e2a\\u4eba\\u5728\\u672a\\u7ecf\\u8fc7\\u7a0e\\u52a1\\u673a\\u5173\\u6279\\u51c6\\u7684\\u60c5\\u51b5\\u4e0b\\u662f\\u53ef\\u4ee5\\u5c06\\u53d1\\u7968\\u643a\\u5e26\\u5230\\u7701\\u5916\\u4f7f\\u7528\\u7684\",\"\\u5df2\\u7ecf\\u5f00\\u5177\\u7684\\u53d1\\u7968\\u5b58\\u6839\\u8054\\u548c\\u53d1\\u7968\\u767b\\u8bb0\\u7c3f\\u5e94\\u5f53\\u4fdd\\u5b5810\\u5e74\\u4ee5\\u4e0a\",\"\\u4efb\\u4f55\\u5355\\u4f4d\\u548c\\u4e2a\\u4eba\\u4e0d\\u5f97\\u8f6c\\u501f\\u3001\\u8f6c\\u8ba9\\u3001\\u4ee3\\u5f00\\u53d1\\u7968\",\"\\u4efb\\u4f55\\u5355\\u4f4d\\u548c\\u4e2a\\u4eba\\u5747\\u53ef\\u4ee5\\u62c6\\u672c\\u4f7f\\u7528\\u53d1\\u7968\"]', '2', '4', '任何单位和个人不得转借、转让、代开发票', '0', '29', '1490917332', '0', '1');

-- ----------------------------
-- Table structure for ae_set
-- ----------------------------
DROP TABLE IF EXISTS `ae_set`;
CREATE TABLE `ae_set` (
  `id` int(20) NOT NULL AUTO_INCREMENT,
  `site_name` varchar(255) CHARACTER SET utf8 DEFAULT NULL COMMENT '网站名称',
  `logo` varchar(255) COLLATE utf8_bin DEFAULT NULL COMMENT '商品模块',
  `keywords` varchar(255) COLLATE utf8_bin DEFAULT NULL COMMENT 'banner图片',
  `description` varchar(255) COLLATE utf8_bin DEFAULT NULL COMMENT '网站前台LOGO',
  `phone` varchar(255) COLLATE utf8_bin DEFAULT NULL COMMENT '管理平台LOGO',
  `address` varchar(255) COLLATE utf8_bin DEFAULT NULL COMMENT '微信二维码',
  `email` varchar(255) COLLATE utf8_bin DEFAULT NULL COMMENT '微博二维码',
  `desc` varchar(255) COLLATE utf8_bin DEFAULT NULL COMMENT '网站名称',
  `site_ICP_desc` varchar(255) COLLATE utf8_bin DEFAULT NULL COMMENT 'ICP备案信息',
  PRIMARY KEY (`id`)
) ENGINE=InnoDB AUTO_INCREMENT=2 DEFAULT CHARSET=utf8 COLLATE=utf8_bin;

-- ----------------------------
-- Records of ae_set
-- ----------------------------
INSERT INTO `ae_set` VALUES ('1', '会计网校', 'http://kuaiji.rscne.com/Public/upload/images/set/2017-02-19/58a97b3eea2f0.jpg', '哈哈哈', '哈哈哈', '112345678998', '北京东城区', '765682204@qq.com', '一元投币摇一摇', '© 2013. All Rights Reserved. HTML5 & CSS3. More Templates 津备ICP：0001001-10 - Collect from 志恒会计');

-- ----------------------------
-- Table structure for ae_shop_banner
-- ----------------------------
DROP TABLE IF EXISTS `ae_shop_banner`;
CREATE TABLE `ae_shop_banner` (
  `banner_id` int(10) unsigned NOT NULL AUTO_INCREMENT,
  `banner_title` varchar(100) NOT NULL COMMENT 'banner 标题',
  `banner_pic` varchar(1000) NOT NULL COMMENT 'banner图片地址',
  `banner_type` tinyint(2) unsigned NOT NULL DEFAULT '0' COMMENT '类型 1banner 2焦点图',
  `create_time` int(11) unsigned NOT NULL DEFAULT '0' COMMENT '创建时间',
  `is_del` tinyint(1) unsigned NOT NULL DEFAULT '1' COMMENT '是否删除0是 1否',
  `banner_url` varchar(5000) DEFAULT NULL COMMENT '超链接地址',
  `banner_attr_id` smallint(6) unsigned NOT NULL DEFAULT '0' COMMENT '页面属性 1首页 2一级子页面',
  PRIMARY KEY (`banner_id`)
) ENGINE=InnoDB AUTO_INCREMENT=18 DEFAULT CHARSET=utf8 COMMENT='商城--banner表';

-- ----------------------------
-- Records of ae_shop_banner
-- ----------------------------
INSERT INTO `ae_shop_banner` VALUES ('16', 'banner图1', 'http://kuaiji.rscne.com/Public/upload/images/goods/2017-03-21/58d0f2df67de1.jpg', '1', '1487321704', '0', 'http://www.sina.com', '1');
INSERT INTO `ae_shop_banner` VALUES ('17', 'banner图2', 'http://kuaiji.rscne.com/Public/upload/images/goods/2017-03-21/58d0f2f92259e.jpg', '1', '1487321730', '0', 'http://cs.xiongdada.com.cn', '1');

-- ----------------------------
-- Table structure for ae_subject
-- ----------------------------
DROP TABLE IF EXISTS `ae_subject`;
CREATE TABLE `ae_subject` (
  `subject_id` int(10) unsigned NOT NULL AUTO_INCREMENT,
  `exam_cat_id` int(10) unsigned NOT NULL DEFAULT '0' COMMENT '考试类(顶级)id',
  `acc_cat_id` int(10) unsigned NOT NULL DEFAULT '0' COMMENT '考试科目类id',
  `subject_name` varchar(200) NOT NULL COMMENT '章节名称',
  `create_time` int(11) NOT NULL,
  `is_del` tinyint(1) NOT NULL DEFAULT '0' COMMENT '是否删除 0否 1是',
  PRIMARY KEY (`subject_id`)
) ENGINE=InnoDB AUTO_INCREMENT=47 DEFAULT CHARSET=utf8 COMMENT='会计--考试章节-列表';

-- ----------------------------
-- Records of ae_subject
-- ----------------------------
INSERT INTO `ae_subject` VALUES ('1', '1', '2', '第一章 会计电算化概述', '1487580443', '0');
INSERT INTO `ae_subject` VALUES ('2', '1', '2', '第二章 会计软件的运行环境', '1487581327', '0');
INSERT INTO `ae_subject` VALUES ('3', '1', '1', '全国计算机等', '1487124934', '1');
INSERT INTO `ae_subject` VALUES ('4', '1', '2', '第三章 会计软件的应用', '1487580576', '0');
INSERT INTO `ae_subject` VALUES ('6', '6', '23', '第一章 增值税', '1487580815', '1');
INSERT INTO `ae_subject` VALUES ('7', '1', '2', 'ffhhf', '1486722840', '1');
INSERT INTO `ae_subject` VALUES ('8', '0', '2', '', '1487070356', '1');
INSERT INTO `ae_subject` VALUES ('9', '1', '3', '第一章 会计法律制度', '1487580007', '1');
INSERT INTO `ae_subject` VALUES ('10', '1', '2', '第一章节', '1487153881', '1');
INSERT INTO `ae_subject` VALUES ('11', '1', '2', '第四章 电子表格在会计中的应用', '1487580649', '0');
INSERT INTO `ae_subject` VALUES ('12', '1', '2', '全国会计考试9', '1487215099', '1');
INSERT INTO `ae_subject` VALUES ('13', '2', '5', '第一章  资产', '1487578898', '0');
INSERT INTO `ae_subject` VALUES ('14', '2', '5', '第二章 负债', '1487578789', '0');
INSERT INTO `ae_subject` VALUES ('15', '2', '5', '第三章 所有者权益', '1487578667', '0');
INSERT INTO `ae_subject` VALUES ('16', '2', '5', '第四章 收入', '1487578695', '0');
INSERT INTO `ae_subject` VALUES ('17', '2', '5', '第五章 费用', '1487578720', '0');
INSERT INTO `ae_subject` VALUES ('18', '2', '5', '第六章 利润', '1487578741', '0');
INSERT INTO `ae_subject` VALUES ('19', '2', '5', '第七章 财务报告', '1487578769', '0');
INSERT INTO `ae_subject` VALUES ('20', '2', '5', '第八章 产品成本核算', '1487578842', '0');
INSERT INTO `ae_subject` VALUES ('21', '2', '5', '第九章 产品成本计算与分析', '1487578880', '0');
INSERT INTO `ae_subject` VALUES ('22', '2', '5', '第十章  事业单位会计基础', '1487578955', '0');
INSERT INTO `ae_subject` VALUES ('23', '2', '4', '第一章 总论', '1487579103', '0');
INSERT INTO `ae_subject` VALUES ('24', '2', '4', '第二章 劳动合同与社会保险法律制度', '1487579151', '0');
INSERT INTO `ae_subject` VALUES ('25', '2', '4', '第三章 支付结算法律制度', '1487579191', '0');
INSERT INTO `ae_subject` VALUES ('26', '2', '4', '第四章 增值税、消费税法律制度', '1487579236', '0');
INSERT INTO `ae_subject` VALUES ('27', '2', '4', '第五章 企业所得税、个人所得税法律制度', '1487579278', '0');
INSERT INTO `ae_subject` VALUES ('28', '2', '4', '第六章 其他税收法律制度', '1487579387', '0');
INSERT INTO `ae_subject` VALUES ('29', '2', '4', '第七章 税收管理法律制度', '1491194699', '0');
INSERT INTO `ae_subject` VALUES ('30', '1', '32', '第一章 总论', '1487579559', '0');
INSERT INTO `ae_subject` VALUES ('31', '1', '32', '第二章 会计要素与会计等式', '1487579591', '0');
INSERT INTO `ae_subject` VALUES ('32', '1', '32', '第三章 会计科目与账户', '1487579615', '0');
INSERT INTO `ae_subject` VALUES ('33', '1', '32', '第四章 会计记账方法', '1487579641', '0');
INSERT INTO `ae_subject` VALUES ('34', '1', '32', '第五章 借贷记账法下主要业务的账务处理', '1487579706', '0');
INSERT INTO `ae_subject` VALUES ('35', '1', '32', '第六章 会计凭证', '1487579737', '0');
INSERT INTO `ae_subject` VALUES ('36', '1', '32', '第七章 会计账簿', '1487579760', '0');
INSERT INTO `ae_subject` VALUES ('37', '1', '32', '第八章 账务处理程序', '1487579810', '0');
INSERT INTO `ae_subject` VALUES ('38', '1', '32', '第九章 财产清查', '1487579854', '0');
INSERT INTO `ae_subject` VALUES ('39', '1', '32', '第十章 财务报表', '1487579882', '0');
INSERT INTO `ae_subject` VALUES ('40', '1', '3', '第一章 会计法律制度', '1487579956', '1');
INSERT INTO `ae_subject` VALUES ('41', '1', '32', '第二章 结算法律制度', '1487580111', '1');
INSERT INTO `ae_subject` VALUES ('42', '1', '3', '第一章 会计法律制度', '1487581154', '0');
INSERT INTO `ae_subject` VALUES ('43', '1', '3', '第二章 结算法律制度', '1487581109', '0');
INSERT INTO `ae_subject` VALUES ('44', '1', '3', '第三章 税收法律制度', '1487581178', '0');
INSERT INTO `ae_subject` VALUES ('45', '1', '3', '第四章 财政法律制度', '1487580994', '0');
INSERT INTO `ae_subject` VALUES ('46', '1', '3', '第五章 会计职业道德', '1487580964', '0');
